<?xml version='1.0' encoding='utf-8'?>
<gpx version="1.1" creator="Offroad Editor" xmlns="http://www.topografix.com/GPX/1/1"><wpt lat="45.057178" lon="9.446740"><name>1</name></wpt><wpt lat="45.057144" lon="9.446726"><name>2</name></wpt><wpt lat="45.058771" lon="9.439417"><name>3</name></wpt><wpt lat="45.057860" lon="9.439122"><name>4</name></wpt><wpt lat="45.057090" lon="9.439020"><name>5</name></wpt><wpt lat="45.057156" lon="9.437293"><name>6</name></wpt><wpt lat="45.052898" lon="9.435996"><name>7</name></wpt><wpt lat="44.985610" lon="9.394540"><name>8</name></wpt><wpt lat="44.971627" lon="9.370475"><name>9</name></wpt><wpt lat="44.972087" lon="9.373742"><name>10</name></wpt><wpt lat="44.948930" lon="9.392790"><name>11</name></wpt><wpt lat="44.909066" lon="9.333055"><name>12</name></wpt><wpt lat="44.905927" lon="9.331096"><name>13</name></wpt><wpt lat="44.795365" lon="9.369691"><name>14</name></wpt><wpt lat="44.804380" lon="9.342150"><name>15</name></wpt><wpt lat="44.804240" lon="9.341320"><name>16</name></wpt><wpt lat="44.903340" lon="9.286090"><name>17</name></wpt><wpt lat="44.951810" lon="9.404185"><name>18</name></wpt><wpt lat="44.949626" lon="9.405740"><name>19</name></wpt><wpt lat="44.946284" lon="9.406898"><name>20</name></wpt><wpt lat="44.919579" lon="9.453239"><name>21</name></wpt><wpt lat="44.911939" lon="9.480734"><name>22</name></wpt><wpt lat="44.944472" lon="9.515693"><name>23</name></wpt><wpt lat="44.966048" lon="9.437707"><name>24</name></wpt><wpt lat="44.967370" lon="9.437940"><name>25</name></wpt><wpt lat="44.967970" lon="9.413120"><name>26</name></wpt><wpt lat="44.977476" lon="9.408912"><name>27</name></wpt><wpt lat="44.977320" lon="9.408666"><name>28</name></wpt><trk><name>traccia</name><trkseg><trkpt lat="45.057178" lon="9.446740" /><trkpt lat="45.057144" lon="9.446726" /><trkpt lat="45.057120" lon="9.446491" /><trkpt lat="45.057170" lon="9.445720" /><trkpt lat="45.057310" lon="9.444100" /><trkpt lat="45.057350" lon="9.443770" /><trkpt lat="45.057460" lon="9.443270" /><trkpt lat="45.057530" lon="9.443000" /><trkpt lat="45.057630" lon="9.442600" /><trkpt lat="45.057670" lon="9.442440" /><trkpt lat="45.057840" lon="9.441850" /><trkpt lat="45.057960" lon="9.441520" /><trkpt lat="45.058190" lon="9.440970" /><trkpt lat="45.058350" lon="9.440640" /><trkpt lat="45.058610" lon="9.440030" /><trkpt lat="45.058640" lon="9.439930" /><trkpt lat="45.058690" lon="9.439750" /><trkpt lat="45.058710" lon="9.439670" /><trkpt lat="45.058720" lon="9.439570" /><trkpt lat="45.058742" lon="9.439509" /><trkpt lat="45.058771" lon="9.439417" /><trkpt lat="45.058744" lon="9.439406" /><trkpt lat="45.058779" lon="9.439378" /><trkpt lat="45.058780" lon="9.439350" /><trkpt lat="45.058790" lon="9.439330" /><trkpt lat="45.058820" lon="9.439310" /><trkpt lat="45.058830" lon="9.439280" /><trkpt lat="45.058840" lon="9.439250" /><trkpt lat="45.058850" lon="9.439230" /><trkpt lat="45.058850" lon="9.439180" /><trkpt lat="45.058840" lon="9.439160" /><trkpt lat="45.058820" lon="9.439100" /><trkpt lat="45.058800" lon="9.439070" /><trkpt lat="45.058770" lon="9.439050" /><trkpt lat="45.058750" lon="9.439040" /><trkpt lat="45.058730" lon="9.439040" /><trkpt lat="45.058720" lon="9.439040" /><trkpt lat="45.058700" lon="9.439040" /><trkpt lat="45.058680" lon="9.439060" /><trkpt lat="45.058660" lon="9.439070" /><trkpt lat="45.058640" lon="9.439090" /><trkpt lat="45.058630" lon="9.439120" /><trkpt lat="45.058460" lon="9.439110" /><trkpt lat="45.058280" lon="9.439100" /><trkpt lat="45.057860" lon="9.439122" /><trkpt lat="45.057800" lon="9.439090" /><trkpt lat="45.057800" lon="9.439070" /><trkpt lat="45.057790" lon="9.439060" /><trkpt lat="45.057760" lon="9.439030" /><trkpt lat="45.057750" lon="9.439020" /><trkpt lat="45.057730" lon="9.439020" /><trkpt lat="45.057700" lon="9.439020" /><trkpt lat="45.057680" lon="9.439020" /><trkpt lat="45.057660" lon="9.439020" /><trkpt lat="45.057650" lon="9.439040" /><trkpt lat="45.057630" lon="9.439050" /><trkpt lat="45.057570" lon="9.439050" /><trkpt lat="45.057380" lon="9.439060" /><trkpt lat="45.057260" lon="9.439050" /><trkpt lat="45.057240" lon="9.439050" /><trkpt lat="45.057090" lon="9.439020" /><trkpt lat="45.057090" lon="9.438990" /><trkpt lat="45.057090" lon="9.438970" /><trkpt lat="45.057080" lon="9.438950" /><trkpt lat="45.057070" lon="9.438930" /><trkpt lat="45.057040" lon="9.438920" /><trkpt lat="45.057060" lon="9.438610" /><trkpt lat="45.057092" lon="9.438239" /><trkpt lat="45.057126" lon="9.437724" /><trkpt lat="45.057140" lon="9.437418" /><trkpt lat="45.057156" lon="9.437293" /><trkpt lat="45.057140" lon="9.437284" /><trkpt lat="45.057165" lon="9.437165" /><trkpt lat="45.057130" lon="9.437062" /><trkpt lat="45.057013" lon="9.437062" /><trkpt lat="45.056862" lon="9.437023" /><trkpt lat="45.056628" lon="9.436891" /><trkpt lat="45.056241" lon="9.436657" /><trkpt lat="45.055901" lon="9.436434" /><trkpt lat="45.055540" lon="9.436210" /><trkpt lat="45.055140" lon="9.435980" /><trkpt lat="45.055090" lon="9.435950" /><trkpt lat="45.054810" lon="9.435860" /><trkpt lat="45.054540" lon="9.435820" /><trkpt lat="45.054320" lon="9.435830" /><trkpt lat="45.054240" lon="9.435840" /><trkpt lat="45.053960" lon="9.435860" /><trkpt lat="45.053630" lon="9.435910" /><trkpt lat="45.053490" lon="9.435940" /><trkpt lat="45.053430" lon="9.435940" /><trkpt lat="45.053310" lon="9.435960" /><trkpt lat="45.052980" lon="9.436010" /><trkpt lat="45.052898" lon="9.435996" /><trkpt lat="45.052877" lon="9.435968" /><trkpt lat="45.052850" lon="9.435980" /><trkpt lat="45.052840" lon="9.435960" /><trkpt lat="45.052830" lon="9.435950" /><trkpt lat="45.052810" lon="9.435940" /><trkpt lat="45.052790" lon="9.435930" /><trkpt lat="45.052760" lon="9.435930" /><trkpt lat="45.052735" lon="9.435929" /><trkpt lat="45.052717" lon="9.435922" /><trkpt lat="45.052548" lon="9.435747" /><trkpt lat="45.052388" lon="9.435545" /><trkpt lat="45.052206" lon="9.435248" /><trkpt lat="45.051982" lon="9.434821" /><trkpt lat="45.051684" lon="9.434301" /><trkpt lat="45.051468" lon="9.433934" /><trkpt lat="45.051328" lon="9.433766" /><trkpt lat="45.051158" lon="9.433599" /><trkpt lat="45.050990" lon="9.433460" /><trkpt lat="45.050740" lon="9.433320" /><trkpt lat="45.050580" lon="9.433250" /><trkpt lat="45.050330" lon="9.433150" /><trkpt lat="45.050070" lon="9.433060" /><trkpt lat="45.049950" lon="9.433000" /><trkpt lat="45.049340" lon="9.432760" /><trkpt lat="45.049040" lon="9.432610" /><trkpt lat="45.048780" lon="9.432440" /><trkpt lat="45.048550" lon="9.432250" /><trkpt lat="45.048180" lon="9.431900" /><trkpt lat="45.048090" lon="9.431800" /><trkpt lat="45.048000" lon="9.431630" /><trkpt lat="45.047530" lon="9.430700" /><trkpt lat="45.047430" lon="9.430560" /><trkpt lat="45.047280" lon="9.430390" /><trkpt lat="45.046830" lon="9.429970" /><trkpt lat="45.045970" lon="9.429260" /><trkpt lat="45.045610" lon="9.429030" /><trkpt lat="45.045240" lon="9.428830" /><trkpt lat="45.045090" lon="9.428760" /><trkpt lat="45.044990" lon="9.428720" /><trkpt lat="45.044150" lon="9.428500" /><trkpt lat="45.043950" lon="9.428460" /><trkpt lat="45.043820" lon="9.428430" /><trkpt lat="45.042490" lon="9.428150" /><trkpt lat="45.041490" lon="9.427930" /><trkpt lat="45.041340" lon="9.427880" /><trkpt lat="45.040760" lon="9.427680" /><trkpt lat="45.040140" lon="9.427380" /><trkpt lat="45.039760" lon="9.427170" /><trkpt lat="45.039490" lon="9.426940" /><trkpt lat="45.039120" lon="9.426540" /><trkpt lat="45.038840" lon="9.426270" /><trkpt lat="45.038800" lon="9.426220" /><trkpt lat="45.038640" lon="9.426070" /><trkpt lat="45.037870" lon="9.425400" /><trkpt lat="45.037110" lon="9.424720" /><trkpt lat="45.036600" lon="9.424430" /><trkpt lat="45.036420" lon="9.424330" /><trkpt lat="45.036020" lon="9.424050" /><trkpt lat="45.034840" lon="9.423110" /><trkpt lat="45.034740" lon="9.423050" /><trkpt lat="45.033680" lon="9.422540" /><trkpt lat="45.033330" lon="9.422370" /><trkpt lat="45.032380" lon="9.421760" /><trkpt lat="45.031600" lon="9.421250" /><trkpt lat="45.031380" lon="9.421100" /><trkpt lat="45.031270" lon="9.421020" /><trkpt lat="45.030950" lon="9.420740" /><trkpt lat="45.030810" lon="9.420570" /><trkpt lat="45.030550" lon="9.420190" /><trkpt lat="45.030150" lon="9.419520" /><trkpt lat="45.029740" lon="9.418830" /><trkpt lat="45.029450" lon="9.418440" /><trkpt lat="45.029070" lon="9.418040" /><trkpt lat="45.028800" lon="9.417800" /><trkpt lat="45.028610" lon="9.417680" /><trkpt lat="45.028470" lon="9.417620" /><trkpt lat="45.028170" lon="9.417500" /><trkpt lat="45.027850" lon="9.417310" /><trkpt lat="45.026820" lon="9.416800" /><trkpt lat="45.026670" lon="9.416730" /><trkpt lat="45.026400" lon="9.416660" /><trkpt lat="45.026070" lon="9.416590" /><trkpt lat="45.025470" lon="9.416550" /><trkpt lat="45.025100" lon="9.416490" /><trkpt lat="45.023780" lon="9.416250" /><trkpt lat="45.023250" lon="9.416180" /><trkpt lat="45.023030" lon="9.416160" /><trkpt lat="45.022460" lon="9.416220" /><trkpt lat="45.021970" lon="9.416220" /><trkpt lat="45.021910" lon="9.416220" /><trkpt lat="45.021030" lon="9.416160" /><trkpt lat="45.020720" lon="9.416100" /><trkpt lat="45.019830" lon="9.415860" /><trkpt lat="45.019650" lon="9.415800" /><trkpt lat="45.019540" lon="9.415780" /><trkpt lat="45.019040" lon="9.415690" /><trkpt lat="45.018860" lon="9.415650" /><trkpt lat="45.018580" lon="9.415590" /><trkpt lat="45.018500" lon="9.415590" /><trkpt lat="45.018370" lon="9.415580" /><trkpt lat="45.018240" lon="9.415550" /><trkpt lat="45.018140" lon="9.415520" /><trkpt lat="45.018000" lon="9.415500" /><trkpt lat="45.016940" lon="9.415310" /><trkpt lat="45.016770" lon="9.415280" /><trkpt lat="45.016570" lon="9.415250" /><trkpt lat="45.016270" lon="9.415170" /><trkpt lat="45.016070" lon="9.415100" /><trkpt lat="45.014890" lon="9.414600" /><trkpt lat="45.014620" lon="9.414480" /><trkpt lat="45.014560" lon="9.414460" /><trkpt lat="45.013880" lon="9.414170" /><trkpt lat="45.013070" lon="9.413820" /><trkpt lat="45.012310" lon="9.413500" /><trkpt lat="45.012200" lon="9.413470" /><trkpt lat="45.012130" lon="9.413460" /><trkpt lat="45.012060" lon="9.413470" /><trkpt lat="45.011990" lon="9.413500" /><trkpt lat="45.011940" lon="9.413530" /><trkpt lat="45.011260" lon="9.414220" /><trkpt lat="45.011080" lon="9.414370" /><trkpt lat="45.010940" lon="9.414450" /><trkpt lat="45.009840" lon="9.414730" /><trkpt lat="45.009820" lon="9.414730" /><trkpt lat="45.009670" lon="9.414730" /><trkpt lat="45.009530" lon="9.414720" /><trkpt lat="45.008300" lon="9.414430" /><trkpt lat="45.008240" lon="9.414420" /><trkpt lat="45.005760" lon="9.414350" /><trkpt lat="45.005660" lon="9.414340" /><trkpt lat="45.004690" lon="9.414360" /><trkpt lat="45.004460" lon="9.414330" /><trkpt lat="45.003940" lon="9.414190" /><trkpt lat="45.002770" lon="9.413810" /><trkpt lat="45.002270" lon="9.413660" /><trkpt lat="45.001970" lon="9.413530" /><trkpt lat="45.001060" lon="9.413150" /><trkpt lat="45.000650" lon="9.412990" /><trkpt lat="45.000530" lon="9.412930" /><trkpt lat="45.000340" lon="9.412840" /><trkpt lat="45.000000" lon="9.412680" /><trkpt lat="44.999730" lon="9.412560" /><trkpt lat="44.999590" lon="9.412500" /><trkpt lat="44.999060" lon="9.412250" /><trkpt lat="44.998840" lon="9.412160" /><trkpt lat="44.998610" lon="9.412080" /><trkpt lat="44.998570" lon="9.412060" /><trkpt lat="44.998510" lon="9.412060" /><trkpt lat="44.997940" lon="9.412080" /><trkpt lat="44.997820" lon="9.412120" /><trkpt lat="44.997670" lon="9.412230" /><trkpt lat="44.997470" lon="9.412780" /><trkpt lat="44.997360" lon="9.413080" /><trkpt lat="44.997320" lon="9.413150" /><trkpt lat="44.997230" lon="9.413260" /><trkpt lat="44.997150" lon="9.413320" /><trkpt lat="44.997020" lon="9.413350" /><trkpt lat="44.996880" lon="9.413340" /><trkpt lat="44.996750" lon="9.413300" /><trkpt lat="44.996640" lon="9.413230" /><trkpt lat="44.996550" lon="9.413140" /><trkpt lat="44.996440" lon="9.413000" /><trkpt lat="44.996090" lon="9.412320" /><trkpt lat="44.995910" lon="9.412090" /><trkpt lat="44.995790" lon="9.411990" /><trkpt lat="44.995630" lon="9.411900" /><trkpt lat="44.995510" lon="9.411810" /><trkpt lat="44.995250" lon="9.411530" /><trkpt lat="44.995140" lon="9.411380" /><trkpt lat="44.995070" lon="9.411260" /><trkpt lat="44.995000" lon="9.411090" /><trkpt lat="44.994910" lon="9.410750" /><trkpt lat="44.994880" lon="9.410490" /><trkpt lat="44.994850" lon="9.409780" /><trkpt lat="44.994830" lon="9.409580" /><trkpt lat="44.994800" lon="9.409450" /><trkpt lat="44.994730" lon="9.409250" /><trkpt lat="44.994650" lon="9.409070" /><trkpt lat="44.993470" lon="9.406940" /><trkpt lat="44.993220" lon="9.406560" /><trkpt lat="44.992800" lon="9.406120" /><trkpt lat="44.992680" lon="9.405970" /><trkpt lat="44.991450" lon="9.404420" /><trkpt lat="44.991360" lon="9.404300" /><trkpt lat="44.991360" lon="9.404300" /><trkpt lat="44.991300" lon="9.404180" /><trkpt lat="44.991040" lon="9.403580" /><trkpt lat="44.990970" lon="9.403410" /><trkpt lat="44.990550" lon="9.402630" /><trkpt lat="44.990480" lon="9.402430" /><trkpt lat="44.990320" lon="9.401860" /><trkpt lat="44.990250" lon="9.401700" /><trkpt lat="44.989970" lon="9.401150" /><trkpt lat="44.989770" lon="9.400760" /><trkpt lat="44.989680" lon="9.400650" /><trkpt lat="44.988820" lon="9.399900" /><trkpt lat="44.988660" lon="9.399690" /><trkpt lat="44.988470" lon="9.399370" /><trkpt lat="44.988310" lon="9.399010" /><trkpt lat="44.988100" lon="9.398390" /><trkpt lat="44.987940" lon="9.397840" /><trkpt lat="44.987880" lon="9.397660" /><trkpt lat="44.987850" lon="9.397440" /><trkpt lat="44.987840" lon="9.397240" /><trkpt lat="44.987840" lon="9.396890" /><trkpt lat="44.987890" lon="9.396250" /><trkpt lat="44.987880" lon="9.396000" /><trkpt lat="44.987840" lon="9.395770" /><trkpt lat="44.987780" lon="9.395600" /><trkpt lat="44.987700" lon="9.395450" /><trkpt lat="44.987590" lon="9.395310" /><trkpt lat="44.987470" lon="9.395230" /><trkpt lat="44.987310" lon="9.395160" /><trkpt lat="44.987090" lon="9.395100" /><trkpt lat="44.986580" lon="9.395020" /><trkpt lat="44.986500" lon="9.395000" /><trkpt lat="44.986420" lon="9.394980" /><trkpt lat="44.985920" lon="9.394710" /><trkpt lat="44.985720" lon="9.394600" /><trkpt lat="44.985720" lon="9.394600" /><trkpt lat="44.985610" lon="9.394540" /><trkpt lat="44.985800" lon="9.394220" /><trkpt lat="44.985900" lon="9.394010" /><trkpt lat="44.985920" lon="9.393910" /><trkpt lat="44.985940" lon="9.393730" /><trkpt lat="44.985960" lon="9.393350" /><trkpt lat="44.985970" lon="9.392950" /><trkpt lat="44.985960" lon="9.392870" /><trkpt lat="44.985940" lon="9.392800" /><trkpt lat="44.985740" lon="9.392310" /><trkpt lat="44.985680" lon="9.392070" /><trkpt lat="44.985510" lon="9.391560" /><trkpt lat="44.985480" lon="9.391440" /><trkpt lat="44.985470" lon="9.391310" /><trkpt lat="44.985460" lon="9.391080" /><trkpt lat="44.985470" lon="9.390480" /><trkpt lat="44.985450" lon="9.390360" /><trkpt lat="44.985300" lon="9.389660" /><trkpt lat="44.985250" lon="9.389350" /><trkpt lat="44.985210" lon="9.389050" /><trkpt lat="44.985160" lon="9.388840" /><trkpt lat="44.985140" lon="9.388750" /><trkpt lat="44.985090" lon="9.388680" /><trkpt lat="44.984860" lon="9.388380" /><trkpt lat="44.984560" lon="9.387840" /><trkpt lat="44.984520" lon="9.387690" /><trkpt lat="44.984440" lon="9.387330" /><trkpt lat="44.984350" lon="9.386710" /><trkpt lat="44.984310" lon="9.386590" /><trkpt lat="44.984200" lon="9.386360" /><trkpt lat="44.984090" lon="9.386020" /><trkpt lat="44.983970" lon="9.385520" /><trkpt lat="44.983850" lon="9.385110" /><trkpt lat="44.983790" lon="9.384960" /><trkpt lat="44.983780" lon="9.384870" /><trkpt lat="44.983750" lon="9.384780" /><trkpt lat="44.983670" lon="9.384660" /><trkpt lat="44.983570" lon="9.384550" /><trkpt lat="44.983410" lon="9.384440" /><trkpt lat="44.983320" lon="9.384370" /><trkpt lat="44.983280" lon="9.384290" /><trkpt lat="44.983250" lon="9.384240" /><trkpt lat="44.983230" lon="9.384170" /><trkpt lat="44.983240" lon="9.383930" /><trkpt lat="44.983390" lon="9.383320" /><trkpt lat="44.983410" lon="9.383150" /><trkpt lat="44.983410" lon="9.382990" /><trkpt lat="44.983390" lon="9.382860" /><trkpt lat="44.983330" lon="9.382590" /><trkpt lat="44.983210" lon="9.382320" /><trkpt lat="44.982990" lon="9.381810" /><trkpt lat="44.982600" lon="9.381140" /><trkpt lat="44.982350" lon="9.380780" /><trkpt lat="44.981460" lon="9.379690" /><trkpt lat="44.980990" lon="9.379160" /><trkpt lat="44.980590" lon="9.378670" /><trkpt lat="44.980220" lon="9.378150" /><trkpt lat="44.979930" lon="9.377710" /><trkpt lat="44.979570" lon="9.376940" /><trkpt lat="44.978900" lon="9.375750" /><trkpt lat="44.978770" lon="9.375550" /><trkpt lat="44.978550" lon="9.375300" /><trkpt lat="44.978040" lon="9.374940" /><trkpt lat="44.978030" lon="9.374930" /><trkpt lat="44.977390" lon="9.374230" /><trkpt lat="44.977080" lon="9.373960" /><trkpt lat="44.976780" lon="9.373770" /><trkpt lat="44.976550" lon="9.373700" /><trkpt lat="44.976390" lon="9.373690" /><trkpt lat="44.976220" lon="9.373780" /><trkpt lat="44.975660" lon="9.373310" /><trkpt lat="44.975510" lon="9.373210" /><trkpt lat="44.975300" lon="9.373310" /><trkpt lat="44.975170" lon="9.373340" /><trkpt lat="44.975080" lon="9.373320" /><trkpt lat="44.974990" lon="9.373250" /><trkpt lat="44.974910" lon="9.373160" /><trkpt lat="44.974670" lon="9.372740" /><trkpt lat="44.974600" lon="9.372640" /><trkpt lat="44.974250" lon="9.372280" /><trkpt lat="44.973970" lon="9.372030" /><trkpt lat="44.973820" lon="9.371860" /><trkpt lat="44.973740" lon="9.371740" /><trkpt lat="44.973450" lon="9.371130" /><trkpt lat="44.973170" lon="9.370660" /><trkpt lat="44.972800" lon="9.370090" /><trkpt lat="44.972660" lon="9.369930" /><trkpt lat="44.972460" lon="9.369940" /><trkpt lat="44.972360" lon="9.369990" /><trkpt lat="44.972050" lon="9.370190" /><trkpt lat="44.971790" lon="9.370360" /><trkpt lat="44.971760" lon="9.370380" /><trkpt lat="44.971627" lon="9.370475" /><trkpt lat="44.971720" lon="9.370820" /><trkpt lat="44.971760" lon="9.370970" /><trkpt lat="44.971820" lon="9.371300" /><trkpt lat="44.971870" lon="9.371620" /><trkpt lat="44.971970" lon="9.372530" /><trkpt lat="44.972060" lon="9.373350" /><trkpt lat="44.972087" lon="9.373742" /><trkpt lat="44.971991" lon="9.373815" /><trkpt lat="44.971928" lon="9.373878" /><trkpt lat="44.971884" lon="9.373923" /><trkpt lat="44.971830" lon="9.374000" /><trkpt lat="44.971690" lon="9.374500" /><trkpt lat="44.971360" lon="9.375660" /><trkpt lat="44.971320" lon="9.375770" /><trkpt lat="44.971270" lon="9.375820" /><trkpt lat="44.971230" lon="9.375860" /><trkpt lat="44.971160" lon="9.375870" /><trkpt lat="44.971100" lon="9.375870" /><trkpt lat="44.971010" lon="9.375830" /><trkpt lat="44.970910" lon="9.375750" /><trkpt lat="44.970870" lon="9.375690" /><trkpt lat="44.970840" lon="9.375630" /><trkpt lat="44.970810" lon="9.375550" /><trkpt lat="44.970770" lon="9.375140" /><trkpt lat="44.970770" lon="9.374910" /><trkpt lat="44.970730" lon="9.374650" /><trkpt lat="44.970630" lon="9.373600" /><trkpt lat="44.970600" lon="9.373450" /><trkpt lat="44.970580" lon="9.373400" /><trkpt lat="44.970570" lon="9.373350" /><trkpt lat="44.970470" lon="9.373120" /><trkpt lat="44.970350" lon="9.372910" /><trkpt lat="44.969950" lon="9.372150" /><trkpt lat="44.969870" lon="9.372090" /><trkpt lat="44.969780" lon="9.372070" /><trkpt lat="44.969700" lon="9.372060" /><trkpt lat="44.969610" lon="9.372080" /><trkpt lat="44.969510" lon="9.372170" /><trkpt lat="44.969390" lon="9.372340" /><trkpt lat="44.968620" lon="9.373540" /><trkpt lat="44.968590" lon="9.373590" /><trkpt lat="44.968420" lon="9.373930" /><trkpt lat="44.968380" lon="9.374050" /><trkpt lat="44.968370" lon="9.374180" /><trkpt lat="44.968350" lon="9.374730" /><trkpt lat="44.968320" lon="9.374930" /><trkpt lat="44.968220" lon="9.375280" /><trkpt lat="44.967890" lon="9.376030" /><trkpt lat="44.967470" lon="9.376930" /><trkpt lat="44.967380" lon="9.377080" /><trkpt lat="44.967310" lon="9.377150" /><trkpt lat="44.967200" lon="9.377230" /><trkpt lat="44.964880" lon="9.378900" /><trkpt lat="44.964700" lon="9.379150" /><trkpt lat="44.964590" lon="9.379280" /><trkpt lat="44.964470" lon="9.379380" /><trkpt lat="44.964370" lon="9.379440" /><trkpt lat="44.964150" lon="9.379520" /><trkpt lat="44.963950" lon="9.379570" /><trkpt lat="44.963690" lon="9.379680" /><trkpt lat="44.963510" lon="9.379790" /><trkpt lat="44.962930" lon="9.380150" /><trkpt lat="44.962890" lon="9.380170" /><trkpt lat="44.962840" lon="9.380180" /><trkpt lat="44.962780" lon="9.380160" /><trkpt lat="44.962740" lon="9.380130" /><trkpt lat="44.962710" lon="9.380090" /><trkpt lat="44.962690" lon="9.380030" /><trkpt lat="44.962680" lon="9.379290" /><trkpt lat="44.962680" lon="9.378870" /><trkpt lat="44.962690" lon="9.378780" /><trkpt lat="44.962710" lon="9.378700" /><trkpt lat="44.963100" lon="9.378110" /><trkpt lat="44.963140" lon="9.378010" /><trkpt lat="44.963160" lon="9.377920" /><trkpt lat="44.963170" lon="9.377810" /><trkpt lat="44.963180" lon="9.377690" /><trkpt lat="44.963170" lon="9.377600" /><trkpt lat="44.963120" lon="9.377450" /><trkpt lat="44.963110" lon="9.377440" /><trkpt lat="44.963050" lon="9.377340" /><trkpt lat="44.962970" lon="9.377260" /><trkpt lat="44.962880" lon="9.377210" /><trkpt lat="44.962800" lon="9.377190" /><trkpt lat="44.962710" lon="9.377190" /><trkpt lat="44.961140" lon="9.377390" /><trkpt lat="44.960450" lon="9.377460" /><trkpt lat="44.960230" lon="9.377530" /><trkpt lat="44.960100" lon="9.377580" /><trkpt lat="44.959430" lon="9.377910" /><trkpt lat="44.959360" lon="9.377950" /><trkpt lat="44.959300" lon="9.378010" /><trkpt lat="44.959250" lon="9.378100" /><trkpt lat="44.959210" lon="9.378210" /><trkpt lat="44.959190" lon="9.378300" /><trkpt lat="44.959030" lon="9.380090" /><trkpt lat="44.958910" lon="9.380630" /><trkpt lat="44.958870" lon="9.380730" /><trkpt lat="44.958830" lon="9.380800" /><trkpt lat="44.958800" lon="9.380840" /><trkpt lat="44.958760" lon="9.380850" /><trkpt lat="44.958700" lon="9.380850" /><trkpt lat="44.958650" lon="9.380830" /><trkpt lat="44.958590" lon="9.380800" /><trkpt lat="44.958510" lon="9.380740" /><trkpt lat="44.958400" lon="9.380630" /><trkpt lat="44.957730" lon="9.380030" /><trkpt lat="44.957620" lon="9.379960" /><trkpt lat="44.957560" lon="9.379950" /><trkpt lat="44.957510" lon="9.379970" /><trkpt lat="44.957440" lon="9.379990" /><trkpt lat="44.957380" lon="9.380060" /><trkpt lat="44.957330" lon="9.380150" /><trkpt lat="44.956930" lon="9.381380" /><trkpt lat="44.956860" lon="9.381520" /><trkpt lat="44.956810" lon="9.381600" /><trkpt lat="44.956770" lon="9.381650" /><trkpt lat="44.956720" lon="9.381700" /><trkpt lat="44.956670" lon="9.381720" /><trkpt lat="44.956600" lon="9.381720" /><trkpt lat="44.956530" lon="9.381680" /><trkpt lat="44.956470" lon="9.381590" /><trkpt lat="44.956110" lon="9.380960" /><trkpt lat="44.956070" lon="9.380910" /><trkpt lat="44.956050" lon="9.380910" /><trkpt lat="44.955940" lon="9.380880" /><trkpt lat="44.955880" lon="9.380890" /><trkpt lat="44.955860" lon="9.380900" /><trkpt lat="44.955820" lon="9.380920" /><trkpt lat="44.955760" lon="9.381000" /><trkpt lat="44.955710" lon="9.381100" /><trkpt lat="44.955670" lon="9.381260" /><trkpt lat="44.955620" lon="9.381520" /><trkpt lat="44.955570" lon="9.381830" /><trkpt lat="44.955560" lon="9.381910" /><trkpt lat="44.955440" lon="9.382320" /><trkpt lat="44.955360" lon="9.382610" /><trkpt lat="44.954690" lon="9.384040" /><trkpt lat="44.953220" lon="9.387240" /><trkpt lat="44.952980" lon="9.387710" /><trkpt lat="44.952720" lon="9.388450" /><trkpt lat="44.952580" lon="9.388890" /><trkpt lat="44.952410" lon="9.389480" /><trkpt lat="44.952340" lon="9.389690" /><trkpt lat="44.952110" lon="9.390000" /><trkpt lat="44.951930" lon="9.390160" /><trkpt lat="44.951910" lon="9.390180" /><trkpt lat="44.951890" lon="9.390190" /><trkpt lat="44.951870" lon="9.390190" /><trkpt lat="44.951840" lon="9.390190" /><trkpt lat="44.951770" lon="9.390160" /><trkpt lat="44.951710" lon="9.390150" /><trkpt lat="44.951640" lon="9.390160" /><trkpt lat="44.951510" lon="9.390260" /><trkpt lat="44.951390" lon="9.390380" /><trkpt lat="44.951300" lon="9.390480" /><trkpt lat="44.951030" lon="9.390830" /><trkpt lat="44.950650" lon="9.391260" /><trkpt lat="44.950500" lon="9.391400" /><trkpt lat="44.950160" lon="9.391690" /><trkpt lat="44.950000" lon="9.391860" /><trkpt lat="44.949860" lon="9.392080" /><trkpt lat="44.949710" lon="9.392270" /><trkpt lat="44.949580" lon="9.392430" /><trkpt lat="44.949470" lon="9.392510" /><trkpt lat="44.949390" lon="9.392540" /><trkpt lat="44.949270" lon="9.392560" /><trkpt lat="44.949110" lon="9.392550" /><trkpt lat="44.949080" lon="9.392560" /><trkpt lat="44.949050" lon="9.392570" /><trkpt lat="44.949020" lon="9.392610" /><trkpt lat="44.949010" lon="9.392630" /><trkpt lat="44.948930" lon="9.392790" /><trkpt lat="44.948610" lon="9.392450" /><trkpt lat="44.948390" lon="9.392240" /><trkpt lat="44.948110" lon="9.391960" /><trkpt lat="44.947880" lon="9.391700" /><trkpt lat="44.947790" lon="9.391610" /><trkpt lat="44.947680" lon="9.391520" /><trkpt lat="44.947480" lon="9.391340" /><trkpt lat="44.947310" lon="9.391180" /><trkpt lat="44.947160" lon="9.390920" /><trkpt lat="44.947040" lon="9.390670" /><trkpt lat="44.946800" lon="9.390190" /><trkpt lat="44.946560" lon="9.389680" /><trkpt lat="44.946180" lon="9.388900" /><trkpt lat="44.945930" lon="9.388390" /><trkpt lat="44.945210" lon="9.386870" /><trkpt lat="44.945080" lon="9.386590" /><trkpt lat="44.944860" lon="9.386040" /><trkpt lat="44.944060" lon="9.384090" /><trkpt lat="44.943830" lon="9.383480" /><trkpt lat="44.943410" lon="9.382420" /><trkpt lat="44.943370" lon="9.382320" /><trkpt lat="44.943090" lon="9.381540" /><trkpt lat="44.942980" lon="9.381160" /><trkpt lat="44.942860" lon="9.380590" /><trkpt lat="44.942750" lon="9.379880" /><trkpt lat="44.942720" lon="9.379620" /><trkpt lat="44.942610" lon="9.379280" /><trkpt lat="44.942490" lon="9.379040" /><trkpt lat="44.942450" lon="9.378980" /><trkpt lat="44.942320" lon="9.378780" /><trkpt lat="44.941810" lon="9.378050" /><trkpt lat="44.941780" lon="9.378030" /><trkpt lat="44.941020" lon="9.377560" /><trkpt lat="44.941000" lon="9.377550" /><trkpt lat="44.940520" lon="9.377190" /><trkpt lat="44.940210" lon="9.376900" /><trkpt lat="44.939800" lon="9.376430" /><trkpt lat="44.939380" lon="9.375930" /><trkpt lat="44.939160" lon="9.375760" /><trkpt lat="44.939000" lon="9.375660" /><trkpt lat="44.938610" lon="9.375660" /><trkpt lat="44.938430" lon="9.375690" /><trkpt lat="44.938050" lon="9.375740" /><trkpt lat="44.937620" lon="9.375650" /><trkpt lat="44.937370" lon="9.375530" /><trkpt lat="44.937370" lon="9.375530" /><trkpt lat="44.937280" lon="9.375470" /><trkpt lat="44.937060" lon="9.375300" /><trkpt lat="44.936240" lon="9.374480" /><trkpt lat="44.935980" lon="9.374140" /><trkpt lat="44.935880" lon="9.373990" /><trkpt lat="44.935830" lon="9.373910" /><trkpt lat="44.935770" lon="9.373850" /><trkpt lat="44.935730" lon="9.373810" /><trkpt lat="44.935660" lon="9.373760" /><trkpt lat="44.935580" lon="9.373730" /><trkpt lat="44.935500" lon="9.373710" /><trkpt lat="44.935400" lon="9.373700" /><trkpt lat="44.934950" lon="9.373730" /><trkpt lat="44.934730" lon="9.373740" /><trkpt lat="44.934540" lon="9.373640" /><trkpt lat="44.934340" lon="9.373500" /><trkpt lat="44.934190" lon="9.373350" /><trkpt lat="44.934080" lon="9.373230" /><trkpt lat="44.933490" lon="9.372600" /><trkpt lat="44.933450" lon="9.372560" /><trkpt lat="44.933420" lon="9.372510" /><trkpt lat="44.933370" lon="9.372480" /><trkpt lat="44.933320" lon="9.372450" /><trkpt lat="44.933250" lon="9.372410" /><trkpt lat="44.933200" lon="9.372400" /><trkpt lat="44.932050" lon="9.372420" /><trkpt lat="44.931830" lon="9.372420" /><trkpt lat="44.931780" lon="9.372420" /><trkpt lat="44.931730" lon="9.372390" /><trkpt lat="44.931590" lon="9.372250" /><trkpt lat="44.931440" lon="9.372040" /><trkpt lat="44.931240" lon="9.371760" /><trkpt lat="44.931120" lon="9.371680" /><trkpt lat="44.931050" lon="9.371640" /><trkpt lat="44.930880" lon="9.371610" /><trkpt lat="44.930750" lon="9.371620" /><trkpt lat="44.930610" lon="9.371580" /><trkpt lat="44.930430" lon="9.371567" /><trkpt lat="44.930260" lon="9.371498" /><trkpt lat="44.929968" lon="9.371326" /><trkpt lat="44.929621" lon="9.371134" /><trkpt lat="44.929452" lon="9.371124" /><trkpt lat="44.929337" lon="9.371146" /><trkpt lat="44.929210" lon="9.371160" /><trkpt lat="44.928654" lon="9.371103" /><trkpt lat="44.928125" lon="9.370957" /><trkpt lat="44.927662" lon="9.370851" /><trkpt lat="44.927410" lon="9.370800" /><trkpt lat="44.927160" lon="9.370760" /><trkpt lat="44.926490" lon="9.370740" /><trkpt lat="44.926160" lon="9.370750" /><trkpt lat="44.925600" lon="9.370830" /><trkpt lat="44.925370" lon="9.370780" /><trkpt lat="44.925190" lon="9.370650" /><trkpt lat="44.925020" lon="9.370490" /><trkpt lat="44.924780" lon="9.370130" /><trkpt lat="44.924600" lon="9.369780" /><trkpt lat="44.924460" lon="9.369420" /><trkpt lat="44.924400" lon="9.369210" /><trkpt lat="44.924330" lon="9.368920" /><trkpt lat="44.924210" lon="9.368010" /><trkpt lat="44.924170" lon="9.367670" /><trkpt lat="44.924050" lon="9.367110" /><trkpt lat="44.923830" lon="9.366320" /><trkpt lat="44.923540" lon="9.365380" /><trkpt lat="44.923370" lon="9.365020" /><trkpt lat="44.922960" lon="9.364320" /><trkpt lat="44.922770" lon="9.364050" /><trkpt lat="44.922600" lon="9.363880" /><trkpt lat="44.922560" lon="9.363830" /><trkpt lat="44.922400" lon="9.363720" /><trkpt lat="44.922040" lon="9.363550" /><trkpt lat="44.921890" lon="9.363520" /><trkpt lat="44.921800" lon="9.363490" /><trkpt lat="44.921670" lon="9.363430" /><trkpt lat="44.921620" lon="9.363390" /><trkpt lat="44.921520" lon="9.363300" /><trkpt lat="44.921370" lon="9.363110" /><trkpt lat="44.921250" lon="9.362920" /><trkpt lat="44.920550" lon="9.361320" /><trkpt lat="44.920350" lon="9.360940" /><trkpt lat="44.919890" lon="9.360350" /><trkpt lat="44.919730" lon="9.360150" /><trkpt lat="44.919630" lon="9.359980" /><trkpt lat="44.919600" lon="9.359890" /><trkpt lat="44.919520" lon="9.359620" /><trkpt lat="44.919420" lon="9.358790" /><trkpt lat="44.919080" lon="9.357560" /><trkpt lat="44.918950" lon="9.357000" /><trkpt lat="44.918750" lon="9.355770" /><trkpt lat="44.918620" lon="9.354830" /><trkpt lat="44.918570" lon="9.354580" /><trkpt lat="44.918530" lon="9.354450" /><trkpt lat="44.918420" lon="9.354180" /><trkpt lat="44.918180" lon="9.353720" /><trkpt lat="44.917890" lon="9.353040" /><trkpt lat="44.917800" lon="9.352800" /><trkpt lat="44.917680" lon="9.352480" /><trkpt lat="44.917620" lon="9.352190" /><trkpt lat="44.917590" lon="9.352010" /><trkpt lat="44.917570" lon="9.351670" /><trkpt lat="44.917650" lon="9.350610" /><trkpt lat="44.917650" lon="9.350310" /><trkpt lat="44.917620" lon="9.349770" /><trkpt lat="44.917520" lon="9.349120" /><trkpt lat="44.917340" lon="9.348140" /><trkpt lat="44.917240" lon="9.347870" /><trkpt lat="44.917100" lon="9.347590" /><trkpt lat="44.916710" lon="9.346910" /><trkpt lat="44.916200" lon="9.346150" /><trkpt lat="44.915980" lon="9.345880" /><trkpt lat="44.915850" lon="9.345770" /><trkpt lat="44.915150" lon="9.345030" /><trkpt lat="44.914990" lon="9.344820" /><trkpt lat="44.914880" lon="9.344660" /><trkpt lat="44.914720" lon="9.344370" /><trkpt lat="44.913600" lon="9.342270" /><trkpt lat="44.912400" lon="9.340020" /><trkpt lat="44.912219" lon="9.339697" /><trkpt lat="44.912059" lon="9.339420" /><trkpt lat="44.911876" lon="9.339174" /><trkpt lat="44.911646" lon="9.338920" /><trkpt lat="44.911083" lon="9.338373" /><trkpt lat="44.910798" lon="9.338081" /><trkpt lat="44.910689" lon="9.337952" /><trkpt lat="44.910625" lon="9.337877" /><trkpt lat="44.910577" lon="9.337812" /><trkpt lat="44.910460" lon="9.337630" /><trkpt lat="44.910320" lon="9.337350" /><trkpt lat="44.910050" lon="9.336670" /><trkpt lat="44.909976" lon="9.336442" /><trkpt lat="44.909938" lon="9.336263" /><trkpt lat="44.909919" lon="9.336084" /><trkpt lat="44.909912" lon="9.335748" /><trkpt lat="44.910007" lon="9.334789" /><trkpt lat="44.910003" lon="9.334541" /><trkpt lat="44.909920" lon="9.334351" /><trkpt lat="44.909814" lon="9.334175" /><trkpt lat="44.909582" lon="9.333825" /><trkpt lat="44.909304" lon="9.333404" /><trkpt lat="44.909066" lon="9.333055" /><trkpt lat="44.908992" lon="9.333003" /><trkpt lat="44.908810" lon="9.332820" /><trkpt lat="44.908670" lon="9.332680" /><trkpt lat="44.908500" lon="9.332550" /><trkpt lat="44.908110" lon="9.332240" /><trkpt lat="44.907310" lon="9.331720" /><trkpt lat="44.907230" lon="9.331700" /><trkpt lat="44.906930" lon="9.331670" /><trkpt lat="44.906640" lon="9.331630" /><trkpt lat="44.906430" lon="9.331570" /><trkpt lat="44.906370" lon="9.331540" /><trkpt lat="44.906270" lon="9.331470" /><trkpt lat="44.906100" lon="9.331320" /><trkpt lat="44.906040" lon="9.331270" /><trkpt lat="44.905927" lon="9.331096" /><trkpt lat="44.905914" lon="9.331106" /><trkpt lat="44.905910" lon="9.331010" /><trkpt lat="44.905890" lon="9.330980" /><trkpt lat="44.905870" lon="9.330960" /><trkpt lat="44.905840" lon="9.330930" /><trkpt lat="44.905820" lon="9.330930" /><trkpt lat="44.905790" lon="9.330940" /><trkpt lat="44.905780" lon="9.330960" /><trkpt lat="44.905760" lon="9.330980" /><trkpt lat="44.905750" lon="9.331020" /><trkpt lat="44.905760" lon="9.331080" /><trkpt lat="44.905625" lon="9.331260" /><trkpt lat="44.905518" lon="9.331474" /><trkpt lat="44.905393" lon="9.331769" /><trkpt lat="44.905274" lon="9.332070" /><trkpt lat="44.905120" lon="9.332450" /><trkpt lat="44.904980" lon="9.332786" /><trkpt lat="44.904880" lon="9.333060" /><trkpt lat="44.904840" lon="9.333150" /><trkpt lat="44.904740" lon="9.333340" /><trkpt lat="44.904640" lon="9.333490" /><trkpt lat="44.904500" lon="9.333630" /><trkpt lat="44.904380" lon="9.333730" /><trkpt lat="44.904280" lon="9.333760" /><trkpt lat="44.904170" lon="9.333770" /><trkpt lat="44.904040" lon="9.333770" /><trkpt lat="44.903690" lon="9.333810" /><trkpt lat="44.903530" lon="9.333870" /><trkpt lat="44.903390" lon="9.334000" /><trkpt lat="44.903250" lon="9.334200" /><trkpt lat="44.903030" lon="9.334650" /><trkpt lat="44.902910" lon="9.334810" /><trkpt lat="44.902390" lon="9.335360" /><trkpt lat="44.902060" lon="9.335750" /><trkpt lat="44.901750" lon="9.336270" /><trkpt lat="44.901500" lon="9.336780" /><trkpt lat="44.901480" lon="9.336830" /><trkpt lat="44.901390" lon="9.337090" /><trkpt lat="44.901310" lon="9.337280" /><trkpt lat="44.901200" lon="9.337430" /><trkpt lat="44.901090" lon="9.337550" /><trkpt lat="44.900580" lon="9.337840" /><trkpt lat="44.900330" lon="9.337960" /><trkpt lat="44.899980" lon="9.338130" /><trkpt lat="44.899830" lon="9.338260" /><trkpt lat="44.899740" lon="9.338380" /><trkpt lat="44.899720" lon="9.338410" /><trkpt lat="44.899640" lon="9.338600" /><trkpt lat="44.899430" lon="9.339200" /><trkpt lat="44.899040" lon="9.339880" /><trkpt lat="44.898660" lon="9.340420" /><trkpt lat="44.898210" lon="9.340900" /><trkpt lat="44.898160" lon="9.340970" /><trkpt lat="44.898120" lon="9.341060" /><trkpt lat="44.898070" lon="9.341210" /><trkpt lat="44.897630" lon="9.343210" /><trkpt lat="44.897520" lon="9.343720" /><trkpt lat="44.897510" lon="9.343820" /><trkpt lat="44.897540" lon="9.344110" /><trkpt lat="44.897580" lon="9.344490" /><trkpt lat="44.897600" lon="9.344790" /><trkpt lat="44.897570" lon="9.346690" /><trkpt lat="44.897560" lon="9.346890" /><trkpt lat="44.897510" lon="9.347180" /><trkpt lat="44.897320" lon="9.348100" /><trkpt lat="44.897090" lon="9.349140" /><trkpt lat="44.897100" lon="9.349330" /><trkpt lat="44.897130" lon="9.349520" /><trkpt lat="44.897320" lon="9.350160" /><trkpt lat="44.897350" lon="9.350330" /><trkpt lat="44.897370" lon="9.350450" /><trkpt lat="44.897370" lon="9.350580" /><trkpt lat="44.897330" lon="9.350750" /><trkpt lat="44.897270" lon="9.350910" /><trkpt lat="44.897110" lon="9.351270" /><trkpt lat="44.896950" lon="9.351560" /><trkpt lat="44.896810" lon="9.351890" /><trkpt lat="44.896770" lon="9.352030" /><trkpt lat="44.896750" lon="9.352160" /><trkpt lat="44.896690" lon="9.352540" /><trkpt lat="44.896540" lon="9.353360" /><trkpt lat="44.896520" lon="9.353520" /><trkpt lat="44.896520" lon="9.353660" /><trkpt lat="44.896540" lon="9.353860" /><trkpt lat="44.896610" lon="9.354130" /><trkpt lat="44.896800" lon="9.354770" /><trkpt lat="44.896820" lon="9.354880" /><trkpt lat="44.896830" lon="9.355110" /><trkpt lat="44.896820" lon="9.355240" /><trkpt lat="44.896600" lon="9.356170" /><trkpt lat="44.896500" lon="9.356390" /><trkpt lat="44.896370" lon="9.356750" /><trkpt lat="44.896310" lon="9.357010" /><trkpt lat="44.896240" lon="9.357580" /><trkpt lat="44.896200" lon="9.357770" /><trkpt lat="44.896170" lon="9.357880" /><trkpt lat="44.896110" lon="9.357980" /><trkpt lat="44.895690" lon="9.358430" /><trkpt lat="44.895680" lon="9.358460" /><trkpt lat="44.895640" lon="9.358520" /><trkpt lat="44.895620" lon="9.358590" /><trkpt lat="44.895600" lon="9.358710" /><trkpt lat="44.895600" lon="9.358900" /><trkpt lat="44.895650" lon="9.359350" /><trkpt lat="44.895660" lon="9.359450" /><trkpt lat="44.895630" lon="9.359620" /><trkpt lat="44.895610" lon="9.359690" /><trkpt lat="44.895580" lon="9.359770" /><trkpt lat="44.895390" lon="9.359970" /><trkpt lat="44.895050" lon="9.360300" /><trkpt lat="44.894990" lon="9.360350" /><trkpt lat="44.894870" lon="9.360490" /><trkpt lat="44.894710" lon="9.360730" /><trkpt lat="44.894670" lon="9.360830" /><trkpt lat="44.894650" lon="9.360920" /><trkpt lat="44.894550" lon="9.361670" /><trkpt lat="44.894520" lon="9.361790" /><trkpt lat="44.894480" lon="9.361900" /><trkpt lat="44.894370" lon="9.362050" /><trkpt lat="44.894280" lon="9.362140" /><trkpt lat="44.893830" lon="9.362520" /><trkpt lat="44.893700" lon="9.362640" /><trkpt lat="44.893570" lon="9.362800" /><trkpt lat="44.893380" lon="9.363080" /><trkpt lat="44.893220" lon="9.363360" /><trkpt lat="44.893140" lon="9.363540" /><trkpt lat="44.892980" lon="9.363950" /><trkpt lat="44.892750" lon="9.364700" /><trkpt lat="44.892730" lon="9.364800" /><trkpt lat="44.892710" lon="9.364950" /><trkpt lat="44.892710" lon="9.365710" /><trkpt lat="44.892710" lon="9.365880" /><trkpt lat="44.892690" lon="9.366000" /><trkpt lat="44.892670" lon="9.366060" /><trkpt lat="44.892620" lon="9.366190" /><trkpt lat="44.892520" lon="9.366290" /><trkpt lat="44.892470" lon="9.366330" /><trkpt lat="44.892400" lon="9.366350" /><trkpt lat="44.892310" lon="9.366360" /><trkpt lat="44.892210" lon="9.366340" /><trkpt lat="44.892080" lon="9.366280" /><trkpt lat="44.892000" lon="9.366260" /><trkpt lat="44.891830" lon="9.366280" /><trkpt lat="44.891770" lon="9.366300" /><trkpt lat="44.891720" lon="9.366330" /><trkpt lat="44.891650" lon="9.366410" /><trkpt lat="44.891240" lon="9.367250" /><trkpt lat="44.891170" lon="9.367350" /><trkpt lat="44.891050" lon="9.367480" /><trkpt lat="44.890950" lon="9.367560" /><trkpt lat="44.890840" lon="9.367620" /><trkpt lat="44.890540" lon="9.367760" /><trkpt lat="44.890430" lon="9.367840" /><trkpt lat="44.890300" lon="9.367970" /><trkpt lat="44.890140" lon="9.368140" /><trkpt lat="44.889860" lon="9.368440" /><trkpt lat="44.889540" lon="9.368810" /><trkpt lat="44.889500" lon="9.368890" /><trkpt lat="44.889470" lon="9.368980" /><trkpt lat="44.889450" lon="9.369240" /><trkpt lat="44.889440" lon="9.369340" /><trkpt lat="44.889390" lon="9.369800" /><trkpt lat="44.889360" lon="9.369880" /><trkpt lat="44.889310" lon="9.369970" /><trkpt lat="44.889230" lon="9.370030" /><trkpt lat="44.889170" lon="9.370070" /><trkpt lat="44.889100" lon="9.370090" /><trkpt lat="44.888960" lon="9.370050" /><trkpt lat="44.888850" lon="9.369990" /><trkpt lat="44.887700" lon="9.369300" /><trkpt lat="44.887660" lon="9.369280" /><trkpt lat="44.887600" lon="9.369280" /><trkpt lat="44.887410" lon="9.369320" /><trkpt lat="44.887250" lon="9.369370" /><trkpt lat="44.887140" lon="9.369440" /><trkpt lat="44.887000" lon="9.369600" /><trkpt lat="44.886920" lon="9.369730" /><trkpt lat="44.886860" lon="9.369860" /><trkpt lat="44.886830" lon="9.370050" /><trkpt lat="44.886810" lon="9.370500" /><trkpt lat="44.886820" lon="9.370770" /><trkpt lat="44.886820" lon="9.370850" /><trkpt lat="44.886800" lon="9.371000" /><trkpt lat="44.886660" lon="9.371620" /><trkpt lat="44.886610" lon="9.371760" /><trkpt lat="44.886590" lon="9.371810" /><trkpt lat="44.886560" lon="9.371840" /><trkpt lat="44.886510" lon="9.371870" /><trkpt lat="44.886420" lon="9.371890" /><trkpt lat="44.886110" lon="9.371830" /><trkpt lat="44.886070" lon="9.371840" /><trkpt lat="44.886010" lon="9.371860" /><trkpt lat="44.885970" lon="9.371900" /><trkpt lat="44.885940" lon="9.371950" /><trkpt lat="44.885710" lon="9.372560" /><trkpt lat="44.885670" lon="9.372630" /><trkpt lat="44.885620" lon="9.372660" /><trkpt lat="44.885550" lon="9.372700" /><trkpt lat="44.885500" lon="9.372710" /><trkpt lat="44.884820" lon="9.372820" /><trkpt lat="44.884730" lon="9.372840" /><trkpt lat="44.884660" lon="9.372860" /><trkpt lat="44.884600" lon="9.372890" /><trkpt lat="44.884550" lon="9.372930" /><trkpt lat="44.884510" lon="9.372990" /><trkpt lat="44.884370" lon="9.373250" /><trkpt lat="44.884280" lon="9.373430" /><trkpt lat="44.884280" lon="9.373450" /><trkpt lat="44.884010" lon="9.373830" /><trkpt lat="44.883720" lon="9.374180" /><trkpt lat="44.883350" lon="9.374720" /><trkpt lat="44.883260" lon="9.374840" /><trkpt lat="44.883190" lon="9.374910" /><trkpt lat="44.883060" lon="9.375000" /><trkpt lat="44.882980" lon="9.375030" /><trkpt lat="44.882880" lon="9.375060" /><trkpt lat="44.882810" lon="9.375060" /><trkpt lat="44.882710" lon="9.375050" /><trkpt lat="44.882520" lon="9.374960" /><trkpt lat="44.882160" lon="9.374760" /><trkpt lat="44.882050" lon="9.374740" /><trkpt lat="44.882040" lon="9.374740" /><trkpt lat="44.882010" lon="9.374740" /><trkpt lat="44.881940" lon="9.374770" /><trkpt lat="44.881850" lon="9.374860" /><trkpt lat="44.881040" lon="9.375910" /><trkpt lat="44.880990" lon="9.376000" /><trkpt lat="44.880960" lon="9.376130" /><trkpt lat="44.880940" lon="9.376220" /><trkpt lat="44.881000" lon="9.377090" /><trkpt lat="44.881000" lon="9.377230" /><trkpt lat="44.880970" lon="9.377310" /><trkpt lat="44.880930" lon="9.377380" /><trkpt lat="44.880880" lon="9.377440" /><trkpt lat="44.880820" lon="9.377470" /><trkpt lat="44.880780" lon="9.377460" /><trkpt lat="44.880700" lon="9.377430" /><trkpt lat="44.880420" lon="9.377310" /><trkpt lat="44.880350" lon="9.377300" /><trkpt lat="44.880280" lon="9.377310" /><trkpt lat="44.880160" lon="9.377390" /><trkpt lat="44.879860" lon="9.377910" /><trkpt lat="44.879740" lon="9.378320" /><trkpt lat="44.879620" lon="9.378940" /><trkpt lat="44.879580" lon="9.379030" /><trkpt lat="44.879530" lon="9.379120" /><trkpt lat="44.879440" lon="9.379230" /><trkpt lat="44.879060" lon="9.379620" /><trkpt lat="44.879000" lon="9.379670" /><trkpt lat="44.878950" lon="9.379690" /><trkpt lat="44.878900" lon="9.379710" /><trkpt lat="44.878820" lon="9.379720" /><trkpt lat="44.878550" lon="9.379740" /><trkpt lat="44.878190" lon="9.379810" /><trkpt lat="44.878120" lon="9.379840" /><trkpt lat="44.877880" lon="9.380070" /><trkpt lat="44.877780" lon="9.380130" /><trkpt lat="44.877730" lon="9.380150" /><trkpt lat="44.877490" lon="9.380240" /><trkpt lat="44.877370" lon="9.380300" /><trkpt lat="44.877210" lon="9.380390" /><trkpt lat="44.877090" lon="9.380480" /><trkpt lat="44.876960" lon="9.380610" /><trkpt lat="44.876900" lon="9.380700" /><trkpt lat="44.876660" lon="9.381150" /><trkpt lat="44.876550" lon="9.381300" /><trkpt lat="44.876470" lon="9.381380" /><trkpt lat="44.876420" lon="9.381410" /><trkpt lat="44.876380" lon="9.381450" /><trkpt lat="44.875810" lon="9.381760" /><trkpt lat="44.875730" lon="9.381800" /><trkpt lat="44.875270" lon="9.382050" /><trkpt lat="44.874870" lon="9.382320" /><trkpt lat="44.874800" lon="9.382370" /><trkpt lat="44.874730" lon="9.382450" /><trkpt lat="44.874690" lon="9.382530" /><trkpt lat="44.874670" lon="9.382650" /><trkpt lat="44.874680" lon="9.382790" /><trkpt lat="44.874710" lon="9.382980" /><trkpt lat="44.874870" lon="9.383610" /><trkpt lat="44.874880" lon="9.383710" /><trkpt lat="44.874890" lon="9.383850" /><trkpt lat="44.874850" lon="9.384060" /><trkpt lat="44.874630" lon="9.384450" /><trkpt lat="44.874560" lon="9.384570" /><trkpt lat="44.874530" lon="9.384630" /><trkpt lat="44.874310" lon="9.385320" /><trkpt lat="44.874260" lon="9.385440" /><trkpt lat="44.874150" lon="9.385640" /><trkpt lat="44.873950" lon="9.385890" /><trkpt lat="44.873750" lon="9.386060" /><trkpt lat="44.873590" lon="9.386180" /><trkpt lat="44.873480" lon="9.386300" /><trkpt lat="44.873300" lon="9.386590" /><trkpt lat="44.873060" lon="9.387040" /><trkpt lat="44.873010" lon="9.387100" /><trkpt lat="44.872940" lon="9.387150" /><trkpt lat="44.872730" lon="9.387250" /><trkpt lat="44.872700" lon="9.387260" /><trkpt lat="44.872270" lon="9.387410" /><trkpt lat="44.872190" lon="9.387460" /><trkpt lat="44.871660" lon="9.388080" /><trkpt lat="44.871620" lon="9.388120" /><trkpt lat="44.871580" lon="9.388190" /><trkpt lat="44.871550" lon="9.388260" /><trkpt lat="44.871460" lon="9.389390" /><trkpt lat="44.871440" lon="9.389490" /><trkpt lat="44.871020" lon="9.390440" /><trkpt lat="44.870980" lon="9.390520" /><trkpt lat="44.870820" lon="9.390940" /><trkpt lat="44.870710" lon="9.391350" /><trkpt lat="44.870670" lon="9.391560" /><trkpt lat="44.870420" lon="9.393140" /><trkpt lat="44.870330" lon="9.393580" /><trkpt lat="44.870290" lon="9.393720" /><trkpt lat="44.870210" lon="9.394010" /><trkpt lat="44.870100" lon="9.394280" /><trkpt lat="44.870000" lon="9.394490" /><trkpt lat="44.869830" lon="9.394670" /><trkpt lat="44.869770" lon="9.394710" /><trkpt lat="44.869680" lon="9.394730" /><trkpt lat="44.869460" lon="9.394690" /><trkpt lat="44.869240" lon="9.394570" /><trkpt lat="44.869200" lon="9.394540" /><trkpt lat="44.869150" lon="9.394490" /><trkpt lat="44.869110" lon="9.394440" /><trkpt lat="44.869080" lon="9.394400" /><trkpt lat="44.869060" lon="9.394350" /><trkpt lat="44.869030" lon="9.394260" /><trkpt lat="44.868950" lon="9.393790" /><trkpt lat="44.868960" lon="9.393340" /><trkpt lat="44.869010" lon="9.392840" /><trkpt lat="44.869010" lon="9.392640" /><trkpt lat="44.869000" lon="9.392590" /><trkpt lat="44.868970" lon="9.392530" /><trkpt lat="44.868690" lon="9.392010" /><trkpt lat="44.868590" lon="9.391890" /><trkpt lat="44.868540" lon="9.391850" /><trkpt lat="44.868470" lon="9.391820" /><trkpt lat="44.868170" lon="9.391710" /><trkpt lat="44.868160" lon="9.391710" /><trkpt lat="44.868150" lon="9.391690" /><trkpt lat="44.868100" lon="9.391650" /><trkpt lat="44.868050" lon="9.391610" /><trkpt lat="44.867930" lon="9.391480" /><trkpt lat="44.867790" lon="9.391330" /><trkpt lat="44.867600" lon="9.391150" /><trkpt lat="44.867400" lon="9.391070" /><trkpt lat="44.867120" lon="9.391010" /><trkpt lat="44.866830" lon="9.390850" /><trkpt lat="44.866720" lon="9.390860" /><trkpt lat="44.866210" lon="9.391070" /><trkpt lat="44.866150" lon="9.391080" /><trkpt lat="44.866100" lon="9.391080" /><trkpt lat="44.866040" lon="9.391070" /><trkpt lat="44.865920" lon="9.391000" /><trkpt lat="44.865690" lon="9.390790" /><trkpt lat="44.865530" lon="9.390670" /><trkpt lat="44.865460" lon="9.390630" /><trkpt lat="44.865390" lon="9.390620" /><trkpt lat="44.865290" lon="9.390610" /><trkpt lat="44.865140" lon="9.390650" /><trkpt lat="44.864700" lon="9.390880" /><trkpt lat="44.864640" lon="9.390910" /><trkpt lat="44.864460" lon="9.390970" /><trkpt lat="44.864050" lon="9.391120" /><trkpt lat="44.863970" lon="9.391140" /><trkpt lat="44.863890" lon="9.391140" /><trkpt lat="44.863790" lon="9.391130" /><trkpt lat="44.863730" lon="9.391120" /><trkpt lat="44.863010" lon="9.391040" /><trkpt lat="44.862550" lon="9.391010" /><trkpt lat="44.862440" lon="9.391000" /><trkpt lat="44.862270" lon="9.390950" /><trkpt lat="44.862150" lon="9.390860" /><trkpt lat="44.862100" lon="9.390750" /><trkpt lat="44.862080" lon="9.390720" /><trkpt lat="44.861940" lon="9.390290" /><trkpt lat="44.861910" lon="9.390220" /><trkpt lat="44.861830" lon="9.390080" /><trkpt lat="44.861660" lon="9.389960" /><trkpt lat="44.861350" lon="9.389670" /><trkpt lat="44.861300" lon="9.389620" /><trkpt lat="44.861270" lon="9.389520" /><trkpt lat="44.861260" lon="9.389430" /><trkpt lat="44.861260" lon="9.389300" /><trkpt lat="44.861280" lon="9.389030" /><trkpt lat="44.861320" lon="9.388960" /><trkpt lat="44.861390" lon="9.388910" /><trkpt lat="44.861460" lon="9.388880" /><trkpt lat="44.861550" lon="9.388890" /><trkpt lat="44.861640" lon="9.388910" /><trkpt lat="44.861770" lon="9.388970" /><trkpt lat="44.862180" lon="9.389090" /><trkpt lat="44.862330" lon="9.389110" /><trkpt lat="44.862400" lon="9.389100" /><trkpt lat="44.862500" lon="9.389070" /><trkpt lat="44.862560" lon="9.389020" /><trkpt lat="44.862660" lon="9.388900" /><trkpt lat="44.862710" lon="9.388780" /><trkpt lat="44.862740" lon="9.388660" /><trkpt lat="44.862740" lon="9.388580" /><trkpt lat="44.862740" lon="9.388530" /><trkpt lat="44.862720" lon="9.388430" /><trkpt lat="44.862710" lon="9.388350" /><trkpt lat="44.862340" lon="9.386990" /><trkpt lat="44.862330" lon="9.386850" /><trkpt lat="44.862340" lon="9.386700" /><trkpt lat="44.862380" lon="9.386570" /><trkpt lat="44.862500" lon="9.386320" /><trkpt lat="44.862560" lon="9.386260" /><trkpt lat="44.862650" lon="9.386190" /><trkpt lat="44.863270" lon="9.385800" /><trkpt lat="44.863360" lon="9.385770" /><trkpt lat="44.863440" lon="9.385760" /><trkpt lat="44.863500" lon="9.385770" /><trkpt lat="44.863560" lon="9.385820" /><trkpt lat="44.863910" lon="9.386150" /><trkpt lat="44.863940" lon="9.386170" /><trkpt lat="44.864000" lon="9.386190" /><trkpt lat="44.864110" lon="9.386180" /><trkpt lat="44.864200" lon="9.386140" /><trkpt lat="44.864270" lon="9.386090" /><trkpt lat="44.864670" lon="9.385710" /><trkpt lat="44.864740" lon="9.385670" /><trkpt lat="44.865070" lon="9.385570" /><trkpt lat="44.865220" lon="9.385490" /><trkpt lat="44.865320" lon="9.385400" /><trkpt lat="44.865380" lon="9.385270" /><trkpt lat="44.865450" lon="9.385030" /><trkpt lat="44.865490" lon="9.384810" /><trkpt lat="44.865530" lon="9.384720" /><trkpt lat="44.865580" lon="9.384650" /><trkpt lat="44.865740" lon="9.384550" /><trkpt lat="44.865810" lon="9.384470" /><trkpt lat="44.865850" lon="9.384350" /><trkpt lat="44.865870" lon="9.384220" /><trkpt lat="44.865850" lon="9.384070" /><trkpt lat="44.865810" lon="9.383960" /><trkpt lat="44.865670" lon="9.383820" /><trkpt lat="44.865430" lon="9.383660" /><trkpt lat="44.865320" lon="9.383610" /><trkpt lat="44.865260" lon="9.383580" /><trkpt lat="44.865180" lon="9.383550" /><trkpt lat="44.865120" lon="9.383540" /><trkpt lat="44.865060" lon="9.383540" /><trkpt lat="44.864910" lon="9.383560" /><trkpt lat="44.864340" lon="9.383770" /><trkpt lat="44.864080" lon="9.383860" /><trkpt lat="44.863970" lon="9.383870" /><trkpt lat="44.863960" lon="9.383880" /><trkpt lat="44.863790" lon="9.383870" /><trkpt lat="44.863430" lon="9.383830" /><trkpt lat="44.863350" lon="9.383830" /><trkpt lat="44.862890" lon="9.383740" /><trkpt lat="44.862820" lon="9.383750" /><trkpt lat="44.862760" lon="9.383790" /><trkpt lat="44.862700" lon="9.383850" /><trkpt lat="44.862640" lon="9.383950" /><trkpt lat="44.862600" lon="9.384020" /><trkpt lat="44.862580" lon="9.384080" /><trkpt lat="44.862430" lon="9.384530" /><trkpt lat="44.862340" lon="9.384690" /><trkpt lat="44.862280" lon="9.384760" /><trkpt lat="44.861950" lon="9.385030" /><trkpt lat="44.861920" lon="9.385050" /><trkpt lat="44.861870" lon="9.385060" /><trkpt lat="44.861780" lon="9.385050" /><trkpt lat="44.861710" lon="9.385010" /><trkpt lat="44.861660" lon="9.384960" /><trkpt lat="44.861630" lon="9.384930" /><trkpt lat="44.861330" lon="9.384620" /><trkpt lat="44.861320" lon="9.384610" /><trkpt lat="44.861130" lon="9.384480" /><trkpt lat="44.860890" lon="9.384370" /><trkpt lat="44.860850" lon="9.384350" /><trkpt lat="44.860360" lon="9.384210" /><trkpt lat="44.860270" lon="9.384200" /><trkpt lat="44.860210" lon="9.384210" /><trkpt lat="44.860150" lon="9.384230" /><trkpt lat="44.860030" lon="9.384340" /><trkpt lat="44.859770" lon="9.384720" /><trkpt lat="44.859640" lon="9.384970" /><trkpt lat="44.859230" lon="9.385770" /><trkpt lat="44.859210" lon="9.385820" /><trkpt lat="44.859180" lon="9.385870" /><trkpt lat="44.859150" lon="9.385900" /><trkpt lat="44.859130" lon="9.385930" /><trkpt lat="44.859090" lon="9.385960" /><trkpt lat="44.859020" lon="9.385990" /><trkpt lat="44.858650" lon="9.386010" /><trkpt lat="44.858560" lon="9.386050" /><trkpt lat="44.858490" lon="9.386090" /><trkpt lat="44.858440" lon="9.386130" /><trkpt lat="44.858080" lon="9.386560" /><trkpt lat="44.858040" lon="9.386600" /><trkpt lat="44.857980" lon="9.386620" /><trkpt lat="44.857930" lon="9.386610" /><trkpt lat="44.857900" lon="9.386580" /><trkpt lat="44.857780" lon="9.386450" /><trkpt lat="44.857740" lon="9.386390" /><trkpt lat="44.857730" lon="9.386320" /><trkpt lat="44.857730" lon="9.386240" /><trkpt lat="44.857750" lon="9.386180" /><trkpt lat="44.857760" lon="9.386140" /><trkpt lat="44.857800" lon="9.386080" /><trkpt lat="44.858110" lon="9.385710" /><trkpt lat="44.858210" lon="9.385540" /><trkpt lat="44.858290" lon="9.385380" /><trkpt lat="44.858410" lon="9.385080" /><trkpt lat="44.858530" lon="9.384720" /><trkpt lat="44.858670" lon="9.384110" /><trkpt lat="44.858740" lon="9.383850" /><trkpt lat="44.858820" lon="9.383710" /><trkpt lat="44.858910" lon="9.383590" /><trkpt lat="44.858970" lon="9.383530" /><trkpt lat="44.859270" lon="9.383310" /><trkpt lat="44.859500" lon="9.383200" /><trkpt lat="44.859660" lon="9.383100" /><trkpt lat="44.859730" lon="9.383030" /><trkpt lat="44.859930" lon="9.382790" /><trkpt lat="44.860050" lon="9.382700" /><trkpt lat="44.860110" lon="9.382670" /><trkpt lat="44.860180" lon="9.382660" /><trkpt lat="44.860490" lon="9.382660" /><trkpt lat="44.860590" lon="9.382640" /><trkpt lat="44.860650" lon="9.382600" /><trkpt lat="44.860720" lon="9.382530" /><trkpt lat="44.860770" lon="9.382430" /><trkpt lat="44.860810" lon="9.382320" /><trkpt lat="44.860830" lon="9.382260" /><trkpt lat="44.860850" lon="9.382120" /><trkpt lat="44.860850" lon="9.381980" /><trkpt lat="44.860820" lon="9.381810" /><trkpt lat="44.860800" lon="9.381750" /><trkpt lat="44.860770" lon="9.381700" /><trkpt lat="44.860490" lon="9.381430" /><trkpt lat="44.860470" lon="9.381370" /><trkpt lat="44.860450" lon="9.381180" /><trkpt lat="44.860460" lon="9.381020" /><trkpt lat="44.860540" lon="9.380510" /><trkpt lat="44.860540" lon="9.380450" /><trkpt lat="44.860540" lon="9.380370" /><trkpt lat="44.860540" lon="9.380300" /><trkpt lat="44.860530" lon="9.380200" /><trkpt lat="44.860400" lon="9.379830" /><trkpt lat="44.860400" lon="9.379830" /><trkpt lat="44.860250" lon="9.379390" /><trkpt lat="44.860020" lon="9.378900" /><trkpt lat="44.859910" lon="9.378760" /><trkpt lat="44.859310" lon="9.378000" /><trkpt lat="44.859280" lon="9.377970" /><trkpt lat="44.859260" lon="9.377940" /><trkpt lat="44.859190" lon="9.377900" /><trkpt lat="44.859140" lon="9.377890" /><trkpt lat="44.859080" lon="9.377880" /><trkpt lat="44.859000" lon="9.377900" /><trkpt lat="44.858930" lon="9.377930" /><trkpt lat="44.858680" lon="9.378150" /><trkpt lat="44.858480" lon="9.378360" /><trkpt lat="44.858400" lon="9.378420" /><trkpt lat="44.858350" lon="9.378460" /><trkpt lat="44.858260" lon="9.378470" /><trkpt lat="44.858190" lon="9.378470" /><trkpt lat="44.857880" lon="9.378370" /><trkpt lat="44.857720" lon="9.378350" /><trkpt lat="44.857220" lon="9.378370" /><trkpt lat="44.857110" lon="9.378360" /><trkpt lat="44.857050" lon="9.378340" /><trkpt lat="44.856940" lon="9.378250" /><trkpt lat="44.856680" lon="9.378000" /><trkpt lat="44.856560" lon="9.377860" /><trkpt lat="44.856370" lon="9.377670" /><trkpt lat="44.856280" lon="9.377600" /><trkpt lat="44.856200" lon="9.377570" /><trkpt lat="44.856140" lon="9.377560" /><trkpt lat="44.856040" lon="9.377570" /><trkpt lat="44.855980" lon="9.377580" /><trkpt lat="44.855900" lon="9.377620" /><trkpt lat="44.855860" lon="9.377680" /><trkpt lat="44.855320" lon="9.378620" /><trkpt lat="44.855240" lon="9.378740" /><trkpt lat="44.855050" lon="9.378920" /><trkpt lat="44.855020" lon="9.378940" /><trkpt lat="44.854970" lon="9.378980" /><trkpt lat="44.854790" lon="9.379080" /><trkpt lat="44.853890" lon="9.379520" /><trkpt lat="44.853770" lon="9.379570" /><trkpt lat="44.853690" lon="9.379550" /><trkpt lat="44.853260" lon="9.379300" /><trkpt lat="44.853070" lon="9.379240" /><trkpt lat="44.853040" lon="9.379230" /><trkpt lat="44.852580" lon="9.379010" /><trkpt lat="44.852530" lon="9.378960" /><trkpt lat="44.852510" lon="9.378910" /><trkpt lat="44.852490" lon="9.378830" /><trkpt lat="44.852530" lon="9.377990" /><trkpt lat="44.852530" lon="9.377980" /><trkpt lat="44.852510" lon="9.377720" /><trkpt lat="44.852420" lon="9.377320" /><trkpt lat="44.852330" lon="9.376700" /><trkpt lat="44.852270" lon="9.376450" /><trkpt lat="44.852200" lon="9.376150" /><trkpt lat="44.852160" lon="9.375940" /><trkpt lat="44.852140" lon="9.375820" /><trkpt lat="44.852160" lon="9.375550" /><trkpt lat="44.852250" lon="9.374630" /><trkpt lat="44.852230" lon="9.374550" /><trkpt lat="44.852200" lon="9.374480" /><trkpt lat="44.852130" lon="9.374370" /><trkpt lat="44.851960" lon="9.374190" /><trkpt lat="44.851280" lon="9.373630" /><trkpt lat="44.851230" lon="9.373600" /><trkpt lat="44.851180" lon="9.373600" /><trkpt lat="44.851090" lon="9.373630" /><trkpt lat="44.850980" lon="9.373740" /><trkpt lat="44.850860" lon="9.373870" /><trkpt lat="44.850820" lon="9.373920" /><trkpt lat="44.850780" lon="9.373980" /><trkpt lat="44.850560" lon="9.374490" /><trkpt lat="44.850470" lon="9.374580" /><trkpt lat="44.850430" lon="9.374600" /><trkpt lat="44.850370" lon="9.374600" /><trkpt lat="44.850140" lon="9.374520" /><trkpt lat="44.850030" lon="9.374510" /><trkpt lat="44.849990" lon="9.374510" /><trkpt lat="44.849940" lon="9.374550" /><trkpt lat="44.849900" lon="9.374590" /><trkpt lat="44.849730" lon="9.375010" /><trkpt lat="44.849700" lon="9.375070" /><trkpt lat="44.849640" lon="9.375120" /><trkpt lat="44.849610" lon="9.375140" /><trkpt lat="44.849570" lon="9.375150" /><trkpt lat="44.849510" lon="9.375160" /><trkpt lat="44.849450" lon="9.375150" /><trkpt lat="44.849330" lon="9.375100" /><trkpt lat="44.849290" lon="9.375030" /><trkpt lat="44.849060" lon="9.374510" /><trkpt lat="44.849010" lon="9.374320" /><trkpt lat="44.848990" lon="9.374220" /><trkpt lat="44.848900" lon="9.373940" /><trkpt lat="44.848880" lon="9.373900" /><trkpt lat="44.848850" lon="9.373860" /><trkpt lat="44.848810" lon="9.373840" /><trkpt lat="44.848760" lon="9.373820" /><trkpt lat="44.848650" lon="9.373830" /><trkpt lat="44.848550" lon="9.373870" /><trkpt lat="44.848440" lon="9.373970" /><trkpt lat="44.848390" lon="9.374040" /><trkpt lat="44.848080" lon="9.374610" /><trkpt lat="44.848020" lon="9.374680" /><trkpt lat="44.847970" lon="9.374720" /><trkpt lat="44.847890" lon="9.374720" /><trkpt lat="44.847560" lon="9.374710" /><trkpt lat="44.847510" lon="9.374720" /><trkpt lat="44.847450" lon="9.374740" /><trkpt lat="44.847390" lon="9.374790" /><trkpt lat="44.847360" lon="9.374820" /><trkpt lat="44.846950" lon="9.375310" /><trkpt lat="44.846790" lon="9.375530" /><trkpt lat="44.846720" lon="9.375710" /><trkpt lat="44.846600" lon="9.375960" /><trkpt lat="44.846550" lon="9.376100" /><trkpt lat="44.846510" lon="9.376180" /><trkpt lat="44.846460" lon="9.376250" /><trkpt lat="44.846440" lon="9.376260" /><trkpt lat="44.846290" lon="9.376390" /><trkpt lat="44.846250" lon="9.376440" /><trkpt lat="44.846230" lon="9.376460" /><trkpt lat="44.846190" lon="9.376480" /><trkpt lat="44.846070" lon="9.376560" /><trkpt lat="44.845960" lon="9.376650" /><trkpt lat="44.845900" lon="9.376720" /><trkpt lat="44.845720" lon="9.376980" /><trkpt lat="44.845650" lon="9.377100" /><trkpt lat="44.845590" lon="9.377190" /><trkpt lat="44.845530" lon="9.377230" /><trkpt lat="44.845460" lon="9.377270" /><trkpt lat="44.845410" lon="9.377280" /><trkpt lat="44.845260" lon="9.377230" /><trkpt lat="44.844950" lon="9.376950" /><trkpt lat="44.844830" lon="9.376870" /><trkpt lat="44.844670" lon="9.376810" /><trkpt lat="44.844590" lon="9.376800" /><trkpt lat="44.844420" lon="9.376820" /><trkpt lat="44.844370" lon="9.376850" /><trkpt lat="44.844320" lon="9.376900" /><trkpt lat="44.844010" lon="9.377350" /><trkpt lat="44.843950" lon="9.377420" /><trkpt lat="44.843890" lon="9.377470" /><trkpt lat="44.843840" lon="9.377490" /><trkpt lat="44.843430" lon="9.377570" /><trkpt lat="44.843350" lon="9.377610" /><trkpt lat="44.843140" lon="9.377770" /><trkpt lat="44.842550" lon="9.378320" /><trkpt lat="44.842370" lon="9.378460" /><trkpt lat="44.842160" lon="9.378600" /><trkpt lat="44.842020" lon="9.378650" /><trkpt lat="44.841950" lon="9.378660" /><trkpt lat="44.841900" lon="9.378660" /><trkpt lat="44.841840" lon="9.378640" /><trkpt lat="44.841780" lon="9.378610" /><trkpt lat="44.841480" lon="9.378450" /><trkpt lat="44.841440" lon="9.378430" /><trkpt lat="44.841380" lon="9.378430" /><trkpt lat="44.841330" lon="9.378440" /><trkpt lat="44.841150" lon="9.378530" /><trkpt lat="44.841050" lon="9.378620" /><trkpt lat="44.840950" lon="9.378740" /><trkpt lat="44.840820" lon="9.378930" /><trkpt lat="44.840710" lon="9.379250" /><trkpt lat="44.840660" lon="9.379450" /><trkpt lat="44.840600" lon="9.379600" /><trkpt lat="44.840550" lon="9.379700" /><trkpt lat="44.840470" lon="9.379760" /><trkpt lat="44.840390" lon="9.379800" /><trkpt lat="44.840360" lon="9.379800" /><trkpt lat="44.840210" lon="9.379770" /><trkpt lat="44.840170" lon="9.379750" /><trkpt lat="44.839950" lon="9.379630" /><trkpt lat="44.839870" lon="9.379600" /><trkpt lat="44.839800" lon="9.379600" /><trkpt lat="44.839760" lon="9.379610" /><trkpt lat="44.839690" lon="9.379660" /><trkpt lat="44.839610" lon="9.379740" /><trkpt lat="44.839570" lon="9.379840" /><trkpt lat="44.839560" lon="9.379950" /><trkpt lat="44.839520" lon="9.380510" /><trkpt lat="44.839490" lon="9.380710" /><trkpt lat="44.839430" lon="9.380840" /><trkpt lat="44.839370" lon="9.380920" /><trkpt lat="44.839290" lon="9.380990" /><trkpt lat="44.839190" lon="9.381020" /><trkpt lat="44.839060" lon="9.381010" /><trkpt lat="44.838400" lon="9.380790" /><trkpt lat="44.838320" lon="9.380770" /><trkpt lat="44.838210" lon="9.380760" /><trkpt lat="44.838130" lon="9.380770" /><trkpt lat="44.838040" lon="9.380800" /><trkpt lat="44.837610" lon="9.381100" /><trkpt lat="44.836960" lon="9.381570" /><trkpt lat="44.836760" lon="9.381670" /><trkpt lat="44.836500" lon="9.381790" /><trkpt lat="44.836090" lon="9.381990" /><trkpt lat="44.835940" lon="9.382000" /><trkpt lat="44.835880" lon="9.381980" /><trkpt lat="44.835810" lon="9.381940" /><trkpt lat="44.835750" lon="9.381860" /><trkpt lat="44.835670" lon="9.381710" /><trkpt lat="44.835630" lon="9.381610" /><trkpt lat="44.835540" lon="9.381240" /><trkpt lat="44.835480" lon="9.381070" /><trkpt lat="44.835440" lon="9.381000" /><trkpt lat="44.835290" lon="9.380780" /><trkpt lat="44.834510" lon="9.379810" /><trkpt lat="44.834440" lon="9.379690" /><trkpt lat="44.834390" lon="9.379590" /><trkpt lat="44.834330" lon="9.379360" /><trkpt lat="44.834270" lon="9.379130" /><trkpt lat="44.834230" lon="9.379020" /><trkpt lat="44.834190" lon="9.378930" /><trkpt lat="44.834160" lon="9.378890" /><trkpt lat="44.834130" lon="9.378860" /><trkpt lat="44.834090" lon="9.378840" /><trkpt lat="44.834010" lon="9.378820" /><trkpt lat="44.833970" lon="9.378820" /><trkpt lat="44.833930" lon="9.378840" /><trkpt lat="44.833890" lon="9.378860" /><trkpt lat="44.833780" lon="9.378950" /><trkpt lat="44.833580" lon="9.379160" /><trkpt lat="44.833540" lon="9.379190" /><trkpt lat="44.833480" lon="9.379220" /><trkpt lat="44.833390" lon="9.379230" /><trkpt lat="44.833270" lon="9.379230" /><trkpt lat="44.833210" lon="9.379210" /><trkpt lat="44.833150" lon="9.379210" /><trkpt lat="44.832930" lon="9.379290" /><trkpt lat="44.832680" lon="9.379430" /><trkpt lat="44.832250" lon="9.379590" /><trkpt lat="44.831690" lon="9.379740" /><trkpt lat="44.831500" lon="9.379750" /><trkpt lat="44.831420" lon="9.379740" /><trkpt lat="44.831320" lon="9.379720" /><trkpt lat="44.830760" lon="9.379450" /><trkpt lat="44.830680" lon="9.379450" /><trkpt lat="44.830580" lon="9.379460" /><trkpt lat="44.830420" lon="9.379550" /><trkpt lat="44.830270" lon="9.379600" /><trkpt lat="44.830200" lon="9.379620" /><trkpt lat="44.830130" lon="9.379630" /><trkpt lat="44.830070" lon="9.379610" /><trkpt lat="44.830010" lon="9.379580" /><trkpt lat="44.829930" lon="9.379530" /><trkpt lat="44.829830" lon="9.379440" /><trkpt lat="44.829690" lon="9.379200" /><trkpt lat="44.829470" lon="9.378640" /><trkpt lat="44.829280" lon="9.378340" /><trkpt lat="44.829250" lon="9.378270" /><trkpt lat="44.829220" lon="9.378150" /><trkpt lat="44.829140" lon="9.377720" /><trkpt lat="44.829130" lon="9.377630" /><trkpt lat="44.829100" lon="9.377550" /><trkpt lat="44.829060" lon="9.377500" /><trkpt lat="44.829010" lon="9.377490" /><trkpt lat="44.828970" lon="9.377480" /><trkpt lat="44.828900" lon="9.377500" /><trkpt lat="44.828860" lon="9.377540" /><trkpt lat="44.828830" lon="9.377650" /><trkpt lat="44.828820" lon="9.377890" /><trkpt lat="44.828860" lon="9.378470" /><trkpt lat="44.828920" lon="9.378700" /><trkpt lat="44.828950" lon="9.378790" /><trkpt lat="44.829130" lon="9.379430" /><trkpt lat="44.829300" lon="9.380420" /><trkpt lat="44.829330" lon="9.380510" /><trkpt lat="44.829370" lon="9.380590" /><trkpt lat="44.829610" lon="9.381040" /><trkpt lat="44.829640" lon="9.381100" /><trkpt lat="44.829670" lon="9.381190" /><trkpt lat="44.829700" lon="9.381270" /><trkpt lat="44.829720" lon="9.381360" /><trkpt lat="44.829750" lon="9.381600" /><trkpt lat="44.829750" lon="9.381700" /><trkpt lat="44.829750" lon="9.381760" /><trkpt lat="44.829730" lon="9.381880" /><trkpt lat="44.829690" lon="9.381950" /><trkpt lat="44.829630" lon="9.382020" /><trkpt lat="44.829560" lon="9.382090" /><trkpt lat="44.829140" lon="9.382320" /><trkpt lat="44.828810" lon="9.382510" /><trkpt lat="44.828560" lon="9.382580" /><trkpt lat="44.828420" lon="9.382580" /><trkpt lat="44.828260" lon="9.382620" /><trkpt lat="44.828120" lon="9.382670" /><trkpt lat="44.827730" lon="9.382870" /><trkpt lat="44.827490" lon="9.383020" /><trkpt lat="44.827110" lon="9.383200" /><trkpt lat="44.826950" lon="9.383240" /><trkpt lat="44.826730" lon="9.383270" /><trkpt lat="44.826400" lon="9.383290" /><trkpt lat="44.826270" lon="9.383280" /><trkpt lat="44.826140" lon="9.383230" /><trkpt lat="44.826070" lon="9.383190" /><trkpt lat="44.825980" lon="9.383090" /><trkpt lat="44.825870" lon="9.382910" /><trkpt lat="44.825780" lon="9.382720" /><trkpt lat="44.825700" lon="9.382470" /><trkpt lat="44.825660" lon="9.382320" /><trkpt lat="44.825610" lon="9.382090" /><trkpt lat="44.825560" lon="9.381730" /><trkpt lat="44.825510" lon="9.381510" /><trkpt lat="44.825420" lon="9.381310" /><trkpt lat="44.825200" lon="9.380930" /><trkpt lat="44.825140" lon="9.380780" /><trkpt lat="44.825110" lon="9.380590" /><trkpt lat="44.825100" lon="9.380430" /><trkpt lat="44.825090" lon="9.380130" /><trkpt lat="44.825130" lon="9.379820" /><trkpt lat="44.825180" lon="9.379250" /><trkpt lat="44.825180" lon="9.379080" /><trkpt lat="44.825170" lon="9.378880" /><trkpt lat="44.825070" lon="9.378390" /><trkpt lat="44.825030" lon="9.378240" /><trkpt lat="44.825000" lon="9.378030" /><trkpt lat="44.824990" lon="9.377860" /><trkpt lat="44.825040" lon="9.377090" /><trkpt lat="44.825040" lon="9.376930" /><trkpt lat="44.825010" lon="9.376770" /><trkpt lat="44.824970" lon="9.376620" /><trkpt lat="44.824900" lon="9.376470" /><trkpt lat="44.824820" lon="9.376310" /><trkpt lat="44.824680" lon="9.376110" /><trkpt lat="44.824480" lon="9.375910" /><trkpt lat="44.824430" lon="9.375870" /><trkpt lat="44.824330" lon="9.375840" /><trkpt lat="44.824220" lon="9.375840" /><trkpt lat="44.823690" lon="9.375920" /><trkpt lat="44.823580" lon="9.375900" /><trkpt lat="44.823500" lon="9.375830" /><trkpt lat="44.822900" lon="9.374970" /><trkpt lat="44.822850" lon="9.374910" /><trkpt lat="44.822770" lon="9.374820" /><trkpt lat="44.822490" lon="9.374630" /><trkpt lat="44.822360" lon="9.374580" /><trkpt lat="44.822220" lon="9.374510" /><trkpt lat="44.821990" lon="9.374470" /><trkpt lat="44.821800" lon="9.374420" /><trkpt lat="44.821600" lon="9.374330" /><trkpt lat="44.821150" lon="9.373970" /><trkpt lat="44.820750" lon="9.373530" /><trkpt lat="44.820490" lon="9.373150" /><trkpt lat="44.820390" lon="9.373020" /><trkpt lat="44.820210" lon="9.372820" /><trkpt lat="44.819700" lon="9.372410" /><trkpt lat="44.819630" lon="9.372350" /><trkpt lat="44.819570" lon="9.372300" /><trkpt lat="44.819450" lon="9.372190" /><trkpt lat="44.818840" lon="9.371730" /><trkpt lat="44.818650" lon="9.371620" /><trkpt lat="44.818070" lon="9.371400" /><trkpt lat="44.817530" lon="9.371190" /><trkpt lat="44.817420" lon="9.371130" /><trkpt lat="44.817360" lon="9.371080" /><trkpt lat="44.817260" lon="9.370960" /><trkpt lat="44.816980" lon="9.370680" /><trkpt lat="44.816800" lon="9.370580" /><trkpt lat="44.816700" lon="9.370560" /><trkpt lat="44.816490" lon="9.370570" /><trkpt lat="44.816150" lon="9.370570" /><trkpt lat="44.816060" lon="9.370590" /><trkpt lat="44.816000" lon="9.370620" /><trkpt lat="44.815930" lon="9.370680" /><trkpt lat="44.815870" lon="9.370750" /><trkpt lat="44.815830" lon="9.370870" /><trkpt lat="44.815820" lon="9.371470" /><trkpt lat="44.815800" lon="9.371580" /><trkpt lat="44.815770" lon="9.371670" /><trkpt lat="44.815730" lon="9.371730" /><trkpt lat="44.815690" lon="9.371790" /><trkpt lat="44.815610" lon="9.371860" /><trkpt lat="44.815420" lon="9.371890" /><trkpt lat="44.815330" lon="9.371860" /><trkpt lat="44.815170" lon="9.371760" /><trkpt lat="44.815070" lon="9.371710" /><trkpt lat="44.815000" lon="9.371680" /><trkpt lat="44.814910" lon="9.371680" /><trkpt lat="44.814840" lon="9.371700" /><trkpt lat="44.814780" lon="9.371750" /><trkpt lat="44.814730" lon="9.371820" /><trkpt lat="44.814690" lon="9.371900" /><trkpt lat="44.814670" lon="9.372020" /><trkpt lat="44.814530" lon="9.373010" /><trkpt lat="44.814490" lon="9.373160" /><trkpt lat="44.814420" lon="9.373370" /><trkpt lat="44.814270" lon="9.373540" /><trkpt lat="44.814170" lon="9.373620" /><trkpt lat="44.814030" lon="9.373700" /><trkpt lat="44.813830" lon="9.373750" /><trkpt lat="44.813270" lon="9.373790" /><trkpt lat="44.813110" lon="9.373820" /><trkpt lat="44.813020" lon="9.373870" /><trkpt lat="44.812960" lon="9.373940" /><trkpt lat="44.812720" lon="9.374270" /><trkpt lat="44.812450" lon="9.374570" /><trkpt lat="44.812370" lon="9.374690" /><trkpt lat="44.812320" lon="9.374800" /><trkpt lat="44.812200" lon="9.375190" /><trkpt lat="44.812110" lon="9.375360" /><trkpt lat="44.812040" lon="9.375440" /><trkpt lat="44.811980" lon="9.375480" /><trkpt lat="44.811920" lon="9.375510" /><trkpt lat="44.811580" lon="9.375550" /><trkpt lat="44.811210" lon="9.375570" /><trkpt lat="44.811050" lon="9.375550" /><trkpt lat="44.810930" lon="9.375500" /><trkpt lat="44.810810" lon="9.375420" /><trkpt lat="44.810720" lon="9.375330" /><trkpt lat="44.810640" lon="9.375210" /><trkpt lat="44.810480" lon="9.374820" /><trkpt lat="44.810420" lon="9.374710" /><trkpt lat="44.810340" lon="9.374590" /><trkpt lat="44.810240" lon="9.374400" /><trkpt lat="44.810190" lon="9.374230" /><trkpt lat="44.810170" lon="9.374050" /><trkpt lat="44.810160" lon="9.373850" /><trkpt lat="44.810180" lon="9.372520" /><trkpt lat="44.810200" lon="9.372390" /><trkpt lat="44.810280" lon="9.372070" /><trkpt lat="44.810280" lon="9.372020" /><trkpt lat="44.810280" lon="9.371930" /><trkpt lat="44.809920" lon="9.371140" /><trkpt lat="44.809800" lon="9.370960" /><trkpt lat="44.809700" lon="9.370860" /><trkpt lat="44.809650" lon="9.370840" /><trkpt lat="44.809600" lon="9.370840" /><trkpt lat="44.809510" lon="9.370860" /><trkpt lat="44.809440" lon="9.370910" /><trkpt lat="44.809160" lon="9.371180" /><trkpt lat="44.809050" lon="9.371240" /><trkpt lat="44.808860" lon="9.371270" /><trkpt lat="44.808510" lon="9.371290" /><trkpt lat="44.808280" lon="9.371270" /><trkpt lat="44.808050" lon="9.371190" /><trkpt lat="44.807810" lon="9.371060" /><trkpt lat="44.807620" lon="9.370940" /><trkpt lat="44.807500" lon="9.370820" /><trkpt lat="44.807100" lon="9.370440" /><trkpt lat="44.806990" lon="9.370380" /><trkpt lat="44.806700" lon="9.370270" /><trkpt lat="44.806570" lon="9.370170" /><trkpt lat="44.806500" lon="9.370090" /><trkpt lat="44.806450" lon="9.370000" /><trkpt lat="44.806320" lon="9.369630" /><trkpt lat="44.806250" lon="9.369380" /><trkpt lat="44.806210" lon="9.369160" /><trkpt lat="44.806160" lon="9.368740" /><trkpt lat="44.806110" lon="9.368440" /><trkpt lat="44.806040" lon="9.368190" /><trkpt lat="44.805890" lon="9.367690" /><trkpt lat="44.805830" lon="9.367530" /><trkpt lat="44.805520" lon="9.367050" /><trkpt lat="44.805460" lon="9.366910" /><trkpt lat="44.805260" lon="9.366190" /><trkpt lat="44.805210" lon="9.366120" /><trkpt lat="44.805160" lon="9.366080" /><trkpt lat="44.805120" lon="9.366070" /><trkpt lat="44.805030" lon="9.366090" /><trkpt lat="44.804700" lon="9.366350" /><trkpt lat="44.804620" lon="9.366400" /><trkpt lat="44.804570" lon="9.366430" /><trkpt lat="44.804490" lon="9.366430" /><trkpt lat="44.804430" lon="9.366420" /><trkpt lat="44.804220" lon="9.366280" /><trkpt lat="44.804100" lon="9.366240" /><trkpt lat="44.803980" lon="9.366210" /><trkpt lat="44.803910" lon="9.366230" /><trkpt lat="44.803860" lon="9.366270" /><trkpt lat="44.803730" lon="9.366470" /><trkpt lat="44.803560" lon="9.366780" /><trkpt lat="44.803500" lon="9.366820" /><trkpt lat="44.803010" lon="9.367050" /><trkpt lat="44.802960" lon="9.367110" /><trkpt lat="44.802900" lon="9.367180" /><trkpt lat="44.802780" lon="9.367420" /><trkpt lat="44.802650" lon="9.367770" /><trkpt lat="44.802460" lon="9.368490" /><trkpt lat="44.802440" lon="9.368550" /><trkpt lat="44.802430" lon="9.368650" /><trkpt lat="44.802420" lon="9.368810" /><trkpt lat="44.802420" lon="9.369210" /><trkpt lat="44.802450" lon="9.369340" /><trkpt lat="44.802490" lon="9.369510" /><trkpt lat="44.802650" lon="9.369910" /><trkpt lat="44.802750" lon="9.370140" /><trkpt lat="44.802800" lon="9.370330" /><trkpt lat="44.802810" lon="9.370460" /><trkpt lat="44.802800" lon="9.370610" /><trkpt lat="44.802750" lon="9.370750" /><trkpt lat="44.802660" lon="9.370890" /><trkpt lat="44.802550" lon="9.370980" /><trkpt lat="44.802480" lon="9.371010" /><trkpt lat="44.802390" lon="9.371030" /><trkpt lat="44.802250" lon="9.371050" /><trkpt lat="44.801770" lon="9.371080" /><trkpt lat="44.801610" lon="9.371110" /><trkpt lat="44.801530" lon="9.371150" /><trkpt lat="44.801460" lon="9.371210" /><trkpt lat="44.801360" lon="9.371340" /><trkpt lat="44.801240" lon="9.371510" /><trkpt lat="44.801200" lon="9.371600" /><trkpt lat="44.801140" lon="9.371670" /><trkpt lat="44.801100" lon="9.371700" /><trkpt lat="44.800490" lon="9.372130" /><trkpt lat="44.800090" lon="9.372310" /><trkpt lat="44.799450" lon="9.372470" /><trkpt lat="44.799320" lon="9.372490" /><trkpt lat="44.799240" lon="9.372480" /><trkpt lat="44.799160" lon="9.372460" /><trkpt lat="44.798970" lon="9.372370" /><trkpt lat="44.798760" lon="9.372290" /><trkpt lat="44.798730" lon="9.372280" /><trkpt lat="44.798690" lon="9.372280" /><trkpt lat="44.798580" lon="9.372310" /><trkpt lat="44.798420" lon="9.372370" /><trkpt lat="44.798210" lon="9.372400" /><trkpt lat="44.798100" lon="9.372360" /><trkpt lat="44.797620" lon="9.372080" /><trkpt lat="44.797520" lon="9.372040" /><trkpt lat="44.797470" lon="9.372040" /><trkpt lat="44.797350" lon="9.372040" /><trkpt lat="44.797290" lon="9.372060" /><trkpt lat="44.796940" lon="9.372360" /><trkpt lat="44.796840" lon="9.372390" /><trkpt lat="44.796760" lon="9.372380" /><trkpt lat="44.796690" lon="9.372350" /><trkpt lat="44.796100" lon="9.371770" /><trkpt lat="44.795770" lon="9.371510" /><trkpt lat="44.795600" lon="9.371420" /><trkpt lat="44.795427" lon="9.371331" /><trkpt lat="44.795334" lon="9.371264" /><trkpt lat="44.795271" lon="9.371179" /><trkpt lat="44.795200" lon="9.370930" /><trkpt lat="44.795190" lon="9.370830" /><trkpt lat="44.795190" lon="9.370670" /><trkpt lat="44.795313" lon="9.370157" /><trkpt lat="44.795354" lon="9.369831" /><trkpt lat="44.795365" lon="9.369691" /><trkpt lat="44.795383" lon="9.369671" /><trkpt lat="44.795402" lon="9.369597" /><trkpt lat="44.795440" lon="9.369522" /><trkpt lat="44.795450" lon="9.369450" /><trkpt lat="44.795470" lon="9.369320" /><trkpt lat="44.795460" lon="9.369210" /><trkpt lat="44.795440" lon="9.369110" /><trkpt lat="44.795290" lon="9.368620" /><trkpt lat="44.795260" lon="9.368450" /><trkpt lat="44.795260" lon="9.368320" /><trkpt lat="44.795280" lon="9.368170" /><trkpt lat="44.795310" lon="9.368050" /><trkpt lat="44.795410" lon="9.367790" /><trkpt lat="44.795520" lon="9.367610" /><trkpt lat="44.796470" lon="9.366450" /><trkpt lat="44.796710" lon="9.366040" /><trkpt lat="44.796740" lon="9.365940" /><trkpt lat="44.796780" lon="9.365830" /><trkpt lat="44.796940" lon="9.364870" /><trkpt lat="44.796990" lon="9.364630" /><trkpt lat="44.797050" lon="9.364420" /><trkpt lat="44.797110" lon="9.364280" /><trkpt lat="44.797470" lon="9.363610" /><trkpt lat="44.797940" lon="9.362750" /><trkpt lat="44.798080" lon="9.362540" /><trkpt lat="44.798150" lon="9.362460" /><trkpt lat="44.798210" lon="9.362420" /><trkpt lat="44.798360" lon="9.362350" /><trkpt lat="44.798530" lon="9.362320" /><trkpt lat="44.798640" lon="9.362260" /><trkpt lat="44.798710" lon="9.362190" /><trkpt lat="44.798750" lon="9.362140" /><trkpt lat="44.798780" lon="9.362060" /><trkpt lat="44.798800" lon="9.361980" /><trkpt lat="44.798820" lon="9.361820" /><trkpt lat="44.798820" lon="9.361650" /><trkpt lat="44.798790" lon="9.361290" /><trkpt lat="44.798790" lon="9.361190" /><trkpt lat="44.798810" lon="9.361110" /><trkpt lat="44.798860" lon="9.360990" /><trkpt lat="44.799230" lon="9.360350" /><trkpt lat="44.799280" lon="9.360250" /><trkpt lat="44.799330" lon="9.360130" /><trkpt lat="44.799360" lon="9.359990" /><trkpt lat="44.799380" lon="9.359890" /><trkpt lat="44.799390" lon="9.359820" /><trkpt lat="44.799380" lon="9.359700" /><trkpt lat="44.799280" lon="9.359420" /><trkpt lat="44.799260" lon="9.359290" /><trkpt lat="44.799250" lon="9.359210" /><trkpt lat="44.799260" lon="9.359120" /><trkpt lat="44.799290" lon="9.359030" /><trkpt lat="44.799330" lon="9.358960" /><trkpt lat="44.799370" lon="9.358910" /><trkpt lat="44.799450" lon="9.358870" /><trkpt lat="44.799550" lon="9.358850" /><trkpt lat="44.799670" lon="9.358840" /><trkpt lat="44.799860" lon="9.358870" /><trkpt lat="44.799930" lon="9.358850" /><trkpt lat="44.800190" lon="9.358740" /><trkpt lat="44.800250" lon="9.358730" /><trkpt lat="44.800300" lon="9.358730" /><trkpt lat="44.800360" lon="9.358740" /><trkpt lat="44.800440" lon="9.358770" /><trkpt lat="44.800530" lon="9.358840" /><trkpt lat="44.800980" lon="9.359300" /><trkpt lat="44.801050" lon="9.359330" /><trkpt lat="44.801130" lon="9.359340" /><trkpt lat="44.801200" lon="9.359340" /><trkpt lat="44.801250" lon="9.359290" /><trkpt lat="44.801300" lon="9.359230" /><trkpt lat="44.801630" lon="9.358790" /><trkpt lat="44.801710" lon="9.358720" /><trkpt lat="44.801780" lon="9.358680" /><trkpt lat="44.801870" lon="9.358650" /><trkpt lat="44.802140" lon="9.358610" /><trkpt lat="44.802250" lon="9.358600" /><trkpt lat="44.802760" lon="9.358580" /><trkpt lat="44.802900" lon="9.358610" /><trkpt lat="44.803090" lon="9.358730" /><trkpt lat="44.803160" lon="9.358750" /><trkpt lat="44.803230" lon="9.358770" /><trkpt lat="44.803270" lon="9.358770" /><trkpt lat="44.803320" lon="9.358750" /><trkpt lat="44.803400" lon="9.358700" /><trkpt lat="44.803450" lon="9.358630" /><trkpt lat="44.803520" lon="9.358510" /><trkpt lat="44.803740" lon="9.358040" /><trkpt lat="44.803950" lon="9.357490" /><trkpt lat="44.804000" lon="9.357280" /><trkpt lat="44.804020" lon="9.357040" /><trkpt lat="44.804030" lon="9.356760" /><trkpt lat="44.804060" lon="9.356600" /><trkpt lat="44.804090" lon="9.356500" /><trkpt lat="44.804110" lon="9.356460" /><trkpt lat="44.804130" lon="9.356450" /><trkpt lat="44.804160" lon="9.356410" /><trkpt lat="44.804440" lon="9.356250" /><trkpt lat="44.804480" lon="9.356200" /><trkpt lat="44.804510" lon="9.356170" /><trkpt lat="44.804550" lon="9.356110" /><trkpt lat="44.804570" lon="9.356080" /><trkpt lat="44.804580" lon="9.356010" /><trkpt lat="44.804610" lon="9.355850" /><trkpt lat="44.804610" lon="9.355620" /><trkpt lat="44.804600" lon="9.354910" /><trkpt lat="44.804610" lon="9.354810" /><trkpt lat="44.804640" lon="9.354740" /><trkpt lat="44.804780" lon="9.354550" /><trkpt lat="44.805290" lon="9.353980" /><trkpt lat="44.805440" lon="9.353770" /><trkpt lat="44.805710" lon="9.353250" /><trkpt lat="44.805800" lon="9.352970" /><trkpt lat="44.805860" lon="9.352740" /><trkpt lat="44.805870" lon="9.352580" /><trkpt lat="44.805860" lon="9.352450" /><trkpt lat="44.805850" lon="9.352390" /><trkpt lat="44.805750" lon="9.352000" /><trkpt lat="44.805740" lon="9.351900" /><trkpt lat="44.805740" lon="9.351750" /><trkpt lat="44.805830" lon="9.351030" /><trkpt lat="44.805940" lon="9.350550" /><trkpt lat="44.805970" lon="9.350470" /><trkpt lat="44.806030" lon="9.350370" /><trkpt lat="44.806110" lon="9.350270" /><trkpt lat="44.806530" lon="9.350070" /><trkpt lat="44.806600" lon="9.350010" /><trkpt lat="44.806630" lon="9.349920" /><trkpt lat="44.806710" lon="9.349630" /><trkpt lat="44.806780" lon="9.349100" /><trkpt lat="44.806850" lon="9.348450" /><trkpt lat="44.806840" lon="9.348260" /><trkpt lat="44.806820" lon="9.348140" /><trkpt lat="44.806780" lon="9.348030" /><trkpt lat="44.806740" lon="9.347950" /><trkpt lat="44.806720" lon="9.347920" /><trkpt lat="44.806610" lon="9.347760" /><trkpt lat="44.806100" lon="9.347210" /><trkpt lat="44.805860" lon="9.347030" /><trkpt lat="44.805750" lon="9.346980" /><trkpt lat="44.805100" lon="9.346760" /><trkpt lat="44.805020" lon="9.346710" /><trkpt lat="44.804760" lon="9.346530" /><trkpt lat="44.804520" lon="9.346290" /><trkpt lat="44.804270" lon="9.346000" /><trkpt lat="44.804240" lon="9.345920" /><trkpt lat="44.804210" lon="9.345850" /><trkpt lat="44.804200" lon="9.345750" /><trkpt lat="44.804180" lon="9.345010" /><trkpt lat="44.804160" lon="9.344850" /><trkpt lat="44.804130" lon="9.344790" /><trkpt lat="44.804080" lon="9.344740" /><trkpt lat="44.803780" lon="9.344540" /><trkpt lat="44.803710" lon="9.344470" /><trkpt lat="44.803680" lon="9.344390" /><trkpt lat="44.803680" lon="9.344290" /><trkpt lat="44.803680" lon="9.344170" /><trkpt lat="44.803750" lon="9.343960" /><trkpt lat="44.803780" lon="9.343900" /><trkpt lat="44.803880" lon="9.343760" /><trkpt lat="44.804610" lon="9.343080" /><trkpt lat="44.804640" lon="9.343050" /><trkpt lat="44.804670" lon="9.342980" /><trkpt lat="44.804700" lon="9.342830" /><trkpt lat="44.804680" lon="9.342650" /><trkpt lat="44.804660" lon="9.342560" /><trkpt lat="44.804630" lon="9.342450" /><trkpt lat="44.804540" lon="9.342320" /><trkpt lat="44.804380" lon="9.342150" /><trkpt lat="44.804295" lon="9.342048" /><trkpt lat="44.804240" lon="9.341890" /><trkpt lat="44.804210" lon="9.341750" /><trkpt lat="44.804200" lon="9.341570" /><trkpt lat="44.804240" lon="9.341320" /><trkpt lat="44.804280" lon="9.341380" /><trkpt lat="44.804300" lon="9.341430" /><trkpt lat="44.804320" lon="9.341510" /><trkpt lat="44.804320" lon="9.341650" /><trkpt lat="44.804340" lon="9.341770" /><trkpt lat="44.804370" lon="9.341860" /><trkpt lat="44.804430" lon="9.341920" /><trkpt lat="44.804480" lon="9.341970" /><trkpt lat="44.804590" lon="9.341990" /><trkpt lat="44.804670" lon="9.341980" /><trkpt lat="44.804770" lon="9.341920" /><trkpt lat="44.805260" lon="9.341540" /><trkpt lat="44.805320" lon="9.341500" /><trkpt lat="44.805380" lon="9.341470" /><trkpt lat="44.805850" lon="9.341380" /><trkpt lat="44.806070" lon="9.341380" /><trkpt lat="44.806150" lon="9.341400" /><trkpt lat="44.806210" lon="9.341450" /><trkpt lat="44.806280" lon="9.341530" /><trkpt lat="44.806490" lon="9.341820" /><trkpt lat="44.806640" lon="9.341990" /><trkpt lat="44.806820" lon="9.342120" /><trkpt lat="44.806990" lon="9.342220" /><trkpt lat="44.807040" lon="9.342230" /><trkpt lat="44.807090" lon="9.342220" /><trkpt lat="44.807130" lon="9.342210" /><trkpt lat="44.807410" lon="9.342050" /><trkpt lat="44.807500" lon="9.341980" /><trkpt lat="44.807560" lon="9.341890" /><trkpt lat="44.807650" lon="9.341670" /><trkpt lat="44.807710" lon="9.341390" /><trkpt lat="44.807740" lon="9.341060" /><trkpt lat="44.807740" lon="9.340890" /><trkpt lat="44.807720" lon="9.340740" /><trkpt lat="44.807690" lon="9.340630" /><trkpt lat="44.807650" lon="9.340520" /><trkpt lat="44.807560" lon="9.340360" /><trkpt lat="44.807450" lon="9.340200" /><trkpt lat="44.807390" lon="9.340130" /><trkpt lat="44.807300" lon="9.340040" /><trkpt lat="44.807240" lon="9.339990" /><trkpt lat="44.807170" lon="9.339950" /><trkpt lat="44.806770" lon="9.339740" /><trkpt lat="44.806730" lon="9.339700" /><trkpt lat="44.806690" lon="9.339660" /><trkpt lat="44.806650" lon="9.339580" /><trkpt lat="44.806640" lon="9.339530" /><trkpt lat="44.806630" lon="9.339470" /><trkpt lat="44.806630" lon="9.339400" /><trkpt lat="44.806640" lon="9.339310" /><trkpt lat="44.806670" lon="9.339220" /><trkpt lat="44.806700" lon="9.339160" /><trkpt lat="44.806760" lon="9.339120" /><trkpt lat="44.806900" lon="9.339050" /><trkpt lat="44.807330" lon="9.338930" /><trkpt lat="44.807420" lon="9.338930" /><trkpt lat="44.807490" lon="9.338950" /><trkpt lat="44.807550" lon="9.338990" /><trkpt lat="44.807590" lon="9.339050" /><trkpt lat="44.807760" lon="9.339390" /><trkpt lat="44.807780" lon="9.339440" /><trkpt lat="44.807810" lon="9.339480" /><trkpt lat="44.807880" lon="9.339520" /><trkpt lat="44.807910" lon="9.339520" /><trkpt lat="44.807930" lon="9.339520" /><trkpt lat="44.807980" lon="9.339500" /><trkpt lat="44.808040" lon="9.339430" /><trkpt lat="44.808060" lon="9.339380" /><trkpt lat="44.808080" lon="9.339300" /><trkpt lat="44.808110" lon="9.339130" /><trkpt lat="44.808110" lon="9.338900" /><trkpt lat="44.808100" lon="9.338480" /><trkpt lat="44.808090" lon="9.338380" /><trkpt lat="44.808080" lon="9.338310" /><trkpt lat="44.808020" lon="9.338160" /><trkpt lat="44.807840" lon="9.337910" /><trkpt lat="44.807480" lon="9.337480" /><trkpt lat="44.807410" lon="9.337420" /><trkpt lat="44.807330" lon="9.337380" /><trkpt lat="44.806850" lon="9.337310" /><trkpt lat="44.806710" lon="9.337240" /><trkpt lat="44.806520" lon="9.337070" /><trkpt lat="44.806440" lon="9.336980" /><trkpt lat="44.806350" lon="9.336840" /><trkpt lat="44.806340" lon="9.336800" /><trkpt lat="44.806320" lon="9.336730" /><trkpt lat="44.806320" lon="9.336610" /><trkpt lat="44.806330" lon="9.336530" /><trkpt lat="44.806350" lon="9.336390" /><trkpt lat="44.806670" lon="9.335380" /><trkpt lat="44.806710" lon="9.335280" /><trkpt lat="44.806730" lon="9.335160" /><trkpt lat="44.806740" lon="9.335050" /><trkpt lat="44.806730" lon="9.334970" /><trkpt lat="44.806700" lon="9.334920" /><trkpt lat="44.806660" lon="9.334870" /><trkpt lat="44.806610" lon="9.334840" /><trkpt lat="44.806550" lon="9.334800" /><trkpt lat="44.806380" lon="9.334730" /><trkpt lat="44.806300" lon="9.334670" /><trkpt lat="44.806250" lon="9.334620" /><trkpt lat="44.806140" lon="9.334430" /><trkpt lat="44.806070" lon="9.334220" /><trkpt lat="44.806010" lon="9.333780" /><trkpt lat="44.805990" lon="9.333710" /><trkpt lat="44.805950" lon="9.333640" /><trkpt lat="44.805900" lon="9.333580" /><trkpt lat="44.805480" lon="9.333160" /><trkpt lat="44.805440" lon="9.333100" /><trkpt lat="44.805420" lon="9.333060" /><trkpt lat="44.805390" lon="9.332980" /><trkpt lat="44.805370" lon="9.332920" /><trkpt lat="44.805370" lon="9.332850" /><trkpt lat="44.805380" lon="9.332780" /><trkpt lat="44.805430" lon="9.332650" /><trkpt lat="44.805580" lon="9.332350" /><trkpt lat="44.805610" lon="9.332250" /><trkpt lat="44.805620" lon="9.332080" /><trkpt lat="44.805590" lon="9.331520" /><trkpt lat="44.805570" lon="9.331360" /><trkpt lat="44.805530" lon="9.331260" /><trkpt lat="44.805480" lon="9.331200" /><trkpt lat="44.805420" lon="9.331160" /><trkpt lat="44.805220" lon="9.331100" /><trkpt lat="44.805110" lon="9.331050" /><trkpt lat="44.805040" lon="9.331010" /><trkpt lat="44.804990" lon="9.330950" /><trkpt lat="44.804620" lon="9.330430" /><trkpt lat="44.804450" lon="9.330130" /><trkpt lat="44.804370" lon="9.329880" /><trkpt lat="44.804230" lon="9.329180" /><trkpt lat="44.804160" lon="9.328780" /><trkpt lat="44.804150" lon="9.328590" /><trkpt lat="44.804260" lon="9.326900" /><trkpt lat="44.804280" lon="9.326720" /><trkpt lat="44.804310" lon="9.326600" /><trkpt lat="44.804360" lon="9.326490" /><trkpt lat="44.804420" lon="9.326400" /><trkpt lat="44.804880" lon="9.325820" /><trkpt lat="44.805090" lon="9.325480" /><trkpt lat="44.805290" lon="9.325080" /><trkpt lat="44.805320" lon="9.324970" /><trkpt lat="44.805400" lon="9.324570" /><trkpt lat="44.805420" lon="9.324490" /><trkpt lat="44.805450" lon="9.324420" /><trkpt lat="44.805470" lon="9.324390" /><trkpt lat="44.805490" lon="9.324360" /><trkpt lat="44.805510" lon="9.324350" /><trkpt lat="44.805540" lon="9.324340" /><trkpt lat="44.805580" lon="9.324330" /><trkpt lat="44.805620" lon="9.324340" /><trkpt lat="44.805670" lon="9.324380" /><trkpt lat="44.805810" lon="9.324520" /><trkpt lat="44.805850" lon="9.324550" /><trkpt lat="44.805890" lon="9.324570" /><trkpt lat="44.805930" lon="9.324560" /><trkpt lat="44.805960" lon="9.324540" /><trkpt lat="44.806010" lon="9.324510" /><trkpt lat="44.806070" lon="9.324450" /><trkpt lat="44.806120" lon="9.324390" /><trkpt lat="44.806240" lon="9.324190" /><trkpt lat="44.806330" lon="9.323990" /><trkpt lat="44.806380" lon="9.323830" /><trkpt lat="44.806420" lon="9.323660" /><trkpt lat="44.806470" lon="9.323424" /><trkpt lat="44.806528" lon="9.323290" /><trkpt lat="44.806600" lon="9.323212" /><trkpt lat="44.806690" lon="9.323130" /><trkpt lat="44.806800" lon="9.323050" /><trkpt lat="44.806990" lon="9.323040" /><trkpt lat="44.807560" lon="9.323340" /><trkpt lat="44.807670" lon="9.323370" /><trkpt lat="44.808030" lon="9.323450" /><trkpt lat="44.808170" lon="9.323460" /><trkpt lat="44.808420" lon="9.323490" /><trkpt lat="44.808500" lon="9.323530" /><trkpt lat="44.808540" lon="9.323570" /><trkpt lat="44.808600" lon="9.323620" /><trkpt lat="44.808710" lon="9.323760" /><trkpt lat="44.808780" lon="9.323850" /><trkpt lat="44.808870" lon="9.323940" /><trkpt lat="44.808920" lon="9.323950" /><trkpt lat="44.808990" lon="9.323970" /><trkpt lat="44.809450" lon="9.324000" /><trkpt lat="44.810030" lon="9.324050" /><trkpt lat="44.810200" lon="9.324080" /><trkpt lat="44.810520" lon="9.324230" /><trkpt lat="44.811090" lon="9.324570" /><trkpt lat="44.811190" lon="9.324600" /><trkpt lat="44.811260" lon="9.324580" /><trkpt lat="44.811480" lon="9.324490" /><trkpt lat="44.811510" lon="9.324490" /><trkpt lat="44.811550" lon="9.324510" /><trkpt lat="44.811650" lon="9.324540" /><trkpt lat="44.811750" lon="9.324570" /><trkpt lat="44.812040" lon="9.324560" /><trkpt lat="44.812280" lon="9.324440" /><trkpt lat="44.812520" lon="9.324370" /><trkpt lat="44.812890" lon="9.324160" /><trkpt lat="44.812970" lon="9.324140" /><trkpt lat="44.813000" lon="9.324160" /><trkpt lat="44.813030" lon="9.324190" /><trkpt lat="44.813040" lon="9.324230" /><trkpt lat="44.813030" lon="9.324300" /><trkpt lat="44.813010" lon="9.324370" /><trkpt lat="44.812960" lon="9.324420" /><trkpt lat="44.812780" lon="9.324530" /><trkpt lat="44.812730" lon="9.324590" /><trkpt lat="44.812640" lon="9.324920" /><trkpt lat="44.812570" lon="9.325020" /><trkpt lat="44.812520" lon="9.325050" /><trkpt lat="44.812350" lon="9.325120" /><trkpt lat="44.812160" lon="9.325150" /><trkpt lat="44.812120" lon="9.325160" /><trkpt lat="44.812060" lon="9.325200" /><trkpt lat="44.812030" lon="9.325230" /><trkpt lat="44.812010" lon="9.325280" /><trkpt lat="44.812000" lon="9.325330" /><trkpt lat="44.812010" lon="9.325400" /><trkpt lat="44.812040" lon="9.325450" /><trkpt lat="44.812090" lon="9.325470" /><trkpt lat="44.812150" lon="9.325470" /><trkpt lat="44.812220" lon="9.325460" /><trkpt lat="44.812360" lon="9.325420" /><trkpt lat="44.812550" lon="9.325420" /><trkpt lat="44.812730" lon="9.325450" /><trkpt lat="44.812890" lon="9.325460" /><trkpt lat="44.812950" lon="9.325440" /><trkpt lat="44.813010" lon="9.325360" /><trkpt lat="44.813110" lon="9.325160" /><trkpt lat="44.813180" lon="9.325090" /><trkpt lat="44.813270" lon="9.325040" /><trkpt lat="44.813500" lon="9.324990" /><trkpt lat="44.813640" lon="9.324940" /><trkpt lat="44.813840" lon="9.324750" /><trkpt lat="44.814040" lon="9.324690" /><trkpt lat="44.814130" lon="9.324610" /><trkpt lat="44.814240" lon="9.324480" /><trkpt lat="44.814340" lon="9.324390" /><trkpt lat="44.814490" lon="9.324360" /><trkpt lat="44.814800" lon="9.324420" /><trkpt lat="44.814990" lon="9.324490" /><trkpt lat="44.815140" lon="9.324590" /><trkpt lat="44.815250" lon="9.324700" /><trkpt lat="44.815880" lon="9.325110" /><trkpt lat="44.816040" lon="9.325170" /><trkpt lat="44.816150" lon="9.325190" /><trkpt lat="44.816240" lon="9.325210" /><trkpt lat="44.816460" lon="9.325410" /><trkpt lat="44.816530" lon="9.325420" /><trkpt lat="44.816590" lon="9.325420" /><trkpt lat="44.816690" lon="9.325390" /><trkpt lat="44.816800" lon="9.325340" /><trkpt lat="44.817010" lon="9.325200" /><trkpt lat="44.817220" lon="9.324960" /><trkpt lat="44.817380" lon="9.324710" /><trkpt lat="44.817470" lon="9.324410" /><trkpt lat="44.817540" lon="9.324270" /><trkpt lat="44.817600" lon="9.324180" /><trkpt lat="44.817820" lon="9.324000" /><trkpt lat="44.818070" lon="9.323830" /><trkpt lat="44.818650" lon="9.323470" /><trkpt lat="44.818810" lon="9.323390" /><trkpt lat="44.819110" lon="9.323300" /><trkpt lat="44.819290" lon="9.323300" /><trkpt lat="44.819360" lon="9.323310" /><trkpt lat="44.819460" lon="9.323340" /><trkpt lat="44.819570" lon="9.323380" /><trkpt lat="44.819670" lon="9.323440" /><trkpt lat="44.819820" lon="9.323570" /><trkpt lat="44.819910" lon="9.323630" /><trkpt lat="44.820080" lon="9.323680" /><trkpt lat="44.820360" lon="9.323710" /><trkpt lat="44.820480" lon="9.323700" /><trkpt lat="44.820580" lon="9.323660" /><trkpt lat="44.820770" lon="9.323540" /><trkpt lat="44.821170" lon="9.323220" /><trkpt lat="44.821560" lon="9.322880" /><trkpt lat="44.821640" lon="9.322850" /><trkpt lat="44.821710" lon="9.322850" /><trkpt lat="44.821780" lon="9.322860" /><trkpt lat="44.821830" lon="9.322870" /><trkpt lat="44.822220" lon="9.322980" /><trkpt lat="44.822500" lon="9.323000" /><trkpt lat="44.822720" lon="9.322970" /><trkpt lat="44.822820" lon="9.322990" /><trkpt lat="44.822880" lon="9.323020" /><trkpt lat="44.823140" lon="9.323290" /><trkpt lat="44.823210" lon="9.323380" /><trkpt lat="44.823260" lon="9.323490" /><trkpt lat="44.823270" lon="9.323580" /><trkpt lat="44.823270" lon="9.323660" /><trkpt lat="44.823230" lon="9.323750" /><trkpt lat="44.823110" lon="9.323860" /><trkpt lat="44.822910" lon="9.323920" /><trkpt lat="44.822820" lon="9.323930" /><trkpt lat="44.822780" lon="9.323920" /><trkpt lat="44.822730" lon="9.323900" /><trkpt lat="44.822670" lon="9.323850" /><trkpt lat="44.822480" lon="9.323640" /><trkpt lat="44.822400" lon="9.323590" /><trkpt lat="44.822200" lon="9.323510" /><trkpt lat="44.821870" lon="9.323480" /><trkpt lat="44.821730" lon="9.323520" /><trkpt lat="44.821570" lon="9.323620" /><trkpt lat="44.821450" lon="9.323740" /><trkpt lat="44.820890" lon="9.324360" /><trkpt lat="44.820790" lon="9.324450" /><trkpt lat="44.820670" lon="9.324480" /><trkpt lat="44.820490" lon="9.324500" /><trkpt lat="44.820430" lon="9.324530" /><trkpt lat="44.820390" lon="9.324560" /><trkpt lat="44.820240" lon="9.324690" /><trkpt lat="44.820140" lon="9.324740" /><trkpt lat="44.819770" lon="9.324880" /><trkpt lat="44.819710" lon="9.324910" /><trkpt lat="44.819570" lon="9.325020" /><trkpt lat="44.818670" lon="9.325940" /><trkpt lat="44.818590" lon="9.326040" /><trkpt lat="44.818550" lon="9.326140" /><trkpt lat="44.818540" lon="9.326220" /><trkpt lat="44.818540" lon="9.326330" /><trkpt lat="44.818560" lon="9.326410" /><trkpt lat="44.818590" lon="9.326460" /><trkpt lat="44.818620" lon="9.326500" /><trkpt lat="44.818690" lon="9.326540" /><trkpt lat="44.819010" lon="9.326570" /><trkpt lat="44.819230" lon="9.326680" /><trkpt lat="44.819380" lon="9.326710" /><trkpt lat="44.819530" lon="9.326690" /><trkpt lat="44.819740" lon="9.326600" /><trkpt lat="44.820020" lon="9.326510" /><trkpt lat="44.820090" lon="9.326480" /><trkpt lat="44.820200" lon="9.326420" /><trkpt lat="44.820220" lon="9.326400" /><trkpt lat="44.820310" lon="9.326300" /><trkpt lat="44.820560" lon="9.325950" /><trkpt lat="44.820620" lon="9.325890" /><trkpt lat="44.820740" lon="9.325790" /><trkpt lat="44.821070" lon="9.325430" /><trkpt lat="44.821140" lon="9.325380" /><trkpt lat="44.821250" lon="9.325360" /><trkpt lat="44.821540" lon="9.325370" /><trkpt lat="44.821670" lon="9.325350" /><trkpt lat="44.821900" lon="9.325240" /><trkpt lat="44.822010" lon="9.325210" /><trkpt lat="44.822100" lon="9.325210" /><trkpt lat="44.822170" lon="9.325240" /><trkpt lat="44.822430" lon="9.325500" /><trkpt lat="44.822560" lon="9.325600" /><trkpt lat="44.822630" lon="9.325630" /><trkpt lat="44.822710" lon="9.325630" /><trkpt lat="44.822790" lon="9.325610" /><trkpt lat="44.823140" lon="9.325470" /><trkpt lat="44.823230" lon="9.325450" /><trkpt lat="44.823560" lon="9.325440" /><trkpt lat="44.823730" lon="9.325390" /><trkpt lat="44.824110" lon="9.325220" /><trkpt lat="44.824220" lon="9.325200" /><trkpt lat="44.824590" lon="9.325130" /><trkpt lat="44.824840" lon="9.325110" /><trkpt lat="44.825030" lon="9.325150" /><trkpt lat="44.825280" lon="9.325250" /><trkpt lat="44.825420" lon="9.325270" /><trkpt lat="44.825520" lon="9.325250" /><trkpt lat="44.825590" lon="9.325190" /><trkpt lat="44.825650" lon="9.325040" /><trkpt lat="44.825720" lon="9.324680" /><trkpt lat="44.825730" lon="9.324510" /><trkpt lat="44.825740" lon="9.324200" /><trkpt lat="44.825730" lon="9.324010" /><trkpt lat="44.825680" lon="9.323350" /><trkpt lat="44.825690" lon="9.323160" /><trkpt lat="44.825720" lon="9.323000" /><trkpt lat="44.825760" lon="9.322920" /><trkpt lat="44.825810" lon="9.322860" /><trkpt lat="44.825880" lon="9.322840" /><trkpt lat="44.825920" lon="9.322840" /><trkpt lat="44.825970" lon="9.322850" /><trkpt lat="44.826020" lon="9.322900" /><trkpt lat="44.826060" lon="9.322990" /><trkpt lat="44.826100" lon="9.323140" /><trkpt lat="44.826150" lon="9.323230" /><trkpt lat="44.826220" lon="9.323320" /><trkpt lat="44.826340" lon="9.323440" /><trkpt lat="44.826820" lon="9.323840" /><trkpt lat="44.826960" lon="9.323990" /><trkpt lat="44.827080" lon="9.324160" /><trkpt lat="44.827250" lon="9.324510" /><trkpt lat="44.827420" lon="9.324750" /><trkpt lat="44.827580" lon="9.325080" /><trkpt lat="44.827750" lon="9.325330" /><trkpt lat="44.827970" lon="9.325590" /><trkpt lat="44.828740" lon="9.326260" /><trkpt lat="44.828850" lon="9.326420" /><trkpt lat="44.828990" lon="9.326680" /><trkpt lat="44.829100" lon="9.326810" /><trkpt lat="44.829220" lon="9.326890" /><trkpt lat="44.829300" lon="9.326880" /><trkpt lat="44.829350" lon="9.326860" /><trkpt lat="44.829510" lon="9.326600" /><trkpt lat="44.829610" lon="9.326490" /><trkpt lat="44.829740" lon="9.326380" /><trkpt lat="44.830260" lon="9.326030" /><trkpt lat="44.830390" lon="9.325970" /><trkpt lat="44.830470" lon="9.325960" /><trkpt lat="44.830670" lon="9.325960" /><trkpt lat="44.831020" lon="9.325900" /><trkpt lat="44.831120" lon="9.325910" /><trkpt lat="44.831240" lon="9.325950" /><trkpt lat="44.831670" lon="9.326280" /><trkpt lat="44.831840" lon="9.326380" /><trkpt lat="44.831950" lon="9.326410" /><trkpt lat="44.832030" lon="9.326400" /><trkpt lat="44.832160" lon="9.326380" /><trkpt lat="44.832300" lon="9.326330" /><trkpt lat="44.832550" lon="9.326280" /><trkpt lat="44.832660" lon="9.326290" /><trkpt lat="44.832910" lon="9.326360" /><trkpt lat="44.833700" lon="9.326940" /><trkpt lat="44.833800" lon="9.326980" /><trkpt lat="44.833850" lon="9.326980" /><trkpt lat="44.833920" lon="9.326970" /><trkpt lat="44.834290" lon="9.326910" /><trkpt lat="44.834360" lon="9.326880" /><trkpt lat="44.834390" lon="9.326840" /><trkpt lat="44.834440" lon="9.326770" /><trkpt lat="44.834450" lon="9.326710" /><trkpt lat="44.834390" lon="9.326420" /><trkpt lat="44.834200" lon="9.325790" /><trkpt lat="44.833980" lon="9.325470" /><trkpt lat="44.833860" lon="9.325180" /><trkpt lat="44.833820" lon="9.325040" /><trkpt lat="44.833780" lon="9.324790" /><trkpt lat="44.833690" lon="9.324150" /><trkpt lat="44.833610" lon="9.323680" /><trkpt lat="44.833560" lon="9.323440" /><trkpt lat="44.833490" lon="9.323210" /><trkpt lat="44.833350" lon="9.322580" /><trkpt lat="44.833340" lon="9.322060" /><trkpt lat="44.833350" lon="9.321980" /><trkpt lat="44.833380" lon="9.321900" /><trkpt lat="44.833410" lon="9.321860" /><trkpt lat="44.833450" lon="9.321830" /><trkpt lat="44.833510" lon="9.321820" /><trkpt lat="44.833540" lon="9.321830" /><trkpt lat="44.833570" lon="9.321860" /><trkpt lat="44.833910" lon="9.322310" /><trkpt lat="44.834230" lon="9.322970" /><trkpt lat="44.835000" lon="9.323940" /><trkpt lat="44.835210" lon="9.324210" /><trkpt lat="44.835950" lon="9.325220" /><trkpt lat="44.836110" lon="9.325490" /><trkpt lat="44.836260" lon="9.325810" /><trkpt lat="44.836310" lon="9.325970" /><trkpt lat="44.836400" lon="9.326240" /><trkpt lat="44.836480" lon="9.326450" /><trkpt lat="44.836620" lon="9.326870" /><trkpt lat="44.836760" lon="9.327340" /><trkpt lat="44.837010" lon="9.328210" /><trkpt lat="44.837030" lon="9.328310" /><trkpt lat="44.837120" lon="9.328650" /><trkpt lat="44.837270" lon="9.329210" /><trkpt lat="44.837460" lon="9.329900" /><trkpt lat="44.837580" lon="9.330230" /><trkpt lat="44.837640" lon="9.330330" /><trkpt lat="44.837710" lon="9.330400" /><trkpt lat="44.838010" lon="9.330600" /><trkpt lat="44.838220" lon="9.330710" /><trkpt lat="44.838770" lon="9.330950" /><trkpt lat="44.838910" lon="9.330890" /><trkpt lat="44.838950" lon="9.330870" /><trkpt lat="44.839260" lon="9.330660" /><trkpt lat="44.839540" lon="9.330510" /><trkpt lat="44.839760" lon="9.330460" /><trkpt lat="44.839770" lon="9.330460" /><trkpt lat="44.839850" lon="9.330460" /><trkpt lat="44.839930" lon="9.330490" /><trkpt lat="44.840020" lon="9.330560" /><trkpt lat="44.840120" lon="9.330680" /><trkpt lat="44.840520" lon="9.331230" /><trkpt lat="44.840850" lon="9.331630" /><trkpt lat="44.840880" lon="9.331700" /><trkpt lat="44.841040" lon="9.331960" /><trkpt lat="44.841110" lon="9.332030" /><trkpt lat="44.841230" lon="9.332110" /><trkpt lat="44.841260" lon="9.332150" /><trkpt lat="44.841440" lon="9.332180" /><trkpt lat="44.841540" lon="9.332180" /><trkpt lat="44.841690" lon="9.332090" /><trkpt lat="44.841810" lon="9.331950" /><trkpt lat="44.842010" lon="9.331670" /><trkpt lat="44.842080" lon="9.331590" /><trkpt lat="44.842150" lon="9.331540" /><trkpt lat="44.842210" lon="9.331540" /><trkpt lat="44.842330" lon="9.331520" /><trkpt lat="44.842520" lon="9.331530" /><trkpt lat="44.842690" lon="9.331580" /><trkpt lat="44.842930" lon="9.331660" /><trkpt lat="44.843230" lon="9.331720" /><trkpt lat="44.843420" lon="9.331730" /><trkpt lat="44.843680" lon="9.331710" /><trkpt lat="44.844580" lon="9.331560" /><trkpt lat="44.844970" lon="9.331470" /><trkpt lat="44.845110" lon="9.331380" /><trkpt lat="44.845300" lon="9.331240" /><trkpt lat="44.845420" lon="9.331180" /><trkpt lat="44.845570" lon="9.331130" /><trkpt lat="44.846010" lon="9.331150" /><trkpt lat="44.846190" lon="9.331140" /><trkpt lat="44.846410" lon="9.331120" /><trkpt lat="44.846520" lon="9.331110" /><trkpt lat="44.846670" lon="9.331150" /><trkpt lat="44.846740" lon="9.331190" /><trkpt lat="44.846810" lon="9.331240" /><trkpt lat="44.847030" lon="9.331450" /><trkpt lat="44.847100" lon="9.331470" /><trkpt lat="44.847560" lon="9.331670" /><trkpt lat="44.847950" lon="9.331790" /><trkpt lat="44.848130" lon="9.331810" /><trkpt lat="44.848270" lon="9.331800" /><trkpt lat="44.848370" lon="9.331770" /><trkpt lat="44.848460" lon="9.331730" /><trkpt lat="44.848640" lon="9.331600" /><trkpt lat="44.848850" lon="9.331480" /><trkpt lat="44.849550" lon="9.331130" /><trkpt lat="44.850180" lon="9.330920" /><trkpt lat="44.850570" lon="9.330780" /><trkpt lat="44.851190" lon="9.330630" /><trkpt lat="44.851460" lon="9.330600" /><trkpt lat="44.851530" lon="9.330560" /><trkpt lat="44.851680" lon="9.330410" /><trkpt lat="44.851750" lon="9.330300" /><trkpt lat="44.851780" lon="9.330200" /><trkpt lat="44.851830" lon="9.329740" /><trkpt lat="44.851870" lon="9.329630" /><trkpt lat="44.851960" lon="9.329440" /><trkpt lat="44.852070" lon="9.329320" /><trkpt lat="44.852190" lon="9.329270" /><trkpt lat="44.852310" lon="9.329260" /><trkpt lat="44.852900" lon="9.329140" /><trkpt lat="44.853060" lon="9.329060" /><trkpt lat="44.853150" lon="9.329000" /><trkpt lat="44.853620" lon="9.328400" /><trkpt lat="44.854090" lon="9.327680" /><trkpt lat="44.854320" lon="9.327310" /><trkpt lat="44.854420" lon="9.327180" /><trkpt lat="44.854500" lon="9.327090" /><trkpt lat="44.854570" lon="9.327030" /><trkpt lat="44.854690" lon="9.326980" /><trkpt lat="44.855330" lon="9.326610" /><trkpt lat="44.855550" lon="9.326420" /><trkpt lat="44.855760" lon="9.326200" /><trkpt lat="44.855990" lon="9.325940" /><trkpt lat="44.856190" lon="9.325740" /><trkpt lat="44.856260" lon="9.325580" /><trkpt lat="44.856420" lon="9.325140" /><trkpt lat="44.856580" lon="9.324650" /><trkpt lat="44.856640" lon="9.324490" /><trkpt lat="44.856670" lon="9.324430" /><trkpt lat="44.856890" lon="9.324220" /><trkpt lat="44.856950" lon="9.324140" /><trkpt lat="44.857920" lon="9.322050" /><trkpt lat="44.857970" lon="9.321890" /><trkpt lat="44.858320" lon="9.320560" /><trkpt lat="44.858510" lon="9.319900" /><trkpt lat="44.858590" lon="9.319660" /><trkpt lat="44.859050" lon="9.318580" /><trkpt lat="44.859130" lon="9.318250" /><trkpt lat="44.859270" lon="9.317870" /><trkpt lat="44.859360" lon="9.317680" /><trkpt lat="44.859580" lon="9.317280" /><trkpt lat="44.859750" lon="9.317010" /><trkpt lat="44.859800" lon="9.316930" /><trkpt lat="44.859820" lon="9.316820" /><trkpt lat="44.859830" lon="9.316710" /><trkpt lat="44.859830" lon="9.316620" /><trkpt lat="44.859810" lon="9.316540" /><trkpt lat="44.859750" lon="9.316440" /><trkpt lat="44.859730" lon="9.316410" /><trkpt lat="44.859500" lon="9.316140" /><trkpt lat="44.859350" lon="9.315920" /><trkpt lat="44.859310" lon="9.315780" /><trkpt lat="44.859300" lon="9.315630" /><trkpt lat="44.859320" lon="9.315500" /><trkpt lat="44.859360" lon="9.315380" /><trkpt lat="44.859380" lon="9.315350" /><trkpt lat="44.859450" lon="9.315270" /><trkpt lat="44.859510" lon="9.315220" /><trkpt lat="44.859580" lon="9.315180" /><trkpt lat="44.859960" lon="9.315070" /><trkpt lat="44.860200" lon="9.314990" /><trkpt lat="44.860340" lon="9.314920" /><trkpt lat="44.860560" lon="9.314650" /><trkpt lat="44.860680" lon="9.314480" /><trkpt lat="44.860910" lon="9.314210" /><trkpt lat="44.861120" lon="9.314060" /><trkpt lat="44.861480" lon="9.313900" /><trkpt lat="44.861630" lon="9.313770" /><trkpt lat="44.861720" lon="9.313600" /><trkpt lat="44.861810" lon="9.313240" /><trkpt lat="44.862220" lon="9.311700" /><trkpt lat="44.862300" lon="9.311430" /><trkpt lat="44.862330" lon="9.311260" /><trkpt lat="44.862340" lon="9.311150" /><trkpt lat="44.862230" lon="9.310650" /><trkpt lat="44.862230" lon="9.310480" /><trkpt lat="44.862480" lon="9.309350" /><trkpt lat="44.862540" lon="9.309170" /><trkpt lat="44.862620" lon="9.309020" /><trkpt lat="44.862720" lon="9.308880" /><trkpt lat="44.862850" lon="9.308750" /><trkpt lat="44.862930" lon="9.308650" /><trkpt lat="44.862990" lon="9.308500" /><trkpt lat="44.863000" lon="9.308380" /><trkpt lat="44.862970" lon="9.308270" /><trkpt lat="44.862540" lon="9.307490" /><trkpt lat="44.862490" lon="9.307370" /><trkpt lat="44.862490" lon="9.307290" /><trkpt lat="44.862510" lon="9.307200" /><trkpt lat="44.862610" lon="9.306870" /><trkpt lat="44.862620" lon="9.306690" /><trkpt lat="44.862580" lon="9.306500" /><trkpt lat="44.862550" lon="9.306400" /><trkpt lat="44.862470" lon="9.306220" /><trkpt lat="44.862430" lon="9.306110" /><trkpt lat="44.862390" lon="9.305930" /><trkpt lat="44.862410" lon="9.305760" /><trkpt lat="44.862510" lon="9.305460" /><trkpt lat="44.862620" lon="9.305170" /><trkpt lat="44.862750" lon="9.304710" /><trkpt lat="44.862790" lon="9.304470" /><trkpt lat="44.862820" lon="9.303950" /><trkpt lat="44.862830" lon="9.303280" /><trkpt lat="44.862770" lon="9.303010" /><trkpt lat="44.862760" lon="9.302940" /><trkpt lat="44.862710" lon="9.302750" /><trkpt lat="44.862700" lon="9.302600" /><trkpt lat="44.862750" lon="9.302180" /><trkpt lat="44.862810" lon="9.301970" /><trkpt lat="44.862920" lon="9.301680" /><trkpt lat="44.863170" lon="9.301350" /><trkpt lat="44.863270" lon="9.301180" /><trkpt lat="44.863360" lon="9.301010" /><trkpt lat="44.863420" lon="9.300810" /><trkpt lat="44.863530" lon="9.300340" /><trkpt lat="44.863780" lon="9.299670" /><trkpt lat="44.863800" lon="9.299480" /><trkpt lat="44.863750" lon="9.299260" /><trkpt lat="44.863580" lon="9.298410" /><trkpt lat="44.863570" lon="9.297920" /><trkpt lat="44.863630" lon="9.297520" /><trkpt lat="44.863940" lon="9.296250" /><trkpt lat="44.863990" lon="9.295820" /><trkpt lat="44.864030" lon="9.295740" /><trkpt lat="44.864080" lon="9.295670" /><trkpt lat="44.864450" lon="9.295250" /><trkpt lat="44.864490" lon="9.295170" /><trkpt lat="44.864500" lon="9.295020" /><trkpt lat="44.864460" lon="9.294580" /><trkpt lat="44.864490" lon="9.294430" /><trkpt lat="44.864530" lon="9.294240" /><trkpt lat="44.864630" lon="9.294000" /><trkpt lat="44.864660" lon="9.293840" /><trkpt lat="44.864670" lon="9.293700" /><trkpt lat="44.864510" lon="9.292650" /><trkpt lat="44.864480" lon="9.292320" /><trkpt lat="44.864490" lon="9.292150" /><trkpt lat="44.864550" lon="9.292010" /><trkpt lat="44.864610" lon="9.291960" /><trkpt lat="44.864650" lon="9.291910" /><trkpt lat="44.864740" lon="9.291890" /><trkpt lat="44.864870" lon="9.291910" /><trkpt lat="44.865300" lon="9.292020" /><trkpt lat="44.865660" lon="9.292150" /><trkpt lat="44.865710" lon="9.292140" /><trkpt lat="44.865760" lon="9.292130" /><trkpt lat="44.865790" lon="9.292100" /><trkpt lat="44.865820" lon="9.292060" /><trkpt lat="44.865850" lon="9.292020" /><trkpt lat="44.865860" lon="9.291940" /><trkpt lat="44.865870" lon="9.291860" /><trkpt lat="44.865720" lon="9.291160" /><trkpt lat="44.865660" lon="9.291000" /><trkpt lat="44.865570" lon="9.290880" /><trkpt lat="44.865380" lon="9.290660" /><trkpt lat="44.865350" lon="9.290550" /><trkpt lat="44.865330" lon="9.290500" /><trkpt lat="44.865330" lon="9.290440" /><trkpt lat="44.865370" lon="9.290360" /><trkpt lat="44.865420" lon="9.290290" /><trkpt lat="44.865540" lon="9.290180" /><trkpt lat="44.866400" lon="9.289530" /><trkpt lat="44.866620" lon="9.289270" /><trkpt lat="44.866710" lon="9.289150" /><trkpt lat="44.866920" lon="9.288700" /><trkpt lat="44.867040" lon="9.288420" /><trkpt lat="44.867090" lon="9.288360" /><trkpt lat="44.867190" lon="9.288310" /><trkpt lat="44.868000" lon="9.288250" /><trkpt lat="44.868130" lon="9.288220" /><trkpt lat="44.868217" lon="9.288164" /><trkpt lat="44.868292" lon="9.288014" /><trkpt lat="44.868399" lon="9.287713" /><trkpt lat="44.868415" lon="9.287557" /><trkpt lat="44.868376" lon="9.287383" /><trkpt lat="44.868238" lon="9.287243" /><trkpt lat="44.868159" lon="9.287148" /><trkpt lat="44.868125" lon="9.287035" /><trkpt lat="44.868136" lon="9.286842" /><trkpt lat="44.868263" lon="9.286472" /><trkpt lat="44.868361" lon="9.286146" /><trkpt lat="44.868456" lon="9.285806" /><trkpt lat="44.868534" lon="9.285689" /><trkpt lat="44.868884" lon="9.285346" /><trkpt lat="44.868968" lon="9.285223" /><trkpt lat="44.869017" lon="9.285083" /><trkpt lat="44.869048" lon="9.284933" /><trkpt lat="44.869009" lon="9.284767" /><trkpt lat="44.868780" lon="9.284193" /><trkpt lat="44.868686" lon="9.283931" /><trkpt lat="44.868676" lon="9.283754" /><trkpt lat="44.868702" lon="9.283504" /><trkpt lat="44.868961" lon="9.281808" /><trkpt lat="44.869045" lon="9.281584" /><trkpt lat="44.869215" lon="9.281188" /><trkpt lat="44.869375" lon="9.280803" /><trkpt lat="44.869505" lon="9.280534" /><trkpt lat="44.869636" lon="9.280373" /><trkpt lat="44.869843" lon="9.280194" /><trkpt lat="44.869987" lon="9.280063" /><trkpt lat="44.870080" lon="9.279915" /><trkpt lat="44.870138" lon="9.279726" /><trkpt lat="44.870162" lon="9.279479" /><trkpt lat="44.870080" lon="9.278780" /><trkpt lat="44.870120" lon="9.278630" /><trkpt lat="44.870160" lon="9.278520" /><trkpt lat="44.870250" lon="9.278370" /><trkpt lat="44.870290" lon="9.278300" /><trkpt lat="44.870340" lon="9.278250" /><trkpt lat="44.870390" lon="9.278230" /><trkpt lat="44.870490" lon="9.278200" /><trkpt lat="44.870540" lon="9.278170" /><trkpt lat="44.870590" lon="9.278090" /><trkpt lat="44.870630" lon="9.278000" /><trkpt lat="44.870670" lon="9.277900" /><trkpt lat="44.870680" lon="9.277790" /><trkpt lat="44.870730" lon="9.277150" /><trkpt lat="44.870740" lon="9.276760" /><trkpt lat="44.870760" lon="9.276540" /><trkpt lat="44.870805" lon="9.276398" /><trkpt lat="44.870918" lon="9.276151" /><trkpt lat="44.871029" lon="9.275967" /><trkpt lat="44.871612" lon="9.275327" /><trkpt lat="44.871814" lon="9.275091" /><trkpt lat="44.871973" lon="9.274908" /><trkpt lat="44.872084" lon="9.274695" /><trkpt lat="44.872158" lon="9.274440" /><trkpt lat="44.872309" lon="9.273812" /><trkpt lat="44.872364" lon="9.273736" /><trkpt lat="44.872534" lon="9.273569" /><trkpt lat="44.872715" lon="9.273393" /><trkpt lat="44.872970" lon="9.273115" /><trkpt lat="44.873142" lon="9.272957" /><trkpt lat="44.873266" lon="9.272894" /><trkpt lat="44.873369" lon="9.272858" /><trkpt lat="44.873590" lon="9.272780" /><trkpt lat="44.873680" lon="9.272770" /><trkpt lat="44.873850" lon="9.272720" /><trkpt lat="44.874300" lon="9.272460" /><trkpt lat="44.874400" lon="9.272400" /><trkpt lat="44.874510" lon="9.272310" /><trkpt lat="44.874540" lon="9.272250" /><trkpt lat="44.874570" lon="9.272150" /><trkpt lat="44.874640" lon="9.271500" /><trkpt lat="44.874680" lon="9.271430" /><trkpt lat="44.874740" lon="9.271360" /><trkpt lat="44.875080" lon="9.271190" /><trkpt lat="44.875130" lon="9.271160" /><trkpt lat="44.875180" lon="9.271090" /><trkpt lat="44.875220" lon="9.271020" /><trkpt lat="44.875330" lon="9.270740" /><trkpt lat="44.875460" lon="9.270530" /><trkpt lat="44.875620" lon="9.270360" /><trkpt lat="44.875880" lon="9.270140" /><trkpt lat="44.875980" lon="9.270080" /><trkpt lat="44.876000" lon="9.270070" /><trkpt lat="44.876380" lon="9.269910" /><trkpt lat="44.876510" lon="9.269810" /><trkpt lat="44.876660" lon="9.269660" /><trkpt lat="44.877350" lon="9.268780" /><trkpt lat="44.877620" lon="9.268480" /><trkpt lat="44.877770" lon="9.268380" /><trkpt lat="44.877850" lon="9.268330" /><trkpt lat="44.877920" lon="9.268300" /><trkpt lat="44.878070" lon="9.268260" /><trkpt lat="44.878450" lon="9.268170" /><trkpt lat="44.878580" lon="9.268130" /><trkpt lat="44.878630" lon="9.268100" /><trkpt lat="44.878680" lon="9.268070" /><trkpt lat="44.878740" lon="9.268010" /><trkpt lat="44.878950" lon="9.267730" /><trkpt lat="44.879100" lon="9.267510" /><trkpt lat="44.879530" lon="9.266870" /><trkpt lat="44.879710" lon="9.266630" /><trkpt lat="44.879890" lon="9.266310" /><trkpt lat="44.879930" lon="9.266180" /><trkpt lat="44.880170" lon="9.265360" /><trkpt lat="44.880230" lon="9.265210" /><trkpt lat="44.880270" lon="9.265140" /><trkpt lat="44.880360" lon="9.265060" /><trkpt lat="44.880390" lon="9.265040" /><trkpt lat="44.880570" lon="9.265000" /><trkpt lat="44.881430" lon="9.264950" /><trkpt lat="44.881630" lon="9.264930" /><trkpt lat="44.882110" lon="9.264830" /><trkpt lat="44.882700" lon="9.264690" /><trkpt lat="44.883020" lon="9.264630" /><trkpt lat="44.883510" lon="9.264520" /><trkpt lat="44.883580" lon="9.264510" /><trkpt lat="44.883880" lon="9.264520" /><trkpt lat="44.884540" lon="9.264640" /><trkpt lat="44.884670" lon="9.264660" /><trkpt lat="44.885370" lon="9.264710" /><trkpt lat="44.885590" lon="9.264740" /><trkpt lat="44.886200" lon="9.264820" /><trkpt lat="44.886450" lon="9.264880" /><trkpt lat="44.886590" lon="9.264950" /><trkpt lat="44.887480" lon="9.265430" /><trkpt lat="44.887710" lon="9.265570" /><trkpt lat="44.887890" lon="9.265660" /><trkpt lat="44.888310" lon="9.265920" /><trkpt lat="44.889220" lon="9.266580" /><trkpt lat="44.889290" lon="9.266610" /><trkpt lat="44.889380" lon="9.266610" /><trkpt lat="44.889470" lon="9.266580" /><trkpt lat="44.889530" lon="9.266540" /><trkpt lat="44.889580" lon="9.266470" /><trkpt lat="44.889640" lon="9.266380" /><trkpt lat="44.889680" lon="9.266270" /><trkpt lat="44.889740" lon="9.266000" /><trkpt lat="44.889780" lon="9.265920" /><trkpt lat="44.889860" lon="9.265830" /><trkpt lat="44.889900" lon="9.265780" /><trkpt lat="44.890120" lon="9.265530" /><trkpt lat="44.890140" lon="9.265520" /><trkpt lat="44.890180" lon="9.265490" /><trkpt lat="44.890210" lon="9.265490" /><trkpt lat="44.890250" lon="9.265520" /><trkpt lat="44.890290" lon="9.265560" /><trkpt lat="44.890320" lon="9.265620" /><trkpt lat="44.890350" lon="9.265730" /><trkpt lat="44.890410" lon="9.266030" /><trkpt lat="44.890540" lon="9.267160" /><trkpt lat="44.890560" lon="9.267310" /><trkpt lat="44.890560" lon="9.267370" /><trkpt lat="44.890620" lon="9.267820" /><trkpt lat="44.890720" lon="9.268370" /><trkpt lat="44.890780" lon="9.268600" /><trkpt lat="44.890860" lon="9.268750" /><trkpt lat="44.890940" lon="9.268870" /><trkpt lat="44.891280" lon="9.269340" /><trkpt lat="44.891370" lon="9.269480" /><trkpt lat="44.891550" lon="9.269810" /><trkpt lat="44.891630" lon="9.269930" /><trkpt lat="44.891750" lon="9.270050" /><trkpt lat="44.891930" lon="9.270210" /><trkpt lat="44.891980" lon="9.270270" /><trkpt lat="44.892020" lon="9.270340" /><trkpt lat="44.892200" lon="9.271100" /><trkpt lat="44.892240" lon="9.271210" /><trkpt lat="44.892630" lon="9.271770" /><trkpt lat="44.892660" lon="9.271850" /><trkpt lat="44.892680" lon="9.271970" /><trkpt lat="44.892680" lon="9.272320" /><trkpt lat="44.892650" lon="9.272460" /><trkpt lat="44.892630" lon="9.272600" /><trkpt lat="44.892640" lon="9.272790" /><trkpt lat="44.892690" lon="9.273000" /><trkpt lat="44.892770" lon="9.273200" /><trkpt lat="44.892910" lon="9.273530" /><trkpt lat="44.893150" lon="9.274050" /><trkpt lat="44.893390" lon="9.274490" /><trkpt lat="44.893490" lon="9.274640" /><trkpt lat="44.893570" lon="9.274750" /><trkpt lat="44.893670" lon="9.274850" /><trkpt lat="44.893800" lon="9.274930" /><trkpt lat="44.894000" lon="9.275020" /><trkpt lat="44.894400" lon="9.275170" /><trkpt lat="44.894690" lon="9.275300" /><trkpt lat="44.895150" lon="9.275700" /><trkpt lat="44.895290" lon="9.275880" /><trkpt lat="44.895330" lon="9.275980" /><trkpt lat="44.895350" lon="9.276080" /><trkpt lat="44.895390" lon="9.276370" /><trkpt lat="44.895450" lon="9.277160" /><trkpt lat="44.895480" lon="9.277340" /><trkpt lat="44.895520" lon="9.277420" /><trkpt lat="44.896070" lon="9.277890" /><trkpt lat="44.896750" lon="9.278440" /><trkpt lat="44.897540" lon="9.278950" /><trkpt lat="44.898450" lon="9.278980" /><trkpt lat="44.898500" lon="9.279000" /><trkpt lat="44.898860" lon="9.279320" /><trkpt lat="44.899180" lon="9.279520" /><trkpt lat="44.899280" lon="9.279600" /><trkpt lat="44.899350" lon="9.279690" /><trkpt lat="44.899410" lon="9.279780" /><trkpt lat="44.899470" lon="9.279920" /><trkpt lat="44.899510" lon="9.280070" /><trkpt lat="44.899510" lon="9.280350" /><trkpt lat="44.899590" lon="9.281200" /><trkpt lat="44.899820" lon="9.281660" /><trkpt lat="44.900220" lon="9.282120" /><trkpt lat="44.900540" lon="9.282620" /><trkpt lat="44.900960" lon="9.283010" /><trkpt lat="44.901040" lon="9.283080" /><trkpt lat="44.901170" lon="9.283120" /><trkpt lat="44.901420" lon="9.283130" /><trkpt lat="44.901530" lon="9.283090" /><trkpt lat="44.901650" lon="9.283000" /><trkpt lat="44.901900" lon="9.282640" /><trkpt lat="44.902080" lon="9.282430" /><trkpt lat="44.902160" lon="9.282380" /><trkpt lat="44.902340" lon="9.282400" /><trkpt lat="44.902470" lon="9.282480" /><trkpt lat="44.903510" lon="9.283230" /><trkpt lat="44.903600" lon="9.283320" /><trkpt lat="44.903640" lon="9.283410" /><trkpt lat="44.903650" lon="9.283530" /><trkpt lat="44.903640" lon="9.283650" /><trkpt lat="44.903600" lon="9.283810" /><trkpt lat="44.903540" lon="9.283990" /><trkpt lat="44.903230" lon="9.284770" /><trkpt lat="44.903090" lon="9.285270" /><trkpt lat="44.903040" lon="9.285500" /><trkpt lat="44.903060" lon="9.285720" /><trkpt lat="44.903120" lon="9.285880" /><trkpt lat="44.903220" lon="9.286040" /><trkpt lat="44.903260" lon="9.286060" /><trkpt lat="44.903260" lon="9.286060" /><trkpt lat="44.903340" lon="9.286090" /><trkpt lat="44.903580" lon="9.286110" /><trkpt lat="44.903810" lon="9.286070" /><trkpt lat="44.904020" lon="9.285970" /><trkpt lat="44.904270" lon="9.285820" /><trkpt lat="44.904620" lon="9.285680" /><trkpt lat="44.904790" lon="9.285670" /><trkpt lat="44.906200" lon="9.286310" /><trkpt lat="44.906320" lon="9.286320" /><trkpt lat="44.906420" lon="9.286260" /><trkpt lat="44.906670" lon="9.285880" /><trkpt lat="44.906730" lon="9.285810" /><trkpt lat="44.906820" lon="9.285800" /><trkpt lat="44.906970" lon="9.285840" /><trkpt lat="44.907500" lon="9.286040" /><trkpt lat="44.907600" lon="9.286100" /><trkpt lat="44.907700" lon="9.286190" /><trkpt lat="44.907930" lon="9.286450" /><trkpt lat="44.907970" lon="9.286460" /><trkpt lat="44.908000" lon="9.286440" /><trkpt lat="44.908560" lon="9.285740" /><trkpt lat="44.908650" lon="9.285660" /><trkpt lat="44.908720" lon="9.285640" /><trkpt lat="44.908780" lon="9.285700" /><trkpt lat="44.908830" lon="9.285770" /><trkpt lat="44.908860" lon="9.285840" /><trkpt lat="44.908900" lon="9.286400" /><trkpt lat="44.908920" lon="9.286480" /><trkpt lat="44.908950" lon="9.286520" /><trkpt lat="44.909220" lon="9.286610" /><trkpt lat="44.909320" lon="9.286670" /><trkpt lat="44.909340" lon="9.286740" /><trkpt lat="44.909360" lon="9.286850" /><trkpt lat="44.909320" lon="9.287180" /><trkpt lat="44.909240" lon="9.287420" /><trkpt lat="44.909130" lon="9.287640" /><trkpt lat="44.909100" lon="9.287840" /><trkpt lat="44.909120" lon="9.287930" /><trkpt lat="44.909150" lon="9.287990" /><trkpt lat="44.909450" lon="9.288230" /><trkpt lat="44.909510" lon="9.288330" /><trkpt lat="44.909560" lon="9.288460" /><trkpt lat="44.909630" lon="9.288580" /><trkpt lat="44.909690" lon="9.288670" /><trkpt lat="44.909760" lon="9.288700" /><trkpt lat="44.909830" lon="9.288710" /><trkpt lat="44.909890" lon="9.288670" /><trkpt lat="44.909960" lon="9.288590" /><trkpt lat="44.910120" lon="9.288340" /><trkpt lat="44.910220" lon="9.288220" /><trkpt lat="44.910700" lon="9.287750" /><trkpt lat="44.910830" lon="9.287680" /><trkpt lat="44.911140" lon="9.287610" /><trkpt lat="44.911230" lon="9.287610" /><trkpt lat="44.911330" lon="9.287550" /><trkpt lat="44.911420" lon="9.287470" /><trkpt lat="44.911490" lon="9.287370" /><trkpt lat="44.911690" lon="9.287000" /><trkpt lat="44.911760" lon="9.286960" /><trkpt lat="44.911850" lon="9.286960" /><trkpt lat="44.911950" lon="9.287020" /><trkpt lat="44.912030" lon="9.287100" /><trkpt lat="44.912090" lon="9.287180" /><trkpt lat="44.912100" lon="9.287290" /><trkpt lat="44.912090" lon="9.287430" /><trkpt lat="44.911960" lon="9.287750" /><trkpt lat="44.911880" lon="9.287900" /><trkpt lat="44.911790" lon="9.288030" /><trkpt lat="44.911700" lon="9.288140" /><trkpt lat="44.911590" lon="9.288200" /><trkpt lat="44.911550" lon="9.288220" /><trkpt lat="44.911440" lon="9.288270" /><trkpt lat="44.911280" lon="9.288370" /><trkpt lat="44.910890" lon="9.288730" /><trkpt lat="44.910790" lon="9.288900" /><trkpt lat="44.910700" lon="9.289120" /><trkpt lat="44.910620" lon="9.289270" /><trkpt lat="44.910500" lon="9.289460" /><trkpt lat="44.910350" lon="9.289620" /><trkpt lat="44.910240" lon="9.289750" /><trkpt lat="44.910170" lon="9.289880" /><trkpt lat="44.910050" lon="9.290200" /><trkpt lat="44.909950" lon="9.290480" /><trkpt lat="44.909910" lon="9.290560" /><trkpt lat="44.909870" lon="9.290640" /><trkpt lat="44.909860" lon="9.290700" /><trkpt lat="44.909870" lon="9.290780" /><trkpt lat="44.909970" lon="9.291220" /><trkpt lat="44.910080" lon="9.291790" /><trkpt lat="44.910130" lon="9.291920" /><trkpt lat="44.910320" lon="9.292240" /><trkpt lat="44.910470" lon="9.292420" /><trkpt lat="44.910540" lon="9.292560" /><trkpt lat="44.910620" lon="9.292880" /><trkpt lat="44.910660" lon="9.293310" /><trkpt lat="44.910740" lon="9.293880" /><trkpt lat="44.910820" lon="9.294430" /><trkpt lat="44.910850" lon="9.294640" /><trkpt lat="44.910880" lon="9.294950" /><trkpt lat="44.910900" lon="9.295450" /><trkpt lat="44.910720" lon="9.296190" /><trkpt lat="44.910650" lon="9.296380" /><trkpt lat="44.910590" lon="9.296600" /><trkpt lat="44.910600" lon="9.296760" /><trkpt lat="44.910680" lon="9.296930" /><trkpt lat="44.911630" lon="9.297870" /><trkpt lat="44.911900" lon="9.298150" /><trkpt lat="44.911950" lon="9.298270" /><trkpt lat="44.911970" lon="9.298390" /><trkpt lat="44.911850" lon="9.299100" /><trkpt lat="44.911750" lon="9.299460" /><trkpt lat="44.911320" lon="9.300100" /><trkpt lat="44.911220" lon="9.300320" /><trkpt lat="44.911180" lon="9.300610" /><trkpt lat="44.911170" lon="9.300800" /><trkpt lat="44.911200" lon="9.300970" /><trkpt lat="44.911360" lon="9.301630" /><trkpt lat="44.911410" lon="9.301940" /><trkpt lat="44.911420" lon="9.302140" /><trkpt lat="44.911400" lon="9.302290" /><trkpt lat="44.911350" lon="9.302450" /><trkpt lat="44.911200" lon="9.302710" /><trkpt lat="44.911110" lon="9.302910" /><trkpt lat="44.911070" lon="9.303100" /><trkpt lat="44.911020" lon="9.303420" /><trkpt lat="44.910980" lon="9.304240" /><trkpt lat="44.910990" lon="9.304680" /><trkpt lat="44.911000" lon="9.304750" /><trkpt lat="44.911010" lon="9.304830" /><trkpt lat="44.911040" lon="9.305060" /><trkpt lat="44.911180" lon="9.305520" /><trkpt lat="44.911200" lon="9.305610" /><trkpt lat="44.911200" lon="9.305690" /><trkpt lat="44.911180" lon="9.305780" /><trkpt lat="44.911140" lon="9.305870" /><trkpt lat="44.910760" lon="9.306240" /><trkpt lat="44.910120" lon="9.306760" /><trkpt lat="44.910020" lon="9.306880" /><trkpt lat="44.909900" lon="9.307020" /><trkpt lat="44.909640" lon="9.307500" /><trkpt lat="44.909460" lon="9.307880" /><trkpt lat="44.909190" lon="9.308430" /><trkpt lat="44.909110" lon="9.308590" /><trkpt lat="44.909070" lon="9.308710" /><trkpt lat="44.909060" lon="9.308850" /><trkpt lat="44.909060" lon="9.309010" /><trkpt lat="44.909070" lon="9.309160" /><trkpt lat="44.909290" lon="9.310710" /><trkpt lat="44.909290" lon="9.310750" /><trkpt lat="44.909290" lon="9.310780" /><trkpt lat="44.909280" lon="9.310870" /><trkpt lat="44.909270" lon="9.310930" /><trkpt lat="44.909080" lon="9.311550" /><trkpt lat="44.908960" lon="9.311960" /><trkpt lat="44.908770" lon="9.312590" /><trkpt lat="44.908700" lon="9.312940" /><trkpt lat="44.908660" lon="9.313070" /><trkpt lat="44.908500" lon="9.313760" /><trkpt lat="44.908380" lon="9.314530" /><trkpt lat="44.908270" lon="9.315380" /><trkpt lat="44.908230" lon="9.315580" /><trkpt lat="44.908050" lon="9.316410" /><trkpt lat="44.907760" lon="9.317670" /><trkpt lat="44.907700" lon="9.318050" /><trkpt lat="44.907600" lon="9.319760" /><trkpt lat="44.907580" lon="9.319880" /><trkpt lat="44.907550" lon="9.319950" /><trkpt lat="44.907090" lon="9.320560" /><trkpt lat="44.907020" lon="9.320660" /><trkpt lat="44.906960" lon="9.320790" /><trkpt lat="44.906940" lon="9.320870" /><trkpt lat="44.906670" lon="9.323000" /><trkpt lat="44.906600" lon="9.323520" /><trkpt lat="44.906540" lon="9.323830" /><trkpt lat="44.906510" lon="9.323970" /><trkpt lat="44.906470" lon="9.324050" /><trkpt lat="44.906450" lon="9.324090" /><trkpt lat="44.906420" lon="9.324130" /><trkpt lat="44.906330" lon="9.324230" /><trkpt lat="44.905950" lon="9.324570" /><trkpt lat="44.905910" lon="9.324610" /><trkpt lat="44.905770" lon="9.324840" /><trkpt lat="44.905690" lon="9.324980" /><trkpt lat="44.905650" lon="9.325070" /><trkpt lat="44.905580" lon="9.325220" /><trkpt lat="44.905550" lon="9.325330" /><trkpt lat="44.905540" lon="9.325480" /><trkpt lat="44.905540" lon="9.325630" /><trkpt lat="44.905550" lon="9.325830" /><trkpt lat="44.905550" lon="9.325840" /><trkpt lat="44.905590" lon="9.326030" /><trkpt lat="44.905870" lon="9.326720" /><trkpt lat="44.906170" lon="9.327400" /><trkpt lat="44.906320" lon="9.327710" /><trkpt lat="44.906440" lon="9.328060" /><trkpt lat="44.906480" lon="9.328200" /><trkpt lat="44.906500" lon="9.328350" /><trkpt lat="44.906500" lon="9.328630" /><trkpt lat="44.906480" lon="9.328770" /><trkpt lat="44.906480" lon="9.329080" /><trkpt lat="44.906470" lon="9.329850" /><trkpt lat="44.906530" lon="9.330080" /><trkpt lat="44.906590" lon="9.330200" /><trkpt lat="44.906950" lon="9.330630" /><trkpt lat="44.907010" lon="9.330690" /><trkpt lat="44.907020" lon="9.330700" /><trkpt lat="44.907180" lon="9.330800" /><trkpt lat="44.907510" lon="9.331010" /><trkpt lat="44.907590" lon="9.331080" /><trkpt lat="44.907720" lon="9.331220" /><trkpt lat="44.908050" lon="9.331670" /><trkpt lat="44.908500" lon="9.332270" /><trkpt lat="44.908600" lon="9.332390" /><trkpt lat="44.908710" lon="9.332530" /><trkpt lat="44.909034" lon="9.333089" /><trkpt lat="44.909159" lon="9.333263" /><trkpt lat="44.909791" lon="9.334202" /><trkpt lat="44.909901" lon="9.334387" /><trkpt lat="44.909966" lon="9.334559" /><trkpt lat="44.909979" lon="9.334748" /><trkpt lat="44.909873" lon="9.335732" /><trkpt lat="44.909884" lon="9.336077" /><trkpt lat="44.909897" lon="9.336248" /><trkpt lat="44.909941" lon="9.336465" /><trkpt lat="44.910124" lon="9.336941" /><trkpt lat="44.910294" lon="9.337367" /><trkpt lat="44.910456" lon="9.337694" /><trkpt lat="44.910566" lon="9.337851" /><trkpt lat="44.910642" lon="9.337951" /><trkpt lat="44.910750" lon="9.338080" /><trkpt lat="44.911033" lon="9.338374" /><trkpt lat="44.911114" lon="9.338450" /><trkpt lat="44.911689" lon="9.339009" /><trkpt lat="44.911858" lon="9.339208" /><trkpt lat="44.912203" lon="9.339731" /><trkpt lat="44.912400" lon="9.340020" /><trkpt lat="44.913600" lon="9.342270" /><trkpt lat="44.914720" lon="9.344370" /><trkpt lat="44.914880" lon="9.344660" /><trkpt lat="44.914990" lon="9.344820" /><trkpt lat="44.915150" lon="9.345030" /><trkpt lat="44.915850" lon="9.345770" /><trkpt lat="44.915980" lon="9.345880" /><trkpt lat="44.916200" lon="9.346150" /><trkpt lat="44.916710" lon="9.346910" /><trkpt lat="44.917100" lon="9.347590" /><trkpt lat="44.917240" lon="9.347870" /><trkpt lat="44.917340" lon="9.348140" /><trkpt lat="44.917520" lon="9.349120" /><trkpt lat="44.917620" lon="9.349770" /><trkpt lat="44.917650" lon="9.350310" /><trkpt lat="44.917650" lon="9.350610" /><trkpt lat="44.917570" lon="9.351670" /><trkpt lat="44.917590" lon="9.352010" /><trkpt lat="44.917620" lon="9.352190" /><trkpt lat="44.917680" lon="9.352480" /><trkpt lat="44.917800" lon="9.352800" /><trkpt lat="44.917890" lon="9.353040" /><trkpt lat="44.918180" lon="9.353720" /><trkpt lat="44.918420" lon="9.354180" /><trkpt lat="44.918530" lon="9.354450" /><trkpt lat="44.918570" lon="9.354580" /><trkpt lat="44.918620" lon="9.354830" /><trkpt lat="44.918750" lon="9.355770" /><trkpt lat="44.918950" lon="9.357000" /><trkpt lat="44.919080" lon="9.357560" /><trkpt lat="44.919420" lon="9.358790" /><trkpt lat="44.919520" lon="9.359620" /><trkpt lat="44.919600" lon="9.359890" /><trkpt lat="44.919630" lon="9.359980" /><trkpt lat="44.919730" lon="9.360150" /><trkpt lat="44.919890" lon="9.360350" /><trkpt lat="44.920350" lon="9.360940" /><trkpt lat="44.920550" lon="9.361320" /><trkpt lat="44.921250" lon="9.362920" /><trkpt lat="44.921370" lon="9.363110" /><trkpt lat="44.921520" lon="9.363300" /><trkpt lat="44.921620" lon="9.363390" /><trkpt lat="44.921670" lon="9.363430" /><trkpt lat="44.921800" lon="9.363490" /><trkpt lat="44.921890" lon="9.363520" /><trkpt lat="44.922040" lon="9.363550" /><trkpt lat="44.922400" lon="9.363720" /><trkpt lat="44.922560" lon="9.363830" /><trkpt lat="44.922600" lon="9.363880" /><trkpt lat="44.922770" lon="9.364050" /><trkpt lat="44.922960" lon="9.364320" /><trkpt lat="44.923370" lon="9.365020" /><trkpt lat="44.923540" lon="9.365380" /><trkpt lat="44.923830" lon="9.366320" /><trkpt lat="44.924050" lon="9.367110" /><trkpt lat="44.924170" lon="9.367670" /><trkpt lat="44.924210" lon="9.368010" /><trkpt lat="44.924330" lon="9.368920" /><trkpt lat="44.924400" lon="9.369210" /><trkpt lat="44.924460" lon="9.369420" /><trkpt lat="44.924600" lon="9.369780" /><trkpt lat="44.924780" lon="9.370130" /><trkpt lat="44.925020" lon="9.370490" /><trkpt lat="44.925190" lon="9.370650" /><trkpt lat="44.925370" lon="9.370780" /><trkpt lat="44.925600" lon="9.370830" /><trkpt lat="44.926160" lon="9.370750" /><trkpt lat="44.926490" lon="9.370740" /><trkpt lat="44.927160" lon="9.370760" /><trkpt lat="44.927410" lon="9.370800" /><trkpt lat="44.927844" lon="9.370938" /><trkpt lat="44.928234" lon="9.371033" /><trkpt lat="44.928849" lon="9.371195" /><trkpt lat="44.929261" lon="9.371209" /><trkpt lat="44.929488" lon="9.371168" /><trkpt lat="44.929672" lon="9.371199" /><trkpt lat="44.930100" lon="9.371469" /><trkpt lat="44.930272" lon="9.371545" /><trkpt lat="44.930429" lon="9.371595" /><trkpt lat="44.930612" lon="9.371630" /><trkpt lat="44.930750" lon="9.371620" /><trkpt lat="44.930880" lon="9.371610" /><trkpt lat="44.931050" lon="9.371640" /><trkpt lat="44.931120" lon="9.371680" /><trkpt lat="44.931240" lon="9.371760" /><trkpt lat="44.931440" lon="9.372040" /><trkpt lat="44.931590" lon="9.372250" /><trkpt lat="44.931730" lon="9.372390" /><trkpt lat="44.931780" lon="9.372420" /><trkpt lat="44.931830" lon="9.372420" /><trkpt lat="44.932050" lon="9.372420" /><trkpt lat="44.933200" lon="9.372400" /><trkpt lat="44.933250" lon="9.372410" /><trkpt lat="44.933320" lon="9.372450" /><trkpt lat="44.933370" lon="9.372480" /><trkpt lat="44.933420" lon="9.372510" /><trkpt lat="44.933450" lon="9.372560" /><trkpt lat="44.933490" lon="9.372600" /><trkpt lat="44.934080" lon="9.373230" /><trkpt lat="44.934190" lon="9.373350" /><trkpt lat="44.934340" lon="9.373500" /><trkpt lat="44.934540" lon="9.373640" /><trkpt lat="44.934730" lon="9.373740" /><trkpt lat="44.934950" lon="9.373730" /><trkpt lat="44.935400" lon="9.373700" /><trkpt lat="44.935500" lon="9.373710" /><trkpt lat="44.935580" lon="9.373730" /><trkpt lat="44.935660" lon="9.373760" /><trkpt lat="44.935730" lon="9.373810" /><trkpt lat="44.935770" lon="9.373850" /><trkpt lat="44.935830" lon="9.373910" /><trkpt lat="44.935880" lon="9.373990" /><trkpt lat="44.935980" lon="9.374140" /><trkpt lat="44.936240" lon="9.374480" /><trkpt lat="44.937060" lon="9.375300" /><trkpt lat="44.937280" lon="9.375470" /><trkpt lat="44.937370" lon="9.375530" /><trkpt lat="44.937370" lon="9.375530" /><trkpt lat="44.937620" lon="9.375650" /><trkpt lat="44.938050" lon="9.375740" /><trkpt lat="44.938430" lon="9.375690" /><trkpt lat="44.938610" lon="9.375660" /><trkpt lat="44.939000" lon="9.375660" /><trkpt lat="44.939160" lon="9.375760" /><trkpt lat="44.939380" lon="9.375930" /><trkpt lat="44.939800" lon="9.376430" /><trkpt lat="44.940210" lon="9.376900" /><trkpt lat="44.940520" lon="9.377190" /><trkpt lat="44.941000" lon="9.377550" /><trkpt lat="44.941020" lon="9.377560" /><trkpt lat="44.941780" lon="9.378030" /><trkpt lat="44.941810" lon="9.378050" /><trkpt lat="44.942320" lon="9.378780" /><trkpt lat="44.942450" lon="9.378980" /><trkpt lat="44.942490" lon="9.379040" /><trkpt lat="44.942610" lon="9.379280" /><trkpt lat="44.942720" lon="9.379620" /><trkpt lat="44.942750" lon="9.379880" /><trkpt lat="44.942860" lon="9.380590" /><trkpt lat="44.942980" lon="9.381160" /><trkpt lat="44.943090" lon="9.381540" /><trkpt lat="44.943370" lon="9.382320" /><trkpt lat="44.943410" lon="9.382420" /><trkpt lat="44.943830" lon="9.383480" /><trkpt lat="44.944060" lon="9.384090" /><trkpt lat="44.944860" lon="9.386040" /><trkpt lat="44.945080" lon="9.386590" /><trkpt lat="44.945210" lon="9.386870" /><trkpt lat="44.945930" lon="9.388390" /><trkpt lat="44.946180" lon="9.388900" /><trkpt lat="44.946560" lon="9.389680" /><trkpt lat="44.946800" lon="9.390190" /><trkpt lat="44.947040" lon="9.390670" /><trkpt lat="44.947160" lon="9.390920" /><trkpt lat="44.947310" lon="9.391180" /><trkpt lat="44.947480" lon="9.391340" /><trkpt lat="44.947680" lon="9.391520" /><trkpt lat="44.947790" lon="9.391610" /><trkpt lat="44.947880" lon="9.391700" /><trkpt lat="44.948085" lon="9.391985" /><trkpt lat="44.948370" lon="9.392272" /><trkpt lat="44.948593" lon="9.392481" /><trkpt lat="44.948914" lon="9.392826" /><trkpt lat="44.949058" lon="9.392977" /><trkpt lat="44.950010" lon="9.393990" /><trkpt lat="44.950080" lon="9.394090" /><trkpt lat="44.950130" lon="9.394220" /><trkpt lat="44.950190" lon="9.394440" /><trkpt lat="44.950210" lon="9.394540" /><trkpt lat="44.950230" lon="9.394700" /><trkpt lat="44.950350" lon="9.395620" /><trkpt lat="44.950430" lon="9.396200" /><trkpt lat="44.950520" lon="9.396770" /><trkpt lat="44.950710" lon="9.398020" /><trkpt lat="44.950760" lon="9.398360" /><trkpt lat="44.950860" lon="9.399020" /><trkpt lat="44.950910" lon="9.399340" /><trkpt lat="44.950960" lon="9.399630" /><trkpt lat="44.951210" lon="9.401090" /><trkpt lat="44.951270" lon="9.401340" /><trkpt lat="44.951440" lon="9.402030" /><trkpt lat="44.951510" lon="9.402290" /><trkpt lat="44.951730" lon="9.403000" /><trkpt lat="44.951790" lon="9.403330" /><trkpt lat="44.951790" lon="9.403400" /><trkpt lat="44.951800" lon="9.403520" /><trkpt lat="44.951800" lon="9.403630" /><trkpt lat="44.951814" lon="9.404007" /><trkpt lat="44.951810" lon="9.404185" /><trkpt lat="44.951724" lon="9.404322" /><trkpt lat="44.951669" lon="9.404392" /><trkpt lat="44.951590" lon="9.404470" /><trkpt lat="44.951510" lon="9.404510" /><trkpt lat="44.951450" lon="9.404570" /><trkpt lat="44.951260" lon="9.404670" /><trkpt lat="44.950840" lon="9.404910" /><trkpt lat="44.950480" lon="9.405160" /><trkpt lat="44.950320" lon="9.405270" /><trkpt lat="44.950060" lon="9.405450" /><trkpt lat="44.949790" lon="9.405630" /><trkpt lat="44.949626" lon="9.405740" /><trkpt lat="44.949622" lon="9.405759" /><trkpt lat="44.949600" lon="9.405750" /><trkpt lat="44.949590" lon="9.405720" /><trkpt lat="44.949560" lon="9.405710" /><trkpt lat="44.949530" lon="9.405700" /><trkpt lat="44.949500" lon="9.405700" /><trkpt lat="44.949470" lon="9.405710" /><trkpt lat="44.949440" lon="9.405750" /><trkpt lat="44.949420" lon="9.405780" /><trkpt lat="44.949410" lon="9.405820" /><trkpt lat="44.949410" lon="9.405900" /><trkpt lat="44.949420" lon="9.405930" /><trkpt lat="44.949450" lon="9.405970" /><trkpt lat="44.949480" lon="9.405990" /><trkpt lat="44.949500" lon="9.406000" /><trkpt lat="44.949490" lon="9.406200" /><trkpt lat="44.949450" lon="9.406380" /><trkpt lat="44.949440" lon="9.406420" /><trkpt lat="44.949370" lon="9.406670" /><trkpt lat="44.949330" lon="9.406740" /><trkpt lat="44.949280" lon="9.406800" /><trkpt lat="44.949210" lon="9.406860" /><trkpt lat="44.949020" lon="9.406900" /><trkpt lat="44.948660" lon="9.406930" /><trkpt lat="44.947980" lon="9.406990" /><trkpt lat="44.947440" lon="9.407010" /><trkpt lat="44.946930" lon="9.407040" /><trkpt lat="44.946560" lon="9.407000" /><trkpt lat="44.946440" lon="9.407000" /><trkpt lat="44.946360" lon="9.406970" /><trkpt lat="44.946284" lon="9.406898" /><trkpt lat="44.946257" lon="9.406918" /><trkpt lat="44.946200" lon="9.406870" /><trkpt lat="44.946220" lon="9.406840" /><trkpt lat="44.946220" lon="9.406810" /><trkpt lat="44.946210" lon="9.406790" /><trkpt lat="44.946210" lon="9.406780" /><trkpt lat="44.946200" lon="9.406750" /><trkpt lat="44.946190" lon="9.406740" /><trkpt lat="44.946170" lon="9.406730" /><trkpt lat="44.946150" lon="9.406730" /><trkpt lat="44.946150" lon="9.406730" /><trkpt lat="44.946140" lon="9.406730" /><trkpt lat="44.946120" lon="9.406740" /><trkpt lat="44.946110" lon="9.406750" /><trkpt lat="44.946100" lon="9.406770" /><trkpt lat="44.946090" lon="9.406800" /><trkpt lat="44.946090" lon="9.406820" /><trkpt lat="44.946090" lon="9.406840" /><trkpt lat="44.946090" lon="9.406850" /><trkpt lat="44.945710" lon="9.407110" /><trkpt lat="44.945690" lon="9.407120" /><trkpt lat="44.945510" lon="9.407210" /><trkpt lat="44.945340" lon="9.407340" /><trkpt lat="44.945310" lon="9.407370" /><trkpt lat="44.945030" lon="9.407780" /><trkpt lat="44.944530" lon="9.408490" /><trkpt lat="44.943970" lon="9.409230" /><trkpt lat="44.943760" lon="9.409510" /><trkpt lat="44.943640" lon="9.409770" /><trkpt lat="44.943500" lon="9.410430" /><trkpt lat="44.943450" lon="9.410570" /><trkpt lat="44.943430" lon="9.410620" /><trkpt lat="44.943340" lon="9.410820" /><trkpt lat="44.943270" lon="9.410930" /><trkpt lat="44.943260" lon="9.410960" /><trkpt lat="44.943180" lon="9.411070" /><trkpt lat="44.943000" lon="9.411200" /><trkpt lat="44.942360" lon="9.411360" /><trkpt lat="44.941950" lon="9.411500" /><trkpt lat="44.941840" lon="9.411510" /><trkpt lat="44.941730" lon="9.411470" /><trkpt lat="44.941470" lon="9.411270" /><trkpt lat="44.941360" lon="9.411220" /><trkpt lat="44.941290" lon="9.411210" /><trkpt lat="44.941250" lon="9.411210" /><trkpt lat="44.941190" lon="9.411230" /><trkpt lat="44.941110" lon="9.411250" /><trkpt lat="44.941090" lon="9.411270" /><trkpt lat="44.941020" lon="9.411300" /><trkpt lat="44.940840" lon="9.411450" /><trkpt lat="44.940560" lon="9.411720" /><trkpt lat="44.940400" lon="9.411790" /><trkpt lat="44.940330" lon="9.411790" /><trkpt lat="44.939970" lon="9.411680" /><trkpt lat="44.939860" lon="9.411560" /><trkpt lat="44.939350" lon="9.410770" /><trkpt lat="44.939260" lon="9.410700" /><trkpt lat="44.939170" lon="9.410680" /><trkpt lat="44.938970" lon="9.410680" /><trkpt lat="44.938610" lon="9.410800" /><trkpt lat="44.938340" lon="9.410860" /><trkpt lat="44.938250" lon="9.410850" /><trkpt lat="44.938120" lon="9.410830" /><trkpt lat="44.937540" lon="9.410580" /><trkpt lat="44.937460" lon="9.410530" /><trkpt lat="44.937420" lon="9.410460" /><trkpt lat="44.937230" lon="9.410060" /><trkpt lat="44.937180" lon="9.409980" /><trkpt lat="44.937120" lon="9.409920" /><trkpt lat="44.937060" lon="9.409900" /><trkpt lat="44.936960" lon="9.409890" /><trkpt lat="44.936880" lon="9.409920" /><trkpt lat="44.936820" lon="9.409960" /><trkpt lat="44.936680" lon="9.410140" /><trkpt lat="44.936630" lon="9.410180" /><trkpt lat="44.936570" lon="9.410210" /><trkpt lat="44.936500" lon="9.410220" /><trkpt lat="44.936420" lon="9.410200" /><trkpt lat="44.936360" lon="9.410150" /><trkpt lat="44.935890" lon="9.409620" /><trkpt lat="44.935840" lon="9.409590" /><trkpt lat="44.935790" lon="9.409580" /><trkpt lat="44.934790" lon="9.409820" /><trkpt lat="44.934620" lon="9.409900" /><trkpt lat="44.934560" lon="9.409960" /><trkpt lat="44.934260" lon="9.410370" /><trkpt lat="44.934200" lon="9.410420" /><trkpt lat="44.934080" lon="9.410470" /><trkpt lat="44.933890" lon="9.410550" /><trkpt lat="44.933840" lon="9.410580" /><trkpt lat="44.933580" lon="9.410880" /><trkpt lat="44.933290" lon="9.411210" /><trkpt lat="44.932920" lon="9.411890" /><trkpt lat="44.932730" lon="9.412260" /><trkpt lat="44.932590" lon="9.412500" /><trkpt lat="44.932490" lon="9.412570" /><trkpt lat="44.932440" lon="9.412600" /><trkpt lat="44.932330" lon="9.412610" /><trkpt lat="44.932110" lon="9.412580" /><trkpt lat="44.932020" lon="9.412550" /><trkpt lat="44.931900" lon="9.412480" /><trkpt lat="44.931790" lon="9.412390" /><trkpt lat="44.931690" lon="9.412290" /><trkpt lat="44.931600" lon="9.412160" /><trkpt lat="44.931520" lon="9.411950" /><trkpt lat="44.931470" lon="9.411720" /><trkpt lat="44.931450" lon="9.411420" /><trkpt lat="44.931430" lon="9.411270" /><trkpt lat="44.931410" lon="9.411170" /><trkpt lat="44.931390" lon="9.411100" /><trkpt lat="44.931350" lon="9.411000" /><trkpt lat="44.931300" lon="9.410940" /><trkpt lat="44.931190" lon="9.410850" /><trkpt lat="44.930900" lon="9.410720" /><trkpt lat="44.930510" lon="9.410590" /><trkpt lat="44.930400" lon="9.410570" /><trkpt lat="44.930280" lon="9.410580" /><trkpt lat="44.930220" lon="9.410600" /><trkpt lat="44.929890" lon="9.410760" /><trkpt lat="44.929810" lon="9.410770" /><trkpt lat="44.929430" lon="9.410780" /><trkpt lat="44.929340" lon="9.410760" /><trkpt lat="44.929320" lon="9.410740" /><trkpt lat="44.929000" lon="9.410410" /><trkpt lat="44.928950" lon="9.410360" /><trkpt lat="44.928930" lon="9.410350" /><trkpt lat="44.928810" lon="9.410290" /><trkpt lat="44.928710" lon="9.410260" /><trkpt lat="44.928400" lon="9.410230" /><trkpt lat="44.928340" lon="9.410210" /><trkpt lat="44.928130" lon="9.410080" /><trkpt lat="44.928080" lon="9.410060" /><trkpt lat="44.927990" lon="9.410040" /><trkpt lat="44.927640" lon="9.410000" /><trkpt lat="44.927560" lon="9.409980" /><trkpt lat="44.927450" lon="9.409920" /><trkpt lat="44.927400" lon="9.409910" /><trkpt lat="44.926760" lon="9.409950" /><trkpt lat="44.926460" lon="9.409940" /><trkpt lat="44.926360" lon="9.409950" /><trkpt lat="44.926220" lon="9.410010" /><trkpt lat="44.925590" lon="9.410200" /><trkpt lat="44.925450" lon="9.410280" /><trkpt lat="44.925390" lon="9.410330" /><trkpt lat="44.925340" lon="9.410380" /><trkpt lat="44.924990" lon="9.410620" /><trkpt lat="44.924930" lon="9.410640" /><trkpt lat="44.924830" lon="9.410650" /><trkpt lat="44.924730" lon="9.410620" /><trkpt lat="44.924320" lon="9.410340" /><trkpt lat="44.924240" lon="9.410300" /><trkpt lat="44.924170" lon="9.410280" /><trkpt lat="44.924100" lon="9.410260" /><trkpt lat="44.924060" lon="9.410260" /><trkpt lat="44.923800" lon="9.410240" /><trkpt lat="44.923620" lon="9.410220" /><trkpt lat="44.923510" lon="9.410250" /><trkpt lat="44.923450" lon="9.410290" /><trkpt lat="44.923380" lon="9.410400" /><trkpt lat="44.923180" lon="9.410740" /><trkpt lat="44.923050" lon="9.410920" /><trkpt lat="44.922930" lon="9.411040" /><trkpt lat="44.922320" lon="9.411660" /><trkpt lat="44.922260" lon="9.411750" /><trkpt lat="44.922230" lon="9.411810" /><trkpt lat="44.922220" lon="9.411900" /><trkpt lat="44.922200" lon="9.412040" /><trkpt lat="44.922210" lon="9.412490" /><trkpt lat="44.922250" lon="9.412760" /><trkpt lat="44.922320" lon="9.413080" /><trkpt lat="44.922330" lon="9.413140" /><trkpt lat="44.922350" lon="9.413180" /><trkpt lat="44.922450" lon="9.413300" /><trkpt lat="44.922970" lon="9.413690" /><trkpt lat="44.923030" lon="9.413780" /><trkpt lat="44.923060" lon="9.413910" /><trkpt lat="44.923050" lon="9.414050" /><trkpt lat="44.923110" lon="9.414490" /><trkpt lat="44.923190" lon="9.414940" /><trkpt lat="44.923200" lon="9.415010" /><trkpt lat="44.923190" lon="9.415080" /><trkpt lat="44.923060" lon="9.415260" /><trkpt lat="44.923020" lon="9.415300" /><trkpt lat="44.922970" lon="9.415320" /><trkpt lat="44.922600" lon="9.415330" /><trkpt lat="44.922440" lon="9.415360" /><trkpt lat="44.922330" lon="9.415410" /><trkpt lat="44.922300" lon="9.415440" /><trkpt lat="44.922230" lon="9.415580" /><trkpt lat="44.922230" lon="9.415650" /><trkpt lat="44.922210" lon="9.415710" /><trkpt lat="44.922240" lon="9.415990" /><trkpt lat="44.922250" lon="9.416070" /><trkpt lat="44.922350" lon="9.416320" /><trkpt lat="44.922710" lon="9.417010" /><trkpt lat="44.922960" lon="9.417590" /><trkpt lat="44.923120" lon="9.418090" /><trkpt lat="44.923250" lon="9.418630" /><trkpt lat="44.923270" lon="9.418770" /><trkpt lat="44.923260" lon="9.419180" /><trkpt lat="44.923200" lon="9.419730" /><trkpt lat="44.923120" lon="9.420220" /><trkpt lat="44.923080" lon="9.420320" /><trkpt lat="44.922980" lon="9.420530" /><trkpt lat="44.922690" lon="9.421000" /><trkpt lat="44.922600" lon="9.421170" /><trkpt lat="44.922520" lon="9.421360" /><trkpt lat="44.922460" lon="9.421540" /><trkpt lat="44.922410" lon="9.421700" /><trkpt lat="44.922170" lon="9.422680" /><trkpt lat="44.922130" lon="9.422760" /><trkpt lat="44.922070" lon="9.422850" /><trkpt lat="44.922030" lon="9.422900" /><trkpt lat="44.921070" lon="9.423790" /><trkpt lat="44.920800" lon="9.424020" /><trkpt lat="44.920570" lon="9.424280" /><trkpt lat="44.920410" lon="9.424540" /><trkpt lat="44.919430" lon="9.426270" /><trkpt lat="44.919260" lon="9.426570" /><trkpt lat="44.919240" lon="9.426620" /><trkpt lat="44.919130" lon="9.426880" /><trkpt lat="44.919110" lon="9.426990" /><trkpt lat="44.919090" lon="9.427070" /><trkpt lat="44.919120" lon="9.427300" /><trkpt lat="44.919490" lon="9.428640" /><trkpt lat="44.919510" lon="9.428750" /><trkpt lat="44.919550" lon="9.429200" /><trkpt lat="44.919580" lon="9.429410" /><trkpt lat="44.919610" lon="9.429510" /><trkpt lat="44.919680" lon="9.429610" /><trkpt lat="44.919710" lon="9.429640" /><trkpt lat="44.919750" lon="9.429680" /><trkpt lat="44.919920" lon="9.429760" /><trkpt lat="44.919950" lon="9.429780" /><trkpt lat="44.919990" lon="9.429820" /><trkpt lat="44.920060" lon="9.429910" /><trkpt lat="44.920260" lon="9.430330" /><trkpt lat="44.920270" lon="9.430420" /><trkpt lat="44.920250" lon="9.430520" /><trkpt lat="44.920170" lon="9.430670" /><trkpt lat="44.919870" lon="9.431050" /><trkpt lat="44.919840" lon="9.431080" /><trkpt lat="44.919790" lon="9.431160" /><trkpt lat="44.919770" lon="9.431230" /><trkpt lat="44.919750" lon="9.431350" /><trkpt lat="44.919740" lon="9.431470" /><trkpt lat="44.919760" lon="9.432020" /><trkpt lat="44.919790" lon="9.432450" /><trkpt lat="44.919780" lon="9.432590" /><trkpt lat="44.919780" lon="9.432780" /><trkpt lat="44.919790" lon="9.432930" /><trkpt lat="44.919890" lon="9.433320" /><trkpt lat="44.919930" lon="9.433490" /><trkpt lat="44.920310" lon="9.435050" /><trkpt lat="44.920570" lon="9.436010" /><trkpt lat="44.920610" lon="9.436190" /><trkpt lat="44.920640" lon="9.436390" /><trkpt lat="44.920670" lon="9.436760" /><trkpt lat="44.920760" lon="9.438090" /><trkpt lat="44.920770" lon="9.438320" /><trkpt lat="44.920760" lon="9.438460" /><trkpt lat="44.920740" lon="9.438540" /><trkpt lat="44.920720" lon="9.438590" /><trkpt lat="44.920410" lon="9.438990" /><trkpt lat="44.920370" lon="9.439030" /><trkpt lat="44.920300" lon="9.439040" /><trkpt lat="44.920210" lon="9.439050" /><trkpt lat="44.920140" lon="9.439030" /><trkpt lat="44.919940" lon="9.438860" /><trkpt lat="44.919870" lon="9.438840" /><trkpt lat="44.919830" lon="9.438840" /><trkpt lat="44.919810" lon="9.438850" /><trkpt lat="44.919760" lon="9.438870" /><trkpt lat="44.919720" lon="9.438910" /><trkpt lat="44.919710" lon="9.438930" /><trkpt lat="44.919710" lon="9.438950" /><trkpt lat="44.919700" lon="9.439040" /><trkpt lat="44.919700" lon="9.439120" /><trkpt lat="44.919720" lon="9.439240" /><trkpt lat="44.919740" lon="9.439330" /><trkpt lat="44.919840" lon="9.439570" /><trkpt lat="44.919930" lon="9.439830" /><trkpt lat="44.919970" lon="9.439980" /><trkpt lat="44.920010" lon="9.440270" /><trkpt lat="44.920020" lon="9.440740" /><trkpt lat="44.920150" lon="9.441350" /><trkpt lat="44.920170" lon="9.441640" /><trkpt lat="44.920160" lon="9.441760" /><trkpt lat="44.920160" lon="9.441810" /><trkpt lat="44.919970" lon="9.442230" /><trkpt lat="44.919920" lon="9.442300" /><trkpt lat="44.919880" lon="9.442340" /><trkpt lat="44.919830" lon="9.442360" /><trkpt lat="44.919790" lon="9.442400" /><trkpt lat="44.919480" lon="9.442790" /><trkpt lat="44.919450" lon="9.442860" /><trkpt lat="44.919420" lon="9.442940" /><trkpt lat="44.919420" lon="9.443000" /><trkpt lat="44.919490" lon="9.443370" /><trkpt lat="44.919490" lon="9.443420" /><trkpt lat="44.919470" lon="9.443470" /><trkpt lat="44.919430" lon="9.443500" /><trkpt lat="44.919130" lon="9.443640" /><trkpt lat="44.919090" lon="9.443680" /><trkpt lat="44.919020" lon="9.443780" /><trkpt lat="44.918830" lon="9.444520" /><trkpt lat="44.918770" lon="9.444700" /><trkpt lat="44.918720" lon="9.444780" /><trkpt lat="44.918670" lon="9.444830" /><trkpt lat="44.918330" lon="9.445020" /><trkpt lat="44.918280" lon="9.445070" /><trkpt lat="44.918160" lon="9.445250" /><trkpt lat="44.918030" lon="9.445680" /><trkpt lat="44.918010" lon="9.445750" /><trkpt lat="44.917980" lon="9.445810" /><trkpt lat="44.917900" lon="9.445940" /><trkpt lat="44.917860" lon="9.445980" /><trkpt lat="44.917800" lon="9.446050" /><trkpt lat="44.917440" lon="9.446230" /><trkpt lat="44.917390" lon="9.446270" /><trkpt lat="44.917320" lon="9.446350" /><trkpt lat="44.917300" lon="9.446370" /><trkpt lat="44.917250" lon="9.446450" /><trkpt lat="44.917100" lon="9.446780" /><trkpt lat="44.917000" lon="9.447140" /><trkpt lat="44.916970" lon="9.447430" /><trkpt lat="44.917030" lon="9.447920" /><trkpt lat="44.917080" lon="9.448240" /><trkpt lat="44.917090" lon="9.448330" /><trkpt lat="44.917190" lon="9.448740" /><trkpt lat="44.917410" lon="9.449470" /><trkpt lat="44.917560" lon="9.450180" /><trkpt lat="44.917640" lon="9.450360" /><trkpt lat="44.917710" lon="9.450480" /><trkpt lat="44.917810" lon="9.450530" /><trkpt lat="44.918090" lon="9.450640" /><trkpt lat="44.918130" lon="9.450660" /><trkpt lat="44.918200" lon="9.450730" /><trkpt lat="44.918240" lon="9.450830" /><trkpt lat="44.918390" lon="9.451570" /><trkpt lat="44.918470" lon="9.451830" /><trkpt lat="44.918470" lon="9.451830" /><trkpt lat="44.918490" lon="9.451900" /><trkpt lat="44.918550" lon="9.451990" /><trkpt lat="44.919010" lon="9.452470" /><trkpt lat="44.919250" lon="9.452780" /><trkpt lat="44.919483" lon="9.453087" /><trkpt lat="44.919579" lon="9.453239" /><trkpt lat="44.919566" lon="9.453247" /><trkpt lat="44.919598" lon="9.453306" /><trkpt lat="44.919602" lon="9.453361" /><trkpt lat="44.919555" lon="9.453431" /><trkpt lat="44.919530" lon="9.453440" /><trkpt lat="44.919490" lon="9.453470" /><trkpt lat="44.919410" lon="9.453480" /><trkpt lat="44.919280" lon="9.453480" /><trkpt lat="44.919110" lon="9.453450" /><trkpt lat="44.918870" lon="9.453380" /><trkpt lat="44.918730" lon="9.453350" /><trkpt lat="44.918680" lon="9.453380" /><trkpt lat="44.918660" lon="9.453440" /><trkpt lat="44.918670" lon="9.453510" /><trkpt lat="44.918700" lon="9.453580" /><trkpt lat="44.918760" lon="9.453640" /><trkpt lat="44.918960" lon="9.453740" /><trkpt lat="44.919520" lon="9.453960" /><trkpt lat="44.919670" lon="9.453990" /><trkpt lat="44.919790" lon="9.454000" /><trkpt lat="44.919840" lon="9.454020" /><trkpt lat="44.919910" lon="9.454080" /><trkpt lat="44.920000" lon="9.454190" /><trkpt lat="44.920060" lon="9.454330" /><trkpt lat="44.920090" lon="9.454490" /><trkpt lat="44.920100" lon="9.454640" /><trkpt lat="44.920090" lon="9.454980" /><trkpt lat="44.920060" lon="9.455150" /><trkpt lat="44.919880" lon="9.455640" /><trkpt lat="44.919840" lon="9.455840" /><trkpt lat="44.919830" lon="9.456010" /><trkpt lat="44.919840" lon="9.456210" /><trkpt lat="44.919870" lon="9.456370" /><trkpt lat="44.920030" lon="9.456850" /><trkpt lat="44.920110" lon="9.457300" /><trkpt lat="44.920160" lon="9.457480" /><trkpt lat="44.920230" lon="9.457650" /><trkpt lat="44.920390" lon="9.457910" /><trkpt lat="44.920675" lon="9.458196" /><trkpt lat="44.921013" lon="9.458288" /><trkpt lat="44.921187" lon="9.458465" /><trkpt lat="44.921410" lon="9.458960" /><trkpt lat="44.921579" lon="9.459087" /><trkpt lat="44.921733" lon="9.459237" /><trkpt lat="44.921809" lon="9.459462" /><trkpt lat="44.921844" lon="9.459753" /><trkpt lat="44.921860" lon="9.460192" /><trkpt lat="44.921810" lon="9.460460" /><trkpt lat="44.921790" lon="9.460640" /><trkpt lat="44.921770" lon="9.460830" /><trkpt lat="44.921780" lon="9.461070" /><trkpt lat="44.921900" lon="9.461820" /><trkpt lat="44.922120" lon="9.462580" /><trkpt lat="44.922140" lon="9.462650" /><trkpt lat="44.922250" lon="9.463530" /><trkpt lat="44.922260" lon="9.463810" /><trkpt lat="44.922240" lon="9.464050" /><trkpt lat="44.922180" lon="9.464490" /><trkpt lat="44.922080" lon="9.465040" /><trkpt lat="44.921920" lon="9.465710" /><trkpt lat="44.921780" lon="9.466030" /><trkpt lat="44.921660" lon="9.466240" /><trkpt lat="44.921660" lon="9.466530" /><trkpt lat="44.921640" lon="9.466670" /><trkpt lat="44.921510" lon="9.467260" /><trkpt lat="44.921410" lon="9.467580" /><trkpt lat="44.921340" lon="9.467720" /><trkpt lat="44.921230" lon="9.467930" /><trkpt lat="44.921090" lon="9.468210" /><trkpt lat="44.921000" lon="9.468450" /><trkpt lat="44.920960" lon="9.468550" /><trkpt lat="44.920950" lon="9.468640" /><trkpt lat="44.920930" lon="9.469230" /><trkpt lat="44.920900" lon="9.469480" /><trkpt lat="44.920870" lon="9.469650" /><trkpt lat="44.920820" lon="9.469760" /><trkpt lat="44.920770" lon="9.469830" /><trkpt lat="44.920620" lon="9.469960" /><trkpt lat="44.920530" lon="9.470070" /><trkpt lat="44.920470" lon="9.470170" /><trkpt lat="44.920460" lon="9.470210" /><trkpt lat="44.920440" lon="9.470350" /><trkpt lat="44.920420" lon="9.470840" /><trkpt lat="44.920330" lon="9.471380" /><trkpt lat="44.920270" lon="9.471590" /><trkpt lat="44.920240" lon="9.471740" /><trkpt lat="44.920250" lon="9.471820" /><trkpt lat="44.920280" lon="9.471920" /><trkpt lat="44.920370" lon="9.472050" /><trkpt lat="44.920620" lon="9.472180" /><trkpt lat="44.920820" lon="9.472347" /><trkpt lat="44.920928" lon="9.472553" /><trkpt lat="44.921058" lon="9.472916" /><trkpt lat="44.921055" lon="9.473050" /><trkpt lat="44.921022" lon="9.473140" /><trkpt lat="44.920948" lon="9.473249" /><trkpt lat="44.920897" lon="9.473288" /><trkpt lat="44.920749" lon="9.473219" /><trkpt lat="44.920584" lon="9.473093" /><trkpt lat="44.920369" lon="9.472973" /><trkpt lat="44.920041" lon="9.472931" /><trkpt lat="44.919690" lon="9.472800" /><trkpt lat="44.918990" lon="9.472470" /><trkpt lat="44.918910" lon="9.472400" /><trkpt lat="44.918880" lon="9.472330" /><trkpt lat="44.918850" lon="9.472250" /><trkpt lat="44.918840" lon="9.471990" /><trkpt lat="44.918890" lon="9.471660" /><trkpt lat="44.918960" lon="9.471350" /><trkpt lat="44.919110" lon="9.470960" /><trkpt lat="44.919120" lon="9.470870" /><trkpt lat="44.919110" lon="9.470800" /><trkpt lat="44.919080" lon="9.470730" /><trkpt lat="44.919040" lon="9.470710" /><trkpt lat="44.918980" lon="9.470690" /><trkpt lat="44.918900" lon="9.470720" /><trkpt lat="44.918840" lon="9.470770" /><trkpt lat="44.918390" lon="9.471250" /><trkpt lat="44.918330" lon="9.471360" /><trkpt lat="44.918220" lon="9.471480" /><trkpt lat="44.917950" lon="9.471760" /><trkpt lat="44.917480" lon="9.472350" /><trkpt lat="44.917480" lon="9.472350" /><trkpt lat="44.917380" lon="9.472480" /><trkpt lat="44.917100" lon="9.472960" /><trkpt lat="44.916870" lon="9.473320" /><trkpt lat="44.916640" lon="9.473660" /><trkpt lat="44.916430" lon="9.473950" /><trkpt lat="44.916010" lon="9.474310" /><trkpt lat="44.915530" lon="9.474660" /><trkpt lat="44.915410" lon="9.474770" /><trkpt lat="44.915290" lon="9.474990" /><trkpt lat="44.915270" lon="9.475090" /><trkpt lat="44.915260" lon="9.475180" /><trkpt lat="44.915290" lon="9.475350" /><trkpt lat="44.915370" lon="9.475670" /><trkpt lat="44.915510" lon="9.476100" /><trkpt lat="44.915580" lon="9.476250" /><trkpt lat="44.915650" lon="9.476340" /><trkpt lat="44.915720" lon="9.476380" /><trkpt lat="44.915900" lon="9.476420" /><trkpt lat="44.916270" lon="9.476430" /><trkpt lat="44.916510" lon="9.476260" /><trkpt lat="44.916580" lon="9.476210" /><trkpt lat="44.916630" lon="9.476200" /><trkpt lat="44.916680" lon="9.476210" /><trkpt lat="44.916740" lon="9.476260" /><trkpt lat="44.916810" lon="9.476380" /><trkpt lat="44.917040" lon="9.476890" /><trkpt lat="44.917080" lon="9.477050" /><trkpt lat="44.917090" lon="9.477180" /><trkpt lat="44.916978" lon="9.477325" /><trkpt lat="44.916563" lon="9.477261" /><trkpt lat="44.916191" lon="9.477334" /><trkpt lat="44.915899" lon="9.477724" /><trkpt lat="44.915565" lon="9.478129" /><trkpt lat="44.914854" lon="9.478390" /><trkpt lat="44.914557" lon="9.478479" /><trkpt lat="44.914300" lon="9.478322" /><trkpt lat="44.914031" lon="9.477880" /><trkpt lat="44.913836" lon="9.477441" /><trkpt lat="44.913762" lon="9.476709" /><trkpt lat="44.913620" lon="9.476840" /><trkpt lat="44.913522" lon="9.477556" /><trkpt lat="44.913588" lon="9.478506" /><trkpt lat="44.913660" lon="9.479505" /><trkpt lat="44.913496" lon="9.479906" /><trkpt lat="44.913312" lon="9.480515" /><trkpt lat="44.913340" lon="9.480885" /><trkpt lat="44.913645" lon="9.481072" /><trkpt lat="44.914326" lon="9.480971" /><trkpt lat="44.914393" lon="9.481056" /><trkpt lat="44.914404" lon="9.481247" /><trkpt lat="44.914231" lon="9.481402" /><trkpt lat="44.913858" lon="9.481505" /><trkpt lat="44.913691" lon="9.481609" /><trkpt lat="44.913588" lon="9.481838" /><trkpt lat="44.913537" lon="9.482138" /><trkpt lat="44.913433" lon="9.482488" /><trkpt lat="44.913293" lon="9.482760" /><trkpt lat="44.913128" lon="9.482917" /><trkpt lat="44.912906" lon="9.482893" /><trkpt lat="44.912750" lon="9.482791" /><trkpt lat="44.912634" lon="9.482600" /><trkpt lat="44.912508" lon="9.482192" /><trkpt lat="44.912211" lon="9.481769" /><trkpt lat="44.911986" lon="9.480858" /><trkpt lat="44.911939" lon="9.480734" /><trkpt lat="44.911926" lon="9.480758" /><trkpt lat="44.911870" lon="9.480723" /><trkpt lat="44.911821" lon="9.480790" /><trkpt lat="44.911816" lon="9.481022" /><trkpt lat="44.911860" lon="9.481492" /><trkpt lat="44.911866" lon="9.481977" /><trkpt lat="44.911953" lon="9.482433" /><trkpt lat="44.912048" lon="9.482762" /><trkpt lat="44.912103" lon="9.483082" /><trkpt lat="44.912155" lon="9.483621" /><trkpt lat="44.912352" lon="9.484009" /><trkpt lat="44.912644" lon="9.484508" /><trkpt lat="44.912917" lon="9.484742" /><trkpt lat="44.913207" lon="9.484959" /><trkpt lat="44.913650" lon="9.485127" /><trkpt lat="44.914006" lon="9.485036" /><trkpt lat="44.914344" lon="9.485098" /><trkpt lat="44.914993" lon="9.485448" /><trkpt lat="44.915642" lon="9.485752" /><trkpt lat="44.916080" lon="9.485885" /><trkpt lat="44.916507" lon="9.485839" /><trkpt lat="44.916827" lon="9.485839" /><trkpt lat="44.917068" lon="9.485953" /><trkpt lat="44.917314" lon="9.486271" /><trkpt lat="44.917461" lon="9.486599" /><trkpt lat="44.917586" lon="9.486855" /><trkpt lat="44.917736" lon="9.486907" /><trkpt lat="44.918059" lon="9.486978" /><trkpt lat="44.918360" lon="9.487056" /><trkpt lat="44.918755" lon="9.487259" /><trkpt lat="44.919015" lon="9.487536" /><trkpt lat="44.919233" lon="9.487863" /><trkpt lat="44.919420" lon="9.488140" /><trkpt lat="44.919610" lon="9.488400" /><trkpt lat="44.920110" lon="9.488940" /><trkpt lat="44.920640" lon="9.489400" /><trkpt lat="44.921210" lon="9.489840" /><trkpt lat="44.921410" lon="9.489960" /><trkpt lat="44.921540" lon="9.490060" /><trkpt lat="44.922520" lon="9.490990" /><trkpt lat="44.922820" lon="9.491240" /><trkpt lat="44.922840" lon="9.491250" /><trkpt lat="44.923100" lon="9.491400" /><trkpt lat="44.923140" lon="9.491440" /><trkpt lat="44.923230" lon="9.491590" /><trkpt lat="44.923310" lon="9.491820" /><trkpt lat="44.923430" lon="9.491980" /><trkpt lat="44.923550" lon="9.492120" /><trkpt lat="44.923630" lon="9.492190" /><trkpt lat="44.923780" lon="9.492300" /><trkpt lat="44.924180" lon="9.492550" /><trkpt lat="44.924210" lon="9.492600" /><trkpt lat="44.924240" lon="9.492650" /><trkpt lat="44.924260" lon="9.492740" /><trkpt lat="44.924300" lon="9.492890" /><trkpt lat="44.924420" lon="9.493270" /><trkpt lat="44.924750" lon="9.494120" /><trkpt lat="44.924900" lon="9.494440" /><trkpt lat="44.925030" lon="9.494670" /><trkpt lat="44.925110" lon="9.494810" /><trkpt lat="44.925230" lon="9.495030" /><trkpt lat="44.925360" lon="9.495230" /><trkpt lat="44.925390" lon="9.495280" /><trkpt lat="44.925490" lon="9.495450" /><trkpt lat="44.925610" lon="9.495630" /><trkpt lat="44.925730" lon="9.495890" /><trkpt lat="44.925820" lon="9.496120" /><trkpt lat="44.926010" lon="9.496260" /><trkpt lat="44.926040" lon="9.496270" /><trkpt lat="44.926610" lon="9.496580" /><trkpt lat="44.926770" lon="9.496660" /><trkpt lat="44.926970" lon="9.496810" /><trkpt lat="44.927040" lon="9.496880" /><trkpt lat="44.927210" lon="9.497180" /><trkpt lat="44.927590" lon="9.498050" /><trkpt lat="44.927980" lon="9.498950" /><trkpt lat="44.928080" lon="9.499190" /><trkpt lat="44.928140" lon="9.499270" /><trkpt lat="44.928200" lon="9.499420" /><trkpt lat="44.928270" lon="9.499570" /><trkpt lat="44.928340" lon="9.499850" /><trkpt lat="44.928360" lon="9.499940" /><trkpt lat="44.928510" lon="9.500950" /><trkpt lat="44.928570" lon="9.501220" /><trkpt lat="44.928610" lon="9.501340" /><trkpt lat="44.928730" lon="9.501660" /><trkpt lat="44.929410" lon="9.503440" /><trkpt lat="44.929460" lon="9.503560" /><trkpt lat="44.929560" lon="9.503660" /><trkpt lat="44.929610" lon="9.503700" /><trkpt lat="44.929700" lon="9.503750" /><trkpt lat="44.930510" lon="9.503870" /><trkpt lat="44.930740" lon="9.503950" /><trkpt lat="44.931750" lon="9.504610" /><trkpt lat="44.931850" lon="9.504690" /><trkpt lat="44.932000" lon="9.504880" /><trkpt lat="44.932030" lon="9.504940" /><trkpt lat="44.932090" lon="9.505020" /><trkpt lat="44.932190" lon="9.505230" /><trkpt lat="44.932380" lon="9.505510" /><trkpt lat="44.933850" lon="9.507760" /><trkpt lat="44.934080" lon="9.508070" /><trkpt lat="44.934690" lon="9.508910" /><trkpt lat="44.935240" lon="9.509750" /><trkpt lat="44.935350" lon="9.509970" /><trkpt lat="44.935470" lon="9.510340" /><trkpt lat="44.935870" lon="9.512070" /><trkpt lat="44.935960" lon="9.512390" /><trkpt lat="44.936010" lon="9.512490" /><trkpt lat="44.936060" lon="9.512570" /><trkpt lat="44.936120" lon="9.512640" /><trkpt lat="44.936680" lon="9.513090" /><trkpt lat="44.936910" lon="9.513250" /><trkpt lat="44.937050" lon="9.513310" /><trkpt lat="44.937210" lon="9.513330" /><trkpt lat="44.937760" lon="9.513300" /><trkpt lat="44.938060" lon="9.513320" /><trkpt lat="44.938130" lon="9.513340" /><trkpt lat="44.938190" lon="9.513370" /><trkpt lat="44.938270" lon="9.513440" /><trkpt lat="44.938450" lon="9.513710" /><trkpt lat="44.938780" lon="9.514160" /><trkpt lat="44.939060" lon="9.514520" /><trkpt lat="44.939230" lon="9.514730" /><trkpt lat="44.939470" lon="9.514860" /><trkpt lat="44.939780" lon="9.514900" /><trkpt lat="44.939960" lon="9.514900" /><trkpt lat="44.940650" lon="9.514780" /><trkpt lat="44.940900" lon="9.514760" /><trkpt lat="44.940980" lon="9.514770" /><trkpt lat="44.941050" lon="9.514800" /><trkpt lat="44.941130" lon="9.514850" /><trkpt lat="44.941240" lon="9.514950" /><trkpt lat="44.941510" lon="9.515240" /><trkpt lat="44.941620" lon="9.515360" /><trkpt lat="44.941880" lon="9.515740" /><trkpt lat="44.942010" lon="9.515870" /><trkpt lat="44.942090" lon="9.515920" /><trkpt lat="44.942180" lon="9.515960" /><trkpt lat="44.942270" lon="9.515980" /><trkpt lat="44.942340" lon="9.515980" /><trkpt lat="44.942400" lon="9.515990" /><trkpt lat="44.942590" lon="9.515910" /><trkpt lat="44.942730" lon="9.515840" /><trkpt lat="44.942800" lon="9.515810" /><trkpt lat="44.942940" lon="9.515750" /><trkpt lat="44.943070" lon="9.515730" /><trkpt lat="44.943390" lon="9.515790" /><trkpt lat="44.943530" lon="9.515830" /><trkpt lat="44.943680" lon="9.515860" /><trkpt lat="44.943930" lon="9.515850" /><trkpt lat="44.944060" lon="9.515830" /><trkpt lat="44.944472" lon="9.515693" /><trkpt lat="44.944447" lon="9.515663" /><trkpt lat="44.944503" lon="9.515569" /><trkpt lat="44.944360" lon="9.515350" /><trkpt lat="44.944250" lon="9.515140" /><trkpt lat="44.944190" lon="9.515000" /><trkpt lat="44.944130" lon="9.514820" /><trkpt lat="44.944050" lon="9.514270" /><trkpt lat="44.944050" lon="9.514270" /><trkpt lat="44.944030" lon="9.514160" /><trkpt lat="44.943760" lon="9.512450" /><trkpt lat="44.943750" lon="9.512190" /><trkpt lat="44.943760" lon="9.512060" /><trkpt lat="44.943790" lon="9.511960" /><trkpt lat="44.943840" lon="9.511860" /><trkpt lat="44.944310" lon="9.511300" /><trkpt lat="44.944730" lon="9.510780" /><trkpt lat="44.945640" lon="9.509640" /><trkpt lat="44.945780" lon="9.509380" /><trkpt lat="44.945820" lon="9.509290" /><trkpt lat="44.945870" lon="9.509110" /><trkpt lat="44.945880" lon="9.509020" /><trkpt lat="44.945890" lon="9.508850" /><trkpt lat="44.945880" lon="9.508660" /><trkpt lat="44.945720" lon="9.507550" /><trkpt lat="44.945710" lon="9.507470" /><trkpt lat="44.945630" lon="9.506880" /><trkpt lat="44.945630" lon="9.506710" /><trkpt lat="44.945640" lon="9.506580" /><trkpt lat="44.945680" lon="9.506410" /><trkpt lat="44.945730" lon="9.506310" /><trkpt lat="44.945960" lon="9.505940" /><trkpt lat="44.946610" lon="9.505240" /><trkpt lat="44.946660" lon="9.505190" /><trkpt lat="44.946840" lon="9.505040" /><trkpt lat="44.947360" lon="9.504710" /><trkpt lat="44.947490" lon="9.504610" /><trkpt lat="44.948170" lon="9.503990" /><trkpt lat="44.948640" lon="9.503570" /><trkpt lat="44.948740" lon="9.503460" /><trkpt lat="44.948840" lon="9.503320" /><trkpt lat="44.948910" lon="9.503200" /><trkpt lat="44.948980" lon="9.503050" /><trkpt lat="44.949050" lon="9.502760" /><trkpt lat="44.949120" lon="9.502350" /><trkpt lat="44.949130" lon="9.502200" /><trkpt lat="44.949130" lon="9.502120" /><trkpt lat="44.949120" lon="9.502040" /><trkpt lat="44.949110" lon="9.501840" /><trkpt lat="44.948700" lon="9.500210" /><trkpt lat="44.948620" lon="9.499860" /><trkpt lat="44.948620" lon="9.499620" /><trkpt lat="44.948610" lon="9.499320" /><trkpt lat="44.948610" lon="9.498990" /><trkpt lat="44.948640" lon="9.498240" /><trkpt lat="44.948640" lon="9.498170" /><trkpt lat="44.948640" lon="9.498080" /><trkpt lat="44.948620" lon="9.498000" /><trkpt lat="44.948210" lon="9.497090" /><trkpt lat="44.947860" lon="9.494860" /><trkpt lat="44.947850" lon="9.494640" /><trkpt lat="44.947860" lon="9.494610" /><trkpt lat="44.947860" lon="9.494550" /><trkpt lat="44.947870" lon="9.494450" /><trkpt lat="44.947910" lon="9.494320" /><trkpt lat="44.947950" lon="9.494230" /><trkpt lat="44.947990" lon="9.494170" /><trkpt lat="44.948100" lon="9.494050" /><trkpt lat="44.948270" lon="9.493940" /><trkpt lat="44.948310" lon="9.493920" /><trkpt lat="44.948340" lon="9.493910" /><trkpt lat="44.948410" lon="9.493900" /><trkpt lat="44.948450" lon="9.493900" /><trkpt lat="44.948510" lon="9.493910" /><trkpt lat="44.948640" lon="9.493980" /><trkpt lat="44.948950" lon="9.494210" /><trkpt lat="44.949060" lon="9.494270" /><trkpt lat="44.949160" lon="9.494350" /><trkpt lat="44.950460" lon="9.494520" /><trkpt lat="44.950850" lon="9.494580" /><trkpt lat="44.951340" lon="9.494700" /><trkpt lat="44.951560" lon="9.494730" /><trkpt lat="44.951760" lon="9.494710" /><trkpt lat="44.951820" lon="9.494670" /><trkpt lat="44.951890" lon="9.494580" /><trkpt lat="44.952180" lon="9.494030" /><trkpt lat="44.952500" lon="9.493430" /><trkpt lat="44.952620" lon="9.493160" /><trkpt lat="44.952650" lon="9.493020" /><trkpt lat="44.952670" lon="9.492920" /><trkpt lat="44.952680" lon="9.492820" /><trkpt lat="44.952740" lon="9.492190" /><trkpt lat="44.952750" lon="9.492070" /><trkpt lat="44.952800" lon="9.491670" /><trkpt lat="44.952830" lon="9.491540" /><trkpt lat="44.952870" lon="9.491440" /><trkpt lat="44.952920" lon="9.491330" /><trkpt lat="44.953050" lon="9.491180" /><trkpt lat="44.953170" lon="9.491080" /><trkpt lat="44.953490" lon="9.490890" /><trkpt lat="44.953700" lon="9.490740" /><trkpt lat="44.953790" lon="9.490600" /><trkpt lat="44.954070" lon="9.489960" /><trkpt lat="44.954130" lon="9.489880" /><trkpt lat="44.954560" lon="9.489420" /><trkpt lat="44.954640" lon="9.489330" /><trkpt lat="44.954700" lon="9.489240" /><trkpt lat="44.954770" lon="9.489010" /><trkpt lat="44.955100" lon="9.486870" /><trkpt lat="44.955140" lon="9.486510" /><trkpt lat="44.955160" lon="9.486180" /><trkpt lat="44.955170" lon="9.485850" /><trkpt lat="44.955150" lon="9.484480" /><trkpt lat="44.955150" lon="9.484250" /><trkpt lat="44.955160" lon="9.484120" /><trkpt lat="44.955190" lon="9.484000" /><trkpt lat="44.955240" lon="9.483870" /><trkpt lat="44.955350" lon="9.483730" /><trkpt lat="44.955440" lon="9.483630" /><trkpt lat="44.955520" lon="9.483590" /><trkpt lat="44.955620" lon="9.483580" /><trkpt lat="44.956050" lon="9.483590" /><trkpt lat="44.956120" lon="9.483590" /><trkpt lat="44.956190" lon="9.483560" /><trkpt lat="44.956340" lon="9.483460" /><trkpt lat="44.956380" lon="9.483380" /><trkpt lat="44.956450" lon="9.483160" /><trkpt lat="44.956480" lon="9.483010" /><trkpt lat="44.956480" lon="9.482870" /><trkpt lat="44.956440" lon="9.482720" /><trkpt lat="44.956370" lon="9.482570" /><trkpt lat="44.956050" lon="9.482160" /><trkpt lat="44.955730" lon="9.481760" /><trkpt lat="44.955640" lon="9.481600" /><trkpt lat="44.955590" lon="9.481470" /><trkpt lat="44.955560" lon="9.481350" /><trkpt lat="44.955560" lon="9.481220" /><trkpt lat="44.955580" lon="9.481090" /><trkpt lat="44.955630" lon="9.480930" /><trkpt lat="44.955690" lon="9.480830" /><trkpt lat="44.955790" lon="9.480730" /><trkpt lat="44.955870" lon="9.480680" /><trkpt lat="44.956050" lon="9.480640" /><trkpt lat="44.957150" lon="9.480400" /><trkpt lat="44.957330" lon="9.480330" /><trkpt lat="44.957490" lon="9.480250" /><trkpt lat="44.957620" lon="9.480140" /><trkpt lat="44.957740" lon="9.480010" /><trkpt lat="44.957870" lon="9.479850" /><trkpt lat="44.957980" lon="9.479660" /><trkpt lat="44.958210" lon="9.479220" /><trkpt lat="44.958860" lon="9.477930" /><trkpt lat="44.958990" lon="9.477580" /><trkpt lat="44.959020" lon="9.477420" /><trkpt lat="44.959030" lon="9.477260" /><trkpt lat="44.959020" lon="9.477110" /><trkpt lat="44.958980" lon="9.476940" /><trkpt lat="44.958590" lon="9.475840" /><trkpt lat="44.958570" lon="9.475690" /><trkpt lat="44.958570" lon="9.475560" /><trkpt lat="44.958580" lon="9.475360" /><trkpt lat="44.958750" lon="9.474550" /><trkpt lat="44.958800" lon="9.474360" /><trkpt lat="44.958860" lon="9.474240" /><trkpt lat="44.958930" lon="9.474130" /><trkpt lat="44.959050" lon="9.474020" /><trkpt lat="44.959180" lon="9.473930" /><trkpt lat="44.959310" lon="9.473890" /><trkpt lat="44.959870" lon="9.474060" /><trkpt lat="44.960150" lon="9.474120" /><trkpt lat="44.960280" lon="9.474120" /><trkpt lat="44.960420" lon="9.474070" /><trkpt lat="44.960540" lon="9.474010" /><trkpt lat="44.960650" lon="9.473910" /><trkpt lat="44.960740" lon="9.473790" /><trkpt lat="44.960820" lon="9.473590" /><trkpt lat="44.960900" lon="9.473360" /><trkpt lat="44.960980" lon="9.473040" /><trkpt lat="44.961030" lon="9.472750" /><trkpt lat="44.961050" lon="9.472510" /><trkpt lat="44.961060" lon="9.472240" /><trkpt lat="44.961040" lon="9.472010" /><trkpt lat="44.960960" lon="9.471650" /><trkpt lat="44.960880" lon="9.471370" /><trkpt lat="44.960800" lon="9.471200" /><trkpt lat="44.960550" lon="9.470590" /><trkpt lat="44.960480" lon="9.470380" /><trkpt lat="44.960450" lon="9.470210" /><trkpt lat="44.960420" lon="9.470040" /><trkpt lat="44.960410" lon="9.469820" /><trkpt lat="44.960420" lon="9.469610" /><trkpt lat="44.960440" lon="9.469410" /><trkpt lat="44.960490" lon="9.469230" /><trkpt lat="44.960640" lon="9.468870" /><trkpt lat="44.961330" lon="9.467840" /><trkpt lat="44.961410" lon="9.467690" /><trkpt lat="44.961460" lon="9.467560" /><trkpt lat="44.961490" lon="9.467490" /><trkpt lat="44.961530" lon="9.467330" /><trkpt lat="44.961550" lon="9.467100" /><trkpt lat="44.961440" lon="9.465740" /><trkpt lat="44.961420" lon="9.465450" /><trkpt lat="44.961270" lon="9.465110" /><trkpt lat="44.961230" lon="9.465070" /><trkpt lat="44.961210" lon="9.465040" /><trkpt lat="44.960960" lon="9.464810" /><trkpt lat="44.960560" lon="9.464460" /><trkpt lat="44.960450" lon="9.464370" /><trkpt lat="44.960270" lon="9.464140" /><trkpt lat="44.960180" lon="9.463810" /><trkpt lat="44.960140" lon="9.463610" /><trkpt lat="44.960110" lon="9.463370" /><trkpt lat="44.960080" lon="9.462350" /><trkpt lat="44.960080" lon="9.462200" /><trkpt lat="44.960060" lon="9.462040" /><trkpt lat="44.959990" lon="9.461790" /><trkpt lat="44.959900" lon="9.461550" /><trkpt lat="44.959830" lon="9.461440" /><trkpt lat="44.958920" lon="9.460270" /><trkpt lat="44.958810" lon="9.460090" /><trkpt lat="44.958720" lon="9.459890" /><trkpt lat="44.958610" lon="9.459550" /><trkpt lat="44.958560" lon="9.459350" /><trkpt lat="44.958530" lon="9.459080" /><trkpt lat="44.958520" lon="9.458780" /><trkpt lat="44.958530" lon="9.458460" /><trkpt lat="44.958560" lon="9.458130" /><trkpt lat="44.958620" lon="9.457210" /><trkpt lat="44.958640" lon="9.456910" /><trkpt lat="44.958650" lon="9.456830" /><trkpt lat="44.958690" lon="9.456730" /><trkpt lat="44.958790" lon="9.456590" /><trkpt lat="44.958900" lon="9.456480" /><trkpt lat="44.958970" lon="9.456430" /><trkpt lat="44.959040" lon="9.456420" /><trkpt lat="44.959120" lon="9.456420" /><trkpt lat="44.959170" lon="9.456440" /><trkpt lat="44.959250" lon="9.456480" /><trkpt lat="44.960150" lon="9.456950" /><trkpt lat="44.960390" lon="9.457070" /><trkpt lat="44.960520" lon="9.457110" /><trkpt lat="44.960630" lon="9.457130" /><trkpt lat="44.960710" lon="9.457130" /><trkpt lat="44.960830" lon="9.457070" /><trkpt lat="44.961340" lon="9.456760" /><trkpt lat="44.961410" lon="9.456740" /><trkpt lat="44.961530" lon="9.456740" /><trkpt lat="44.961830" lon="9.456720" /><trkpt lat="44.961930" lon="9.456680" /><trkpt lat="44.962070" lon="9.456600" /><trkpt lat="44.962220" lon="9.456450" /><trkpt lat="44.962340" lon="9.456350" /><trkpt lat="44.962600" lon="9.456250" /><trkpt lat="44.963060" lon="9.456170" /><trkpt lat="44.963700" lon="9.456070" /><trkpt lat="44.965900" lon="9.455760" /><trkpt lat="44.966180" lon="9.455720" /><trkpt lat="44.966430" lon="9.455650" /><trkpt lat="44.966530" lon="9.455590" /><trkpt lat="44.966690" lon="9.455460" /><trkpt lat="44.966760" lon="9.455360" /><trkpt lat="44.966840" lon="9.455210" /><trkpt lat="44.966910" lon="9.455020" /><trkpt lat="44.966960" lon="9.454850" /><trkpt lat="44.966970" lon="9.454720" /><trkpt lat="44.966980" lon="9.454560" /><trkpt lat="44.966950" lon="9.454360" /><trkpt lat="44.966910" lon="9.454220" /><trkpt lat="44.966860" lon="9.454100" /><trkpt lat="44.966670" lon="9.453760" /><trkpt lat="44.966480" lon="9.453490" /><trkpt lat="44.965790" lon="9.452470" /><trkpt lat="44.965660" lon="9.452260" /><trkpt lat="44.965570" lon="9.452090" /><trkpt lat="44.965480" lon="9.451780" /><trkpt lat="44.965430" lon="9.451430" /><trkpt lat="44.965260" lon="9.448630" /><trkpt lat="44.965230" lon="9.448240" /><trkpt lat="44.965230" lon="9.448190" /><trkpt lat="44.965140" lon="9.447800" /><trkpt lat="44.964750" lon="9.446690" /><trkpt lat="44.963410" lon="9.442990" /><trkpt lat="44.963380" lon="9.442810" /><trkpt lat="44.963360" lon="9.442680" /><trkpt lat="44.963360" lon="9.442520" /><trkpt lat="44.963380" lon="9.442340" /><trkpt lat="44.963420" lon="9.442190" /><trkpt lat="44.963480" lon="9.442050" /><trkpt lat="44.963950" lon="9.441130" /><trkpt lat="44.964640" lon="9.439830" /><trkpt lat="44.964930" lon="9.439310" /><trkpt lat="44.965660" lon="9.437980" /><trkpt lat="44.965830" lon="9.437820" /><trkpt lat="44.966048" lon="9.437707" /><trkpt lat="44.966084" lon="9.437735" /><trkpt lat="44.966470" lon="9.437790" /><trkpt lat="44.966830" lon="9.437880" /><trkpt lat="44.967220" lon="9.437940" /><trkpt lat="44.967240" lon="9.437940" /><trkpt lat="44.967370" lon="9.437940" /><trkpt lat="44.967450" lon="9.437410" /><trkpt lat="44.967600" lon="9.436590" /><trkpt lat="44.967750" lon="9.435930" /><trkpt lat="44.967900" lon="9.435380" /><trkpt lat="44.968000" lon="9.435070" /><trkpt lat="44.968580" lon="9.433290" /><trkpt lat="44.968630" lon="9.433100" /><trkpt lat="44.968640" lon="9.432980" /><trkpt lat="44.968640" lon="9.432850" /><trkpt lat="44.968430" lon="9.431820" /><trkpt lat="44.968370" lon="9.431570" /><trkpt lat="44.968350" lon="9.431330" /><trkpt lat="44.968310" lon="9.431150" /><trkpt lat="44.968260" lon="9.431000" /><trkpt lat="44.968190" lon="9.430870" /><trkpt lat="44.967600" lon="9.429950" /><trkpt lat="44.966910" lon="9.428770" /><trkpt lat="44.966760" lon="9.428480" /><trkpt lat="44.966730" lon="9.428400" /><trkpt lat="44.966650" lon="9.428140" /><trkpt lat="44.966510" lon="9.427750" /><trkpt lat="44.966490" lon="9.427670" /><trkpt lat="44.966370" lon="9.427240" /><trkpt lat="44.966290" lon="9.426890" /><trkpt lat="44.966280" lon="9.426840" /><trkpt lat="44.966230" lon="9.426730" /><trkpt lat="44.966080" lon="9.426490" /><trkpt lat="44.965970" lon="9.426270" /><trkpt lat="44.965920" lon="9.426160" /><trkpt lat="44.965780" lon="9.425800" /><trkpt lat="44.965680" lon="9.425420" /><trkpt lat="44.965600" lon="9.425110" /><trkpt lat="44.965530" lon="9.424960" /><trkpt lat="44.965450" lon="9.424800" /><trkpt lat="44.964830" lon="9.423810" /><trkpt lat="44.964700" lon="9.423560" /><trkpt lat="44.964530" lon="9.423170" /><trkpt lat="44.964500" lon="9.423040" /><trkpt lat="44.964350" lon="9.421890" /><trkpt lat="44.964180" lon="9.420910" /><trkpt lat="44.964120" lon="9.420400" /><trkpt lat="44.964130" lon="9.420240" /><trkpt lat="44.964200" lon="9.419840" /><trkpt lat="44.964240" lon="9.419460" /><trkpt lat="44.964250" lon="9.418640" /><trkpt lat="44.964300" lon="9.418410" /><trkpt lat="44.964470" lon="9.417840" /><trkpt lat="44.964620" lon="9.417480" /><trkpt lat="44.964700" lon="9.417340" /><trkpt lat="44.964800" lon="9.417200" /><trkpt lat="44.965070" lon="9.416900" /><trkpt lat="44.965240" lon="9.416660" /><trkpt lat="44.965320" lon="9.416480" /><trkpt lat="44.965340" lon="9.416430" /><trkpt lat="44.965670" lon="9.415680" /><trkpt lat="44.965720" lon="9.415570" /><trkpt lat="44.965840" lon="9.415330" /><trkpt lat="44.966030" lon="9.415030" /><trkpt lat="44.966150" lon="9.414890" /><trkpt lat="44.966230" lon="9.414790" /><trkpt lat="44.966500" lon="9.414380" /><trkpt lat="44.966520" lon="9.414170" /><trkpt lat="44.966670" lon="9.413510" /><trkpt lat="44.966800" lon="9.413400" /><trkpt lat="44.967050" lon="9.413230" /><trkpt lat="44.967570" lon="9.412870" /><trkpt lat="44.967600" lon="9.412850" /><trkpt lat="44.967640" lon="9.412840" /><trkpt lat="44.967680" lon="9.412850" /><trkpt lat="44.967720" lon="9.412870" /><trkpt lat="44.967760" lon="9.412900" /><trkpt lat="44.967970" lon="9.413120" /><trkpt lat="44.968660" lon="9.412660" /><trkpt lat="44.968880" lon="9.412530" /><trkpt lat="44.969390" lon="9.412350" /><trkpt lat="44.969480" lon="9.412300" /><trkpt lat="44.969560" lon="9.412230" /><trkpt lat="44.969680" lon="9.412100" /><trkpt lat="44.969790" lon="9.412020" /><trkpt lat="44.970330" lon="9.411760" /><trkpt lat="44.970510" lon="9.411640" /><trkpt lat="44.970760" lon="9.411440" /><trkpt lat="44.970870" lon="9.411380" /><trkpt lat="44.971050" lon="9.411320" /><trkpt lat="44.971180" lon="9.411290" /><trkpt lat="44.971370" lon="9.411310" /><trkpt lat="44.971460" lon="9.411340" /><trkpt lat="44.971530" lon="9.411390" /><trkpt lat="44.971720" lon="9.411620" /><trkpt lat="44.971840" lon="9.411700" /><trkpt lat="44.971960" lon="9.411750" /><trkpt lat="44.972790" lon="9.411870" /><trkpt lat="44.973090" lon="9.411970" /><trkpt lat="44.973160" lon="9.411980" /><trkpt lat="44.973360" lon="9.411960" /><trkpt lat="44.973640" lon="9.411870" /><trkpt lat="44.973960" lon="9.411850" /><trkpt lat="44.974430" lon="9.411740" /><trkpt lat="44.975600" lon="9.411210" /><trkpt lat="44.975790" lon="9.411090" /><trkpt lat="44.976080" lon="9.410760" /><trkpt lat="44.976410" lon="9.410330" /><trkpt lat="44.976730" lon="9.409950" /><trkpt lat="44.976810" lon="9.409850" /><trkpt lat="44.976976" lon="9.409672" /><trkpt lat="44.977089" lon="9.409490" /><trkpt lat="44.977159" lon="9.409358" /><trkpt lat="44.977258" lon="9.409211" /><trkpt lat="44.977404" lon="9.409015" /><trkpt lat="44.977476" lon="9.408912" /><trkpt lat="44.977320" lon="9.408666" /></trkseg></trk></gpx>