<gpx xmlns="http://www.topografix.com/GPX/1/1" xmlns:xsi="http://www.w3.org/2001/XMLSchema-instance" xsi:schemaLocation="http://www.topografix.com/GPX/1/1 http://www.topografix.com/GPX/1/1/gpx.xsd" version="1.1" creator="OpenRouteService.org"><metadata/><trk><name>PassoZambla</name><desc>name=PassoZambla</desc><trkseg><trkpt lat="45.632649" lon="9.86257"><ele>198</ele></trkpt><trkpt lat="45.632657" lon="9.862564"><ele>198</ele></trkpt><trkpt lat="45.63266" lon="9.862381"><ele>196.7</ele></trkpt><trkpt lat="45.632631" lon="9.862277"><ele>196</ele></trkpt><trkpt lat="45.632664" lon="9.862241"><ele>196</ele></trkpt><trkpt lat="45.632714" lon="9.862135"><ele>196</ele></trkpt><trkpt lat="45.632733" lon="9.862044"><ele>196</ele></trkpt><trkpt lat="45.632735" lon="9.861931"><ele>196</ele></trkpt><trkpt lat="45.632708" lon="9.861807"><ele>196</ele></trkpt><trkpt lat="45.632662" lon="9.861714"><ele>196</ele></trkpt><trkpt lat="45.632594" lon="9.861642"><ele>196.3</ele></trkpt><trkpt lat="45.632531" lon="9.861609"><ele>196.3</ele></trkpt><trkpt lat="45.632458" lon="9.8616"><ele>197</ele></trkpt><trkpt lat="45.632357" lon="9.861636"><ele>197</ele></trkpt><trkpt lat="45.632287" lon="9.861705"><ele>198</ele></trkpt><trkpt lat="45.632231" lon="9.861817"><ele>198</ele></trkpt><trkpt lat="45.632206" lon="9.861945"><ele>198</ele></trkpt><trkpt lat="45.632219" lon="9.862099"><ele>198</ele></trkpt><trkpt lat="45.63225" lon="9.862191"><ele>198</ele></trkpt><trkpt lat="45.632263" lon="9.86232"><ele>198</ele></trkpt><trkpt lat="45.632244" lon="9.862442"><ele>198</ele></trkpt><trkpt lat="45.632131" lon="9.862639"><ele>198</ele></trkpt><trkpt lat="45.631845" lon="9.86305"><ele>198.5</ele></trkpt><trkpt lat="45.631548" lon="9.863682"><ele>198.7</ele></trkpt><trkpt lat="45.631403" lon="9.86407"><ele>198.5</ele></trkpt><trkpt lat="45.630925" lon="9.866138"><ele>202</ele></trkpt><trkpt lat="45.630465" lon="9.868293"><ele>200</ele></trkpt><trkpt lat="45.63031" lon="9.869072"><ele>199.8</ele></trkpt><trkpt lat="45.630088" lon="9.870734"><ele>202</ele></trkpt><trkpt lat="45.630058" lon="9.870932"><ele>200</ele></trkpt><trkpt lat="45.629734" lon="9.873199"><ele>199.9</ele></trkpt><trkpt lat="45.629579" lon="9.87444"><ele>201.1</ele></trkpt><trkpt lat="45.629531" lon="9.874953"><ele>201.1</ele></trkpt><trkpt lat="45.629496" lon="9.876112"><ele>203</ele></trkpt><trkpt lat="45.629497" lon="9.876651"><ele>203</ele></trkpt><trkpt lat="45.629514" lon="9.877052"><ele>203</ele></trkpt><trkpt lat="45.629579" lon="9.878231"><ele>203.3</ele></trkpt><trkpt lat="45.629651" lon="9.879142"><ele>205</ele></trkpt><trkpt lat="45.629609" lon="9.879628"><ele>205</ele></trkpt><trkpt lat="45.629516" lon="9.879724"><ele>205</ele></trkpt><trkpt lat="45.629478" lon="9.879802"><ele>205</ele></trkpt><trkpt lat="45.629453" lon="9.8799"><ele>205.5</ele></trkpt><trkpt lat="45.62945" lon="9.880038"><ele>205.6</ele></trkpt><trkpt lat="45.629472" lon="9.880145"><ele>206</ele></trkpt><trkpt lat="45.629514" lon="9.880237"><ele>206</ele></trkpt><trkpt lat="45.629567" lon="9.880303"><ele>206</ele></trkpt><trkpt lat="45.629645" lon="9.880354"><ele>206</ele></trkpt><trkpt lat="45.629703" lon="9.880489"><ele>206</ele></trkpt><trkpt lat="45.629768" lon="9.880734"><ele>206</ele></trkpt><trkpt lat="45.629775" lon="9.88079"><ele>206</ele></trkpt><trkpt lat="45.629814" lon="9.881046"><ele>205</ele></trkpt><trkpt lat="45.629845" lon="9.881223"><ele>205.6</ele></trkpt><trkpt lat="45.630009" lon="9.881528"><ele>206.1</ele></trkpt><trkpt lat="45.630234" lon="9.881805"><ele>206.2</ele></trkpt><trkpt lat="45.631248" lon="9.882854"><ele>207.2</ele></trkpt><trkpt lat="45.632378" lon="9.883789"><ele>208.6</ele></trkpt><trkpt lat="45.633327" lon="9.884392"><ele>209.7</ele></trkpt><trkpt lat="45.63442" lon="9.884944"><ele>211</ele></trkpt><trkpt lat="45.635049" lon="9.885155"><ele>212</ele></trkpt><trkpt lat="45.635552" lon="9.885324"><ele>212</ele></trkpt><trkpt lat="45.636572" lon="9.885545"><ele>212</ele></trkpt><trkpt lat="45.637114" lon="9.88561"><ele>212</ele></trkpt><trkpt lat="45.63728" lon="9.885618"><ele>212</ele></trkpt><trkpt lat="45.637489" lon="9.885779"><ele>212</ele></trkpt><trkpt lat="45.637536" lon="9.885882"><ele>213.5</ele></trkpt><trkpt lat="45.637603" lon="9.885959"><ele>213.4</ele></trkpt><trkpt lat="45.637684" lon="9.886001"><ele>214</ele></trkpt><trkpt lat="45.637737" lon="9.886076"><ele>214</ele></trkpt><trkpt lat="45.637858" lon="9.886365"><ele>214</ele></trkpt><trkpt lat="45.637914" lon="9.886739"><ele>215</ele></trkpt><trkpt lat="45.638078" lon="9.887839"><ele>218</ele></trkpt><trkpt lat="45.638105" lon="9.88804"><ele>218</ele></trkpt><trkpt lat="45.638186" lon="9.888601"><ele>217</ele></trkpt><trkpt lat="45.638196" lon="9.88887"><ele>217</ele></trkpt><trkpt lat="45.638169" lon="9.888983"><ele>217</ele></trkpt><trkpt lat="45.638118" lon="9.88907"><ele>217</ele></trkpt><trkpt lat="45.638106" lon="9.889188"><ele>216.4</ele></trkpt><trkpt lat="45.638118" lon="9.889246"><ele>216</ele></trkpt><trkpt lat="45.638184" lon="9.889343"><ele>216</ele></trkpt><trkpt lat="45.638274" lon="9.889549"><ele>216.5</ele></trkpt><trkpt lat="45.638415" lon="9.890231"><ele>218</ele></trkpt><trkpt lat="45.638478" lon="9.890649"><ele>218</ele></trkpt><trkpt lat="45.638594" lon="9.891484"><ele>219</ele></trkpt><trkpt lat="45.638851" lon="9.89319"><ele>220</ele></trkpt><trkpt lat="45.639053" lon="9.894388"><ele>221</ele></trkpt><trkpt lat="45.63913" lon="9.8949"><ele>221</ele></trkpt><trkpt lat="45.639358" lon="9.896257"><ele>223.5</ele></trkpt><trkpt lat="45.639422" lon="9.896488"><ele>224</ele></trkpt><trkpt lat="45.639371" lon="9.896541"><ele>224</ele></trkpt><trkpt lat="45.639356" lon="9.896582"><ele>224</ele></trkpt><trkpt lat="45.639356" lon="9.896658"><ele>224</ele></trkpt><trkpt lat="45.639374" lon="9.896713"><ele>223.2</ele></trkpt><trkpt lat="45.639428" lon="9.896762"><ele>223</ele></trkpt><trkpt lat="45.639459" lon="9.896881"><ele>223</ele></trkpt><trkpt lat="45.639508" lon="9.897258"><ele>223</ele></trkpt><trkpt lat="45.639556" lon="9.897394"><ele>223</ele></trkpt><trkpt lat="45.639613" lon="9.897779"><ele>223</ele></trkpt><trkpt lat="45.639901" lon="9.899439"><ele>225</ele></trkpt><trkpt lat="45.640067" lon="9.900441"><ele>227</ele></trkpt><trkpt lat="45.64008" lon="9.900523"><ele>227</ele></trkpt><trkpt lat="45.640247" lon="9.901584"><ele>227</ele></trkpt><trkpt lat="45.640402" lon="9.902489"><ele>228</ele></trkpt><trkpt lat="45.640594" lon="9.903423"><ele>227</ele></trkpt><trkpt lat="45.640853" lon="9.904517"><ele>230</ele></trkpt><trkpt lat="45.640875" lon="9.904701"><ele>230</ele></trkpt><trkpt lat="45.640954" lon="9.905008"><ele>228.8</ele></trkpt><trkpt lat="45.640988" lon="9.905081"><ele>228</ele></trkpt><trkpt lat="45.641016" lon="9.905376"><ele>228</ele></trkpt><trkpt lat="45.641244" lon="9.906496"><ele>228</ele></trkpt><trkpt lat="45.641443" lon="9.907361"><ele>230</ele></trkpt><trkpt lat="45.641516" lon="9.907689"><ele>225</ele></trkpt><trkpt lat="45.641545" lon="9.907816"><ele>225</ele></trkpt><trkpt lat="45.641623" lon="9.908076"><ele>225</ele></trkpt><trkpt lat="45.641651" lon="9.908142"><ele>225.7</ele></trkpt><trkpt lat="45.641788" lon="9.908275"><ele>227</ele></trkpt><trkpt lat="45.641815" lon="9.908382"><ele>229</ele></trkpt><trkpt lat="45.641917" lon="9.908443"><ele>229</ele></trkpt><trkpt lat="45.64196" lon="9.90843"><ele>229</ele></trkpt><trkpt lat="45.642023" lon="9.908347"><ele>229</ele></trkpt><trkpt lat="45.642273" lon="9.908388"><ele>229</ele></trkpt><trkpt lat="45.642423" lon="9.908461"><ele>228.3</ele></trkpt><trkpt lat="45.64307" lon="9.908672"><ele>227</ele></trkpt><trkpt lat="45.643891" lon="9.908916"><ele>230</ele></trkpt><trkpt lat="45.643932" lon="9.90893"><ele>230</ele></trkpt><trkpt lat="45.64557" lon="9.909391"><ele>233.7</ele></trkpt><trkpt lat="45.646344" lon="9.909629"><ele>234</ele></trkpt><trkpt lat="45.646703" lon="9.909717"><ele>237</ele></trkpt><trkpt lat="45.647179" lon="9.909656"><ele>237</ele></trkpt><trkpt lat="45.647489" lon="9.909591"><ele>237</ele></trkpt><trkpt lat="45.647979" lon="9.909481"><ele>242</ele></trkpt><trkpt lat="45.648143" lon="9.909447"><ele>242</ele></trkpt><trkpt lat="45.649178" lon="9.909195"><ele>241.8</ele></trkpt><trkpt lat="45.649268" lon="9.909195"><ele>241.8</ele></trkpt><trkpt lat="45.649369" lon="9.909195"><ele>241.8</ele></trkpt><trkpt lat="45.649532" lon="9.909245"><ele>241.8</ele></trkpt><trkpt lat="45.64969" lon="9.909387"><ele>241.8</ele></trkpt><trkpt lat="45.64979" lon="9.90958"><ele>241.9</ele></trkpt><trkpt lat="45.649805" lon="9.909687"><ele>241.9</ele></trkpt><trkpt lat="45.649809" lon="9.9099"><ele>241.9</ele></trkpt><trkpt lat="45.649787" lon="9.910123"><ele>241.8</ele></trkpt><trkpt lat="45.649788" lon="9.910363"><ele>241.8</ele></trkpt><trkpt lat="45.649815" lon="9.910472"><ele>241</ele></trkpt><trkpt lat="45.649867" lon="9.910621"><ele>243.1</ele></trkpt><trkpt lat="45.650018" lon="9.910885"><ele>243.3</ele></trkpt><trkpt lat="45.650131" lon="9.911018"><ele>243.5</ele></trkpt><trkpt lat="45.650381" lon="9.911237"><ele>245</ele></trkpt><trkpt lat="45.650657" lon="9.911463"><ele>245</ele></trkpt><trkpt lat="45.650729" lon="9.911519"><ele>245</ele></trkpt><trkpt lat="45.651091" lon="9.91183"><ele>247.5</ele></trkpt><trkpt lat="45.651526" lon="9.912362"><ele>249</ele></trkpt><trkpt lat="45.651964" lon="9.912915"><ele>247.1</ele></trkpt><trkpt lat="45.652033" lon="9.91309"><ele>247.4</ele></trkpt><trkpt lat="45.652089" lon="9.913341"><ele>246.1</ele></trkpt><trkpt lat="45.652161" lon="9.913568"><ele>237</ele></trkpt><trkpt lat="45.652347" lon="9.914075"><ele>237</ele></trkpt><trkpt lat="45.652577" lon="9.914638"><ele>254</ele></trkpt><trkpt lat="45.652972" lon="9.915535"><ele>248</ele></trkpt><trkpt lat="45.653169" lon="9.915882"><ele>243</ele></trkpt><trkpt lat="45.653549" lon="9.916342"><ele>245.7</ele></trkpt><trkpt lat="45.653668" lon="9.91654"><ele>245.6</ele></trkpt><trkpt lat="45.653721" lon="9.916699"><ele>245.2</ele></trkpt><trkpt lat="45.653749" lon="9.916863"><ele>244</ele></trkpt><trkpt lat="45.65376" lon="9.917057"><ele>243.8</ele></trkpt><trkpt lat="45.653776" lon="9.918433"><ele>241.5</ele></trkpt><trkpt lat="45.653794" lon="9.918667"><ele>237</ele></trkpt><trkpt lat="45.653861" lon="9.918959"><ele>239.8</ele></trkpt><trkpt lat="45.654002" lon="9.919269"><ele>239.3</ele></trkpt><trkpt lat="45.654361" lon="9.919817"><ele>246</ele></trkpt><trkpt lat="45.654817" lon="9.920332"><ele>235.5</ele></trkpt><trkpt lat="45.654957" lon="9.920541"><ele>234.2</ele></trkpt><trkpt lat="45.65546" lon="9.921396"><ele>229.3</ele></trkpt><trkpt lat="45.655715" lon="9.921866"><ele>227.3</ele></trkpt><trkpt lat="45.655942" lon="9.922333"><ele>228</ele></trkpt><trkpt lat="45.656082" lon="9.922583"><ele>227.2</ele></trkpt><trkpt lat="45.656207" lon="9.922765"><ele>224</ele></trkpt><trkpt lat="45.656301" lon="9.922987"><ele>224</ele></trkpt><trkpt lat="45.656284" lon="9.92306"><ele>224</ele></trkpt><trkpt lat="45.656286" lon="9.923141"><ele>224</ele></trkpt><trkpt lat="45.656308" lon="9.923216"><ele>224</ele></trkpt><trkpt lat="45.656346" lon="9.923272"><ele>224</ele></trkpt><trkpt lat="45.656393" lon="9.923305"><ele>224</ele></trkpt><trkpt lat="45.656486" lon="9.923301"><ele>224</ele></trkpt><trkpt lat="45.656685" lon="9.923477"><ele>230</ele></trkpt><trkpt lat="45.657108" lon="9.92415"><ele>226.2</ele></trkpt><trkpt lat="45.657412" lon="9.924529"><ele>222</ele></trkpt><trkpt lat="45.657645" lon="9.924793"><ele>227</ele></trkpt><trkpt lat="45.658693" lon="9.925716"><ele>230</ele></trkpt><trkpt lat="45.658818" lon="9.925837"><ele>218</ele></trkpt><trkpt lat="45.659334" lon="9.926281"><ele>222.7</ele></trkpt><trkpt lat="45.659595" lon="9.926542"><ele>222.2</ele></trkpt><trkpt lat="45.659631" lon="9.926599"><ele>224</ele></trkpt><trkpt lat="45.6597" lon="9.92671"><ele>219.3</ele></trkpt><trkpt lat="45.659776" lon="9.926899"><ele>217</ele></trkpt><trkpt lat="45.659872" lon="9.92716"><ele>217</ele></trkpt><trkpt lat="45.659943" lon="9.927277"><ele>217</ele></trkpt><trkpt lat="45.660097" lon="9.927467"><ele>217</ele></trkpt><trkpt lat="45.660517" lon="9.927862"><ele>219</ele></trkpt><trkpt lat="45.660644" lon="9.927957"><ele>219</ele></trkpt><trkpt lat="45.660809" lon="9.928084"><ele>222.3</ele></trkpt><trkpt lat="45.66157" lon="9.928542"><ele>222.9</ele></trkpt><trkpt lat="45.66172" lon="9.928651"><ele>225</ele></trkpt><trkpt lat="45.661791" lon="9.928749"><ele>225</ele></trkpt><trkpt lat="45.661822" lon="9.92881"><ele>225</ele></trkpt><trkpt lat="45.661847" lon="9.928825"><ele>225</ele></trkpt><trkpt lat="45.661946" lon="9.928941"><ele>225</ele></trkpt><trkpt lat="45.662004" lon="9.92903"><ele>225</ele></trkpt><trkpt lat="45.662442" lon="9.929629"><ele>228.6</ele></trkpt><trkpt lat="45.663437" lon="9.930601"><ele>228</ele></trkpt><trkpt lat="45.663617" lon="9.930798"><ele>234.5</ele></trkpt><trkpt lat="45.663906" lon="9.930961"><ele>236.1</ele></trkpt><trkpt lat="45.664029" lon="9.930991"><ele>241</ele></trkpt><trkpt lat="45.664311" lon="9.931019"><ele>230</ele></trkpt><trkpt lat="45.664562" lon="9.931117"><ele>230</ele></trkpt><trkpt lat="45.664732" lon="9.931336"><ele>230</ele></trkpt><trkpt lat="45.664785" lon="9.93147"><ele>230</ele></trkpt><trkpt lat="45.664873" lon="9.931537"><ele>230</ele></trkpt><trkpt lat="45.664923" lon="9.931543"><ele>230</ele></trkpt><trkpt lat="45.665013" lon="9.931677"><ele>230</ele></trkpt><trkpt lat="45.665184" lon="9.931864"><ele>230</ele></trkpt><trkpt lat="45.66555" lon="9.932443"><ele>230</ele></trkpt><trkpt lat="45.665657" lon="9.932612"><ele>229</ele></trkpt><trkpt lat="45.666079" lon="9.933279"><ele>228</ele></trkpt><trkpt lat="45.666355" lon="9.933714"><ele>229</ele></trkpt><trkpt lat="45.666602" lon="9.934103"><ele>229</ele></trkpt><trkpt lat="45.666734" lon="9.934309"><ele>231</ele></trkpt><trkpt lat="45.6671" lon="9.934882"><ele>231</ele></trkpt><trkpt lat="45.667567" lon="9.935599"><ele>232</ele></trkpt><trkpt lat="45.667681" lon="9.93585"><ele>232</ele></trkpt><trkpt lat="45.667709" lon="9.936013"><ele>232</ele></trkpt><trkpt lat="45.667714" lon="9.936093"><ele>232</ele></trkpt><trkpt lat="45.667746" lon="9.936134"><ele>232</ele></trkpt><trkpt lat="45.667762" lon="9.936142"><ele>232</ele></trkpt><trkpt lat="45.667818" lon="9.936269"><ele>232</ele></trkpt><trkpt lat="45.668116" lon="9.937228"><ele>231</ele></trkpt><trkpt lat="45.668684" lon="9.93895"><ele>233</ele></trkpt><trkpt lat="45.668729" lon="9.939091"><ele>233</ele></trkpt><trkpt lat="45.668889" lon="9.939585"><ele>233</ele></trkpt><trkpt lat="45.66891" lon="9.939661"><ele>233</ele></trkpt><trkpt lat="45.668916" lon="9.939842"><ele>233</ele></trkpt><trkpt lat="45.668933" lon="9.93995"><ele>233</ele></trkpt><trkpt lat="45.669004" lon="9.939992"><ele>233</ele></trkpt><trkpt lat="45.669069" lon="9.939931"><ele>233</ele></trkpt><trkpt lat="45.669283" lon="9.939879"><ele>233</ele></trkpt><trkpt lat="45.669392" lon="9.939933"><ele>233</ele></trkpt><trkpt lat="45.669553" lon="9.940031"><ele>232</ele></trkpt><trkpt lat="45.669746" lon="9.94011"><ele>232</ele></trkpt><trkpt lat="45.670035" lon="9.940169"><ele>232</ele></trkpt><trkpt lat="45.670372" lon="9.940193"><ele>232</ele></trkpt><trkpt lat="45.671288" lon="9.940215"><ele>233</ele></trkpt><trkpt lat="45.671456" lon="9.940219"><ele>233</ele></trkpt><trkpt lat="45.672324" lon="9.940261"><ele>229.7</ele></trkpt><trkpt lat="45.672632" lon="9.940349"><ele>230</ele></trkpt><trkpt lat="45.672755" lon="9.94041"><ele>229</ele></trkpt><trkpt lat="45.672817" lon="9.940441"><ele>229</ele></trkpt><trkpt lat="45.672946" lon="9.940506"><ele>229</ele></trkpt><trkpt lat="45.673241" lon="9.940654"><ele>229</ele></trkpt><trkpt lat="45.673896" lon="9.941004"><ele>234</ele></trkpt><trkpt lat="45.674235" lon="9.941136"><ele>237</ele></trkpt><trkpt lat="45.67432" lon="9.941156"><ele>237</ele></trkpt><trkpt lat="45.674607" lon="9.941216"><ele>237</ele></trkpt><trkpt lat="45.675699" lon="9.941436"><ele>233.2</ele></trkpt><trkpt lat="45.675891" lon="9.941523"><ele>231.9</ele></trkpt><trkpt lat="45.676069" lon="9.941684"><ele>226</ele></trkpt><trkpt lat="45.676099" lon="9.941723"><ele>226</ele></trkpt><trkpt lat="45.676463" lon="9.942103"><ele>226</ele></trkpt><trkpt lat="45.676954" lon="9.942592"><ele>225</ele></trkpt><trkpt lat="45.677359" lon="9.942975"><ele>227</ele></trkpt><trkpt lat="45.677482" lon="9.943141"><ele>227.3</ele></trkpt><trkpt lat="45.678073" lon="9.944283"><ele>229.5</ele></trkpt><trkpt lat="45.678321" lon="9.944653"><ele>230.5</ele></trkpt><trkpt lat="45.678514" lon="9.944887"><ele>233</ele></trkpt><trkpt lat="45.679071" lon="9.945505"><ele>225</ele></trkpt><trkpt lat="45.679379" lon="9.945847"><ele>226</ele></trkpt><trkpt lat="45.68002" lon="9.946557"><ele>230.5</ele></trkpt><trkpt lat="45.68023" lon="9.946736"><ele>227.6</ele></trkpt><trkpt lat="45.680493" lon="9.946916"><ele>227</ele></trkpt><trkpt lat="45.680835" lon="9.947085"><ele>237</ele></trkpt><trkpt lat="45.680905" lon="9.947114"><ele>237</ele></trkpt><trkpt lat="45.681589" lon="9.947395"><ele>237</ele></trkpt><trkpt lat="45.681699" lon="9.947445"><ele>249</ele></trkpt><trkpt lat="45.682294" lon="9.94769"><ele>234</ele></trkpt><trkpt lat="45.68246" lon="9.947785"><ele>236.9</ele></trkpt><trkpt lat="45.682533" lon="9.947878"><ele>237.1</ele></trkpt><trkpt lat="45.682601" lon="9.948013"><ele>236.8</ele></trkpt><trkpt lat="45.682637" lon="9.948135"><ele>236.6</ele></trkpt><trkpt lat="45.682714" lon="9.948562"><ele>236.4</ele></trkpt><trkpt lat="45.682777" lon="9.94879"><ele>236.3</ele></trkpt><trkpt lat="45.682863" lon="9.949006"><ele>236.3</ele></trkpt><trkpt lat="45.682981" lon="9.949251"><ele>236.2</ele></trkpt><trkpt lat="45.683132" lon="9.949487"><ele>236.4</ele></trkpt><trkpt lat="45.683254" lon="9.949639"><ele>236</ele></trkpt><trkpt lat="45.683463" lon="9.949827"><ele>244.8</ele></trkpt><trkpt lat="45.684017" lon="9.950203"><ele>244</ele></trkpt><trkpt lat="45.6842" lon="9.950323"><ele>256.5</ele></trkpt><trkpt lat="45.684285" lon="9.950405"><ele>258.1</ele></trkpt><trkpt lat="45.684441" lon="9.950622"><ele>257.7</ele></trkpt><trkpt lat="45.684555" lon="9.950832"><ele>257.2</ele></trkpt><trkpt lat="45.68469" lon="9.951036"><ele>256.9</ele></trkpt><trkpt lat="45.684801" lon="9.951173"><ele>259.1</ele></trkpt><trkpt lat="45.685309" lon="9.951627"><ele>261.8</ele></trkpt><trkpt lat="45.68545" lon="9.951727"><ele>263.2</ele></trkpt><trkpt lat="45.685757" lon="9.951816"><ele>271.5</ele></trkpt><trkpt lat="45.686806" lon="9.95197"><ele>278.7</ele></trkpt><trkpt lat="45.686929" lon="9.951962"><ele>279</ele></trkpt><trkpt lat="45.687378" lon="9.951833"><ele>288</ele></trkpt><trkpt lat="45.688393" lon="9.951571"><ele>316.3</ele></trkpt><trkpt lat="45.688886" lon="9.951421"><ele>318.5</ele></trkpt><trkpt lat="45.689906" lon="9.951064"><ele>308.9</ele></trkpt><trkpt lat="45.691015" lon="9.9509"><ele>302.9</ele></trkpt><trkpt lat="45.691524" lon="9.950805"><ele>300.7</ele></trkpt><trkpt lat="45.691682" lon="9.950801"><ele>297.1</ele></trkpt><trkpt lat="45.691842" lon="9.950831"><ele>295.3</ele></trkpt><trkpt lat="45.693045" lon="9.951217"><ele>287.2</ele></trkpt><trkpt lat="45.693238" lon="9.951227"><ele>286</ele></trkpt><trkpt lat="45.693362" lon="9.9512"><ele>285.8</ele></trkpt><trkpt lat="45.693653" lon="9.951046"><ele>284</ele></trkpt><trkpt lat="45.693713" lon="9.951014"><ele>284</ele></trkpt><trkpt lat="45.693758" lon="9.95099"><ele>284</ele></trkpt><trkpt lat="45.69398" lon="9.950864"><ele>284</ele></trkpt><trkpt lat="45.694033" lon="9.950835"><ele>284</ele></trkpt><trkpt lat="45.694175" lon="9.950718"><ele>295</ele></trkpt><trkpt lat="45.69442" lon="9.950428"><ele>297.2</ele></trkpt><trkpt lat="45.694534" lon="9.950249"><ele>298.4</ele></trkpt><trkpt lat="45.694604" lon="9.950011"><ele>299.2</ele></trkpt><trkpt lat="45.694667" lon="9.949566"><ele>299.6</ele></trkpt><trkpt lat="45.694697" lon="9.949511"><ele>299.7</ele></trkpt><trkpt lat="45.694741" lon="9.949475"><ele>299.8</ele></trkpt><trkpt lat="45.694817" lon="9.949467"><ele>300</ele></trkpt><trkpt lat="45.69489" lon="9.949529"><ele>300.2</ele></trkpt><trkpt lat="45.695065" lon="9.949878"><ele>300.6</ele></trkpt><trkpt lat="45.695165" lon="9.949979"><ele>300.6</ele></trkpt><trkpt lat="45.695301" lon="9.949967"><ele>301</ele></trkpt><trkpt lat="45.695385" lon="9.949887"><ele>301</ele></trkpt><trkpt lat="45.695433" lon="9.949761"><ele>301.2</ele></trkpt><trkpt lat="45.695435" lon="9.949634"><ele>301.2</ele></trkpt><trkpt lat="45.695339" lon="9.949335"><ele>301.2</ele></trkpt><trkpt lat="45.69534" lon="9.949125"><ele>301.2</ele></trkpt><trkpt lat="45.695406" lon="9.948898"><ele>301</ele></trkpt><trkpt lat="45.695511" lon="9.948707"><ele>309</ele></trkpt><trkpt lat="45.695551" lon="9.948632"><ele>309</ele></trkpt><trkpt lat="45.695702" lon="9.948401"><ele>313</ele></trkpt><trkpt lat="45.695878" lon="9.948173"><ele>317</ele></trkpt><trkpt lat="45.696204" lon="9.947735"><ele>317</ele></trkpt><trkpt lat="45.696267" lon="9.947656"><ele>317</ele></trkpt><trkpt lat="45.696411" lon="9.947407"><ele>320.6</ele></trkpt><trkpt lat="45.696577" lon="9.947032"><ele>320.7</ele></trkpt><trkpt lat="45.696645" lon="9.946919"><ele>320.9</ele></trkpt><trkpt lat="45.696774" lon="9.946772"><ele>320.8</ele></trkpt><trkpt lat="45.696845" lon="9.946703"><ele>320.5</ele></trkpt><trkpt lat="45.69698" lon="9.94662"><ele>320.2</ele></trkpt><trkpt lat="45.697124" lon="9.946567"><ele>320.2</ele></trkpt><trkpt lat="45.697252" lon="9.946552"><ele>320</ele></trkpt><trkpt lat="45.697326" lon="9.946553"><ele>320</ele></trkpt><trkpt lat="45.69776" lon="9.946532"><ele>337.3</ele></trkpt><trkpt lat="45.698691" lon="9.946395"><ele>344</ele></trkpt><trkpt lat="45.699092" lon="9.946324"><ele>346</ele></trkpt><trkpt lat="45.699263" lon="9.946247"><ele>351</ele></trkpt><trkpt lat="45.699397" lon="9.946165"><ele>351</ele></trkpt><trkpt lat="45.699492" lon="9.946211"><ele>351</ele></trkpt><trkpt lat="45.699577" lon="9.946333"><ele>351</ele></trkpt><trkpt lat="45.700015" lon="9.946223"><ele>362.8</ele></trkpt><trkpt lat="45.700055" lon="9.94623"><ele>362.6</ele></trkpt><trkpt lat="45.700084" lon="9.946289"><ele>362.2</ele></trkpt><trkpt lat="45.700073" lon="9.946533"><ele>360.6</ele></trkpt><trkpt lat="45.700207" lon="9.94692"><ele>355</ele></trkpt><trkpt lat="45.700265" lon="9.947133"><ele>355</ele></trkpt><trkpt lat="45.700274" lon="9.947487"><ele>355</ele></trkpt><trkpt lat="45.700274" lon="9.947846"><ele>355.5</ele></trkpt><trkpt lat="45.700285" lon="9.947886"><ele>355.5</ele></trkpt><trkpt lat="45.700319" lon="9.947942"><ele>355.6</ele></trkpt><trkpt lat="45.70066" lon="9.948066"><ele>355.8</ele></trkpt><trkpt lat="45.700813" lon="9.948666"><ele>358</ele></trkpt><trkpt lat="45.700922" lon="9.949166"><ele>370.3</ele></trkpt><trkpt lat="45.700974" lon="9.949241"><ele>369.7</ele></trkpt><trkpt lat="45.701043" lon="9.949252"><ele>369.3</ele></trkpt><trkpt lat="45.701111" lon="9.949204"><ele>368.9</ele></trkpt><trkpt lat="45.701139" lon="9.949077"><ele>374</ele></trkpt><trkpt lat="45.701262" lon="9.948503"><ele>373.7</ele></trkpt><trkpt lat="45.70135" lon="9.948256"><ele>373</ele></trkpt><trkpt lat="45.701378" lon="9.948307"><ele>373</ele></trkpt><trkpt lat="45.701424" lon="9.94833"><ele>373</ele></trkpt><trkpt lat="45.70147" lon="9.948312"><ele>373</ele></trkpt><trkpt lat="45.701455" lon="9.948443"><ele>375.6</ele></trkpt><trkpt lat="45.701355" lon="9.948709"><ele>375.8</ele></trkpt><trkpt lat="45.701363" lon="9.948804"><ele>376.1</ele></trkpt><trkpt lat="45.701411" lon="9.948911"><ele>376.7</ele></trkpt><trkpt lat="45.701678" lon="9.949273"><ele>386</ele></trkpt><trkpt lat="45.702087" lon="9.949763"><ele>386</ele></trkpt><trkpt lat="45.702141" lon="9.949896"><ele>386</ele></trkpt><trkpt lat="45.702082" lon="9.950398"><ele>374</ele></trkpt><trkpt lat="45.702047" lon="9.950663"><ele>374</ele></trkpt><trkpt lat="45.702014" lon="9.950922"><ele>358.8</ele></trkpt><trkpt lat="45.702078" lon="9.95167"><ele>356.1</ele></trkpt><trkpt lat="45.702158" lon="9.951896"><ele>356.8</ele></trkpt><trkpt lat="45.702338" lon="9.952177"><ele>360.1</ele></trkpt><trkpt lat="45.702861" lon="9.95271"><ele>361.8</ele></trkpt><trkpt lat="45.703347" lon="9.953159"><ele>368</ele></trkpt><trkpt lat="45.703457" lon="9.953296"><ele>375</ele></trkpt><trkpt lat="45.703572" lon="9.953427"><ele>346.8</ele></trkpt><trkpt lat="45.703784" lon="9.953922"><ele>347</ele></trkpt><trkpt lat="45.704007" lon="9.954365"><ele>347.2</ele></trkpt><trkpt lat="45.7041" lon="9.954491"><ele>349.2</ele></trkpt><trkpt lat="45.704191" lon="9.954576"><ele>351.5</ele></trkpt><trkpt lat="45.704471" lon="9.95476"><ele>349</ele></trkpt><trkpt lat="45.704972" lon="9.954945"><ele>349</ele></trkpt><trkpt lat="45.705189" lon="9.955099"><ele>349</ele></trkpt><trkpt lat="45.705294" lon="9.955236"><ele>355.8</ele></trkpt><trkpt lat="45.705468" lon="9.955358"><ele>357.2</ele></trkpt><trkpt lat="45.705847" lon="9.955603"><ele>361.3</ele></trkpt><trkpt lat="45.706191" lon="9.955777"><ele>360.6</ele></trkpt><trkpt lat="45.706861" lon="9.95577"><ele>364.2</ele></trkpt><trkpt lat="45.707036" lon="9.955866"><ele>352</ele></trkpt><trkpt lat="45.707106" lon="9.955931"><ele>353.8</ele></trkpt><trkpt lat="45.707166" lon="9.956022"><ele>354.1</ele></trkpt><trkpt lat="45.707314" lon="9.956404"><ele>354.5</ele></trkpt><trkpt lat="45.70753" lon="9.956546"><ele>363</ele></trkpt><trkpt lat="45.707666" lon="9.956604"><ele>367.7</ele></trkpt><trkpt lat="45.707879" lon="9.956608"><ele>368.1</ele></trkpt><trkpt lat="45.708027" lon="9.95655"><ele>368.5</ele></trkpt><trkpt lat="45.708117" lon="9.956377"><ele>369.4</ele></trkpt><trkpt lat="45.708141" lon="9.956247"><ele>370</ele></trkpt><trkpt lat="45.708133" lon="9.956136"><ele>370.5</ele></trkpt><trkpt lat="45.708085" lon="9.95595"><ele>371.9</ele></trkpt><trkpt lat="45.708088" lon="9.955824"><ele>372.6</ele></trkpt><trkpt lat="45.708125" lon="9.955776"><ele>391</ele></trkpt><trkpt lat="45.708215" lon="9.95576"><ele>391</ele></trkpt><trkpt lat="45.708258" lon="9.955787"><ele>372.8</ele></trkpt><trkpt lat="45.7083" lon="9.955847"><ele>370.8</ele></trkpt><trkpt lat="45.708449" lon="9.95595"><ele>372.2</ele></trkpt><trkpt lat="45.70858" lon="9.955948"><ele>372.9</ele></trkpt><trkpt lat="45.708792" lon="9.955902"><ele>373.7</ele></trkpt><trkpt lat="45.70903" lon="9.95588"><ele>374.6</ele></trkpt><trkpt lat="45.709266" lon="9.955895"><ele>380</ele></trkpt><trkpt lat="45.709349" lon="9.95592"><ele>380</ele></trkpt><trkpt lat="45.709734" lon="9.95605"><ele>391.8</ele></trkpt><trkpt lat="45.710142" lon="9.956104"><ele>393.3</ele></trkpt><trkpt lat="45.710441" lon="9.95619"><ele>393.6</ele></trkpt><trkpt lat="45.71072" lon="9.9564"><ele>396.3</ele></trkpt><trkpt lat="45.710835" lon="9.956526"><ele>397.2</ele></trkpt><trkpt lat="45.710976" lon="9.956891"><ele>390</ele></trkpt><trkpt lat="45.711071" lon="9.957056"><ele>390</ele></trkpt><trkpt lat="45.711152" lon="9.957084"><ele>390</ele></trkpt><trkpt lat="45.71177" lon="9.957276"><ele>400</ele></trkpt><trkpt lat="45.711991" lon="9.957345"><ele>410</ele></trkpt><trkpt lat="45.712169" lon="9.957466"><ele>402</ele></trkpt><trkpt lat="45.71239" lon="9.957736"><ele>394</ele></trkpt><trkpt lat="45.712667" lon="9.957956"><ele>402.8</ele></trkpt><trkpt lat="45.712994" lon="9.958453"><ele>399</ele></trkpt><trkpt lat="45.713155" lon="9.958599"><ele>399</ele></trkpt><trkpt lat="45.713386" lon="9.958774"><ele>411.7</ele></trkpt><trkpt lat="45.713537" lon="9.958912"><ele>418</ele></trkpt><trkpt lat="45.7138" lon="9.959101"><ele>418</ele></trkpt><trkpt lat="45.713879" lon="9.959109"><ele>418</ele></trkpt><trkpt lat="45.713944" lon="9.959084"><ele>418</ele></trkpt><trkpt lat="45.713973" lon="9.959036"><ele>418</ele></trkpt><trkpt lat="45.714044" lon="9.958828"><ele>418</ele></trkpt><trkpt lat="45.714077" lon="9.9586"><ele>418</ele></trkpt><trkpt lat="45.714122" lon="9.958572"><ele>418</ele></trkpt><trkpt lat="45.714183" lon="9.958558"><ele>426.3</ele></trkpt><trkpt lat="45.714395" lon="9.958582"><ele>429</ele></trkpt><trkpt lat="45.714579" lon="9.958738"><ele>429</ele></trkpt><trkpt lat="45.714793" lon="9.958839"><ele>429</ele></trkpt><trkpt lat="45.715073" lon="9.958788"><ele>434.2</ele></trkpt><trkpt lat="45.715246" lon="9.958786"><ele>433.6</ele></trkpt><trkpt lat="45.715511" lon="9.958865"><ele>433.3</ele></trkpt><trkpt lat="45.716086" lon="9.959305"><ele>436.4</ele></trkpt><trkpt lat="45.71645" lon="9.959525"><ele>437.4</ele></trkpt><trkpt lat="45.716824" lon="9.959676"><ele>440</ele></trkpt><trkpt lat="45.71743" lon="9.96011"><ele>429</ele></trkpt><trkpt lat="45.717597" lon="9.960188"><ele>459</ele></trkpt><trkpt lat="45.718074" lon="9.960305"><ele>459</ele></trkpt><trkpt lat="45.718167" lon="9.960396"><ele>459</ele></trkpt><trkpt lat="45.718332" lon="9.960643"><ele>466</ele></trkpt><trkpt lat="45.718678" lon="9.960924"><ele>471</ele></trkpt><trkpt lat="45.719149" lon="9.961376"><ele>475.7</ele></trkpt><trkpt lat="45.719795" lon="9.961564"><ele>479.6</ele></trkpt><trkpt lat="45.720131" lon="9.961699"><ele>480.5</ele></trkpt><trkpt lat="45.720336" lon="9.961812"><ele>480.9</ele></trkpt><trkpt lat="45.720495" lon="9.961966"><ele>485</ele></trkpt><trkpt lat="45.720899" lon="9.962236"><ele>488.5</ele></trkpt><trkpt lat="45.721461" lon="9.962673"><ele>485.3</ele></trkpt><trkpt lat="45.721577" lon="9.962807"><ele>486.3</ele></trkpt><trkpt lat="45.721638" lon="9.962801"><ele>487.5</ele></trkpt><trkpt lat="45.721683" lon="9.962751"><ele>501</ele></trkpt><trkpt lat="45.721691" lon="9.962696"><ele>496.7</ele></trkpt><trkpt lat="45.721675" lon="9.962632"><ele>499.5</ele></trkpt><trkpt lat="45.721568" lon="9.962573"><ele>501.8</ele></trkpt><trkpt lat="45.721425" lon="9.962459"><ele>504.7</ele></trkpt><trkpt lat="45.720639" lon="9.961457"><ele>523</ele></trkpt><trkpt lat="45.720028" lon="9.960905"><ele>528</ele></trkpt><trkpt lat="45.719665" lon="9.960497"><ele>528.7</ele></trkpt><trkpt lat="45.71943" lon="9.960139"><ele>530.5</ele></trkpt><trkpt lat="45.719258" lon="9.959926"><ele>531.9</ele></trkpt><trkpt lat="45.718892" lon="9.959547"><ele>528.6</ele></trkpt><trkpt lat="45.718782" lon="9.959348"><ele>528.7</ele></trkpt><trkpt lat="45.718132" lon="9.958715"><ele>537.2</ele></trkpt><trkpt lat="45.717689" lon="9.958212"><ele>550.7</ele></trkpt><trkpt lat="45.717035" lon="9.957579"><ele>553.7</ele></trkpt><trkpt lat="45.7168" lon="9.957395"><ele>555.8</ele></trkpt><trkpt lat="45.716762" lon="9.957326"><ele>555.4</ele></trkpt><trkpt lat="45.716748" lon="9.957244"><ele>555</ele></trkpt><trkpt lat="45.716761" lon="9.957181"><ele>559</ele></trkpt><trkpt lat="45.716809" lon="9.95714"><ele>559.1</ele></trkpt><trkpt lat="45.716856" lon="9.957132"><ele>559.1</ele></trkpt><trkpt lat="45.716901" lon="9.957155"><ele>559.1</ele></trkpt><trkpt lat="45.717008" lon="9.957336"><ele>560.3</ele></trkpt><trkpt lat="45.717118" lon="9.957477"><ele>560.4</ele></trkpt><trkpt lat="45.71735" lon="9.957626"><ele>563.2</ele></trkpt><trkpt lat="45.717618" lon="9.957758"><ele>565.6</ele></trkpt><trkpt lat="45.718168" lon="9.958178"><ele>567.3</ele></trkpt><trkpt lat="45.718577" lon="9.958202"><ele>568.5</ele></trkpt><trkpt lat="45.719032" lon="9.958339"><ele>565.9</ele></trkpt><trkpt lat="45.719164" lon="9.958435"><ele>567.6</ele></trkpt><trkpt lat="45.719352" lon="9.958724"><ele>584</ele></trkpt><trkpt lat="45.719761" lon="9.959294"><ele>578.9</ele></trkpt><trkpt lat="45.720172" lon="9.959671"><ele>582.2</ele></trkpt><trkpt lat="45.720383" lon="9.959813"><ele>582</ele></trkpt><trkpt lat="45.720519" lon="9.959835"><ele>581.4</ele></trkpt><trkpt lat="45.720665" lon="9.959794"><ele>584</ele></trkpt><trkpt lat="45.721038" lon="9.95969"><ele>606</ele></trkpt><trkpt lat="45.721094" lon="9.959674"><ele>611</ele></trkpt><trkpt lat="45.721833" lon="9.959975"><ele>622.1</ele></trkpt><trkpt lat="45.722126" lon="9.96002"><ele>622.7</ele></trkpt><trkpt lat="45.72261" lon="9.959935"><ele>630.8</ele></trkpt><trkpt lat="45.723025" lon="9.9598"><ele>632.1</ele></trkpt><trkpt lat="45.723316" lon="9.959651"><ele>632.3</ele></trkpt><trkpt lat="45.723564" lon="9.959404"><ele>635.7</ele></trkpt><trkpt lat="45.724017" lon="9.959453"><ele>640</ele></trkpt><trkpt lat="45.724501" lon="9.959312"><ele>644.4</ele></trkpt><trkpt lat="45.724821" lon="9.959137"><ele>648.5</ele></trkpt><trkpt lat="45.725304" lon="9.958622"><ele>655</ele></trkpt><trkpt lat="45.725391" lon="9.958607"><ele>655</ele></trkpt><trkpt lat="45.725502" lon="9.958636"><ele>655</ele></trkpt><trkpt lat="45.725563" lon="9.958703"><ele>655</ele></trkpt><trkpt lat="45.725926" lon="9.959517"><ele>638.8</ele></trkpt><trkpt lat="45.726475" lon="9.960352"><ele>633.5</ele></trkpt><trkpt lat="45.727094" lon="9.961027"><ele>641.5</ele></trkpt><trkpt lat="45.727706" lon="9.961966"><ele>650.3</ele></trkpt><trkpt lat="45.727937" lon="9.962247"><ele>650.1</ele></trkpt><trkpt lat="45.728509" lon="9.962612"><ele>662</ele></trkpt><trkpt lat="45.728832" lon="9.962816"><ele>680</ele></trkpt><trkpt lat="45.729305" lon="9.96307"><ele>681.4</ele></trkpt><trkpt lat="45.729722" lon="9.963395"><ele>680.7</ele></trkpt><trkpt lat="45.729827" lon="9.963441"><ele>683.3</ele></trkpt><trkpt lat="45.729906" lon="9.963444"><ele>684</ele></trkpt><trkpt lat="45.730001" lon="9.963408"><ele>684.8</ele></trkpt><trkpt lat="45.730134" lon="9.963305"><ele>684.5</ele></trkpt><trkpt lat="45.730238" lon="9.963346"><ele>682.1</ele></trkpt><trkpt lat="45.730291" lon="9.96342"><ele>681.6</ele></trkpt><trkpt lat="45.730314" lon="9.963485"><ele>681.1</ele></trkpt><trkpt lat="45.730302" lon="9.963564"><ele>680.6</ele></trkpt><trkpt lat="45.73021" lon="9.963662"><ele>678.9</ele></trkpt><trkpt lat="45.730116" lon="9.963728"><ele>678.3</ele></trkpt><trkpt lat="45.729958" lon="9.96391"><ele>677</ele></trkpt><trkpt lat="45.729813" lon="9.964016"><ele>676.6</ele></trkpt><trkpt lat="45.729735" lon="9.964048"><ele>677</ele></trkpt><trkpt lat="45.729618" lon="9.96405"><ele>677.4</ele></trkpt><trkpt lat="45.729229" lon="9.963994"><ele>677.2</ele></trkpt><trkpt lat="45.727863" lon="9.964217"><ele>696.2</ele></trkpt><trkpt lat="45.727372" lon="9.964158"><ele>694.4</ele></trkpt><trkpt lat="45.727127" lon="9.964098"><ele>695.7</ele></trkpt><trkpt lat="45.72703" lon="9.963971"><ele>696.1</ele></trkpt><trkpt lat="45.726924" lon="9.963915"><ele>695.8</ele></trkpt><trkpt lat="45.726871" lon="9.963945"><ele>696.3</ele></trkpt><trkpt lat="45.726847" lon="9.964009"><ele>696.8</ele></trkpt><trkpt lat="45.72685" lon="9.964089"><ele>697.4</ele></trkpt><trkpt lat="45.726881" lon="9.964137"><ele>698</ele></trkpt><trkpt lat="45.727097" lon="9.964187"><ele>699.9</ele></trkpt><trkpt lat="45.727618" lon="9.964507"><ele>697</ele></trkpt><trkpt lat="45.728573" lon="9.96482"><ele>711.5</ele></trkpt><trkpt lat="45.728997" lon="9.965011"><ele>726.4</ele></trkpt><trkpt lat="45.729442" lon="9.965432"><ele>732.2</ele></trkpt><trkpt lat="45.729857" lon="9.966096"><ele>739.4</ele></trkpt><trkpt lat="45.730073" lon="9.966396"><ele>742</ele></trkpt><trkpt lat="45.730209" lon="9.966451"><ele>742</ele></trkpt><trkpt lat="45.730287" lon="9.966395"><ele>739.6</ele></trkpt><trkpt lat="45.730459" lon="9.966188"><ele>736.9</ele></trkpt><trkpt lat="45.730754" lon="9.965429"><ele>736.7</ele></trkpt><trkpt lat="45.73098" lon="9.965078"><ele>741.9</ele></trkpt><trkpt lat="45.731172" lon="9.964839"><ele>742.8</ele></trkpt><trkpt lat="45.731515" lon="9.964539"><ele>750.6</ele></trkpt><trkpt lat="45.731697" lon="9.964434"><ele>753.5</ele></trkpt><trkpt lat="45.732256" lon="9.964249"><ele>763.5</ele></trkpt><trkpt lat="45.732748" lon="9.964184"><ele>766.1</ele></trkpt><trkpt lat="45.733138" lon="9.964075"><ele>765.9</ele></trkpt><trkpt lat="45.733216" lon="9.964087"><ele>767.4</ele></trkpt><trkpt lat="45.733266" lon="9.964119"><ele>768.6</ele></trkpt><trkpt lat="45.73328" lon="9.964182"><ele>769.9</ele></trkpt><trkpt lat="45.733266" lon="9.96423"><ele>769.5</ele></trkpt><trkpt lat="45.73322" lon="9.964263"><ele>769</ele></trkpt><trkpt lat="45.732997" lon="9.964273"><ele>767.8</ele></trkpt><trkpt lat="45.73258" lon="9.9646"><ele>764.8</ele></trkpt><trkpt lat="45.732371" lon="9.964702"><ele>762.7</ele></trkpt><trkpt lat="45.731954" lon="9.964955"><ele>763.9</ele></trkpt><trkpt lat="45.731842" lon="9.965083"><ele>764.1</ele></trkpt><trkpt lat="45.73163" lon="9.965419"><ele>763.3</ele></trkpt><trkpt lat="45.731483" lon="9.965772"><ele>764.7</ele></trkpt><trkpt lat="45.731268" lon="9.966913"><ele>797.3</ele></trkpt><trkpt lat="45.730983" lon="9.968155"><ele>820.8</ele></trkpt><trkpt lat="45.73086" lon="9.968388"><ele>822.9</ele></trkpt><trkpt lat="45.73072" lon="9.968473"><ele>821.6</ele></trkpt><trkpt lat="45.730493" lon="9.968534"><ele>823</ele></trkpt><trkpt lat="45.730163" lon="9.968449"><ele>821.8</ele></trkpt><trkpt lat="45.728902" lon="9.967886"><ele>801.9</ele></trkpt><trkpt lat="45.728291" lon="9.967703"><ele>791.8</ele></trkpt><trkpt lat="45.728242" lon="9.967759"><ele>792.5</ele></trkpt><trkpt lat="45.728237" lon="9.967853"><ele>793.4</ele></trkpt><trkpt lat="45.728266" lon="9.967905"><ele>794.3</ele></trkpt><trkpt lat="45.728323" lon="9.967927"><ele>786</ele></trkpt><trkpt lat="45.728685" lon="9.96799"><ele>812.3</ele></trkpt><trkpt lat="45.728954" lon="9.968187"><ele>819.7</ele></trkpt><trkpt lat="45.729129" lon="9.968377"><ele>819.4</ele></trkpt><trkpt lat="45.73003" lon="9.969191"><ele>845.9</ele></trkpt><trkpt lat="45.730386" lon="9.969356"><ele>850.3</ele></trkpt><trkpt lat="45.730717" lon="9.96939"><ele>850.3</ele></trkpt><trkpt lat="45.731075" lon="9.969326"><ele>849.2</ele></trkpt><trkpt lat="45.731311" lon="9.969193"><ele>847.3</ele></trkpt><trkpt lat="45.731878" lon="9.968433"><ele>844.5</ele></trkpt><trkpt lat="45.732093" lon="9.968011"><ele>843.8</ele></trkpt><trkpt lat="45.732358" lon="9.96741"><ele>844</ele></trkpt><trkpt lat="45.73269" lon="9.966855"><ele>848.9</ele></trkpt><trkpt lat="45.733036" lon="9.966528"><ele>852</ele></trkpt><trkpt lat="45.734072" lon="9.965948"><ele>860.2</ele></trkpt><trkpt lat="45.735611" lon="9.965427"><ele>883.7</ele></trkpt><trkpt lat="45.735822" lon="9.965373"><ele>887.2</ele></trkpt><trkpt lat="45.735861" lon="9.965408"><ele>888.7</ele></trkpt><trkpt lat="45.735879" lon="9.965454"><ele>887.3</ele></trkpt><trkpt lat="45.73586" lon="9.965517"><ele>885.6</ele></trkpt><trkpt lat="45.735469" lon="9.965667"><ele>883.8</ele></trkpt><trkpt lat="45.734906" lon="9.966039"><ele>883.8</ele></trkpt><trkpt lat="45.734338" lon="9.96649"><ele>890.7</ele></trkpt><trkpt lat="45.734077" lon="9.966746"><ele>888.7</ele></trkpt><trkpt lat="45.733604" lon="9.967263"><ele>890.3</ele></trkpt><trkpt lat="45.733232" lon="9.967747"><ele>889.7</ele></trkpt><trkpt lat="45.733117" lon="9.967952"><ele>890.4</ele></trkpt><trkpt lat="45.733079" lon="9.96805"><ele>891.4</ele></trkpt><trkpt lat="45.733051" lon="9.968154"><ele>892.3</ele></trkpt><trkpt lat="45.733033" lon="9.968314"><ele>893.3</ele></trkpt><trkpt lat="45.733027" lon="9.968476"><ele>894.5</ele></trkpt><trkpt lat="45.73305" lon="9.968739"><ele>901</ele></trkpt><trkpt lat="45.733099" lon="9.96885"><ele>901</ele></trkpt><trkpt lat="45.733148" lon="9.968845"><ele>901</ele></trkpt><trkpt lat="45.733175" lon="9.968794"><ele>901</ele></trkpt><trkpt lat="45.733135" lon="9.968493"><ele>901</ele></trkpt><trkpt lat="45.733143" lon="9.968269"><ele>902</ele></trkpt><trkpt lat="45.733188" lon="9.968127"><ele>902.9</ele></trkpt><trkpt lat="45.733265" lon="9.967991"><ele>904.8</ele></trkpt><trkpt lat="45.733447" lon="9.967824"><ele>905.9</ele></trkpt><trkpt lat="45.733948" lon="9.967526"><ele>904.8</ele></trkpt><trkpt lat="45.734275" lon="9.967373"><ele>910.4</ele></trkpt><trkpt lat="45.735564" lon="9.967036"><ele>935.8</ele></trkpt><trkpt lat="45.736384" lon="9.96659"><ele>956.6</ele></trkpt><trkpt lat="45.736684" lon="9.966463"><ele>959.2</ele></trkpt><trkpt lat="45.737528" lon="9.966274"><ele>967.3</ele></trkpt><trkpt lat="45.737615" lon="9.966279"><ele>966.5</ele></trkpt><trkpt lat="45.737685" lon="9.966327"><ele>972</ele></trkpt><trkpt lat="45.737688" lon="9.966387"><ele>973.1</ele></trkpt><trkpt lat="45.737668" lon="9.966457"><ele>973.2</ele></trkpt><trkpt lat="45.73762" lon="9.966505"><ele>973.4</ele></trkpt><trkpt lat="45.737186" lon="9.966794"><ele>973.5</ele></trkpt><trkpt lat="45.736984" lon="9.967001"><ele>973.5</ele></trkpt><trkpt lat="45.736963" lon="9.967115"><ele>973.4</ele></trkpt><trkpt lat="45.736995" lon="9.967189"><ele>973.3</ele></trkpt><trkpt lat="45.73704" lon="9.9672"><ele>974</ele></trkpt><trkpt lat="45.737432" lon="9.966979"><ele>982.5</ele></trkpt><trkpt lat="45.737857" lon="9.96691"><ele>989.4</ele></trkpt><trkpt lat="45.738313" lon="9.966733"><ele>1001.8</ele></trkpt><trkpt lat="45.738614" lon="9.966416"><ele>1008</ele></trkpt><trkpt lat="45.738713" lon="9.966193"><ele>1009.7</ele></trkpt><trkpt lat="45.738734" lon="9.965856"><ele>1009.6</ele></trkpt><trkpt lat="45.738643" lon="9.965505"><ele>1009.5</ele></trkpt><trkpt lat="45.738562" lon="9.965308"><ele>1009.2</ele></trkpt><trkpt lat="45.738615" lon="9.965188"><ele>1009.9</ele></trkpt><trkpt lat="45.738684" lon="9.965205"><ele>1011.2</ele></trkpt><trkpt lat="45.738869" lon="9.9655"><ele>1013.4</ele></trkpt><trkpt lat="45.739518" lon="9.966002"><ele>1019.6</ele></trkpt><trkpt lat="45.739548" lon="9.966137"><ele>1019.4</ele></trkpt><trkpt lat="45.739563" lon="9.966338"><ele>1019.2</ele></trkpt><trkpt lat="45.73954" lon="9.966638"><ele>1022.1</ele></trkpt><trkpt lat="45.739594" lon="9.966771"><ele>1022.9</ele></trkpt><trkpt lat="45.739709" lon="9.966843"><ele>1026.3</ele></trkpt><trkpt lat="45.739914" lon="9.966823"><ele>1027.9</ele></trkpt><trkpt lat="45.740207" lon="9.966613"><ele>1028.4</ele></trkpt><trkpt lat="45.740657" lon="9.966127"><ele>1027.2</ele></trkpt><trkpt lat="45.740811" lon="9.965816"><ele>1053</ele></trkpt><trkpt lat="45.74083" lon="9.965508"><ele>1058.4</ele></trkpt><trkpt lat="45.740744" lon="9.965176"><ele>1055.6</ele></trkpt><trkpt lat="45.740593" lon="9.964999"><ele>1055.6</ele></trkpt><trkpt lat="45.740229" lon="9.964728"><ele>1054.3</ele></trkpt><trkpt lat="45.740055" lon="9.964568"><ele>1053.7</ele></trkpt><trkpt lat="45.73995" lon="9.964327"><ele>1053.1</ele></trkpt><trkpt lat="45.739902" lon="9.964088"><ele>1053.5</ele></trkpt><trkpt lat="45.739929" lon="9.963817"><ele>1053</ele></trkpt><trkpt lat="45.740039" lon="9.963612"><ele>1053.6</ele></trkpt><trkpt lat="45.7402" lon="9.963491"><ele>1052.7</ele></trkpt><trkpt lat="45.74026" lon="9.963433"><ele>1052.2</ele></trkpt><trkpt lat="45.740298" lon="9.963358"><ele>1051.8</ele></trkpt><trkpt lat="45.740321" lon="9.963217"><ele>1049.1</ele></trkpt><trkpt lat="45.740286" lon="9.962844"><ele>1047.9</ele></trkpt><trkpt lat="45.740328" lon="9.962545"><ele>1047.4</ele></trkpt><trkpt lat="45.740466" lon="9.962145"><ele>1048.2</ele></trkpt><trkpt lat="45.740542" lon="9.96198"><ele>1048.7</ele></trkpt><trkpt lat="45.740675" lon="9.96176"><ele>1048.9</ele></trkpt><trkpt lat="45.741245" lon="9.961086"><ele>1051.3</ele></trkpt><trkpt lat="45.741392" lon="9.96084"><ele>1057</ele></trkpt><trkpt lat="45.741684" lon="9.960202"><ele>1077</ele></trkpt><trkpt lat="45.741707" lon="9.960087"><ele>1076.8</ele></trkpt><trkpt lat="45.741672" lon="9.959985"><ele>1075.7</ele></trkpt><trkpt lat="45.741548" lon="9.95986"><ele>1076.5</ele></trkpt><trkpt lat="45.741548" lon="9.95986"><ele>1077.4</ele></trkpt><trkpt lat="45.741404" lon="9.95965"><ele>1078.3</ele></trkpt><trkpt lat="45.741305" lon="9.959397"><ele>1079.2</ele></trkpt><trkpt lat="45.741287" lon="9.9593"><ele>1079.8</ele></trkpt><trkpt lat="45.741282" lon="9.959112"><ele>1080.6</ele></trkpt><trkpt lat="45.741353" lon="9.958481"><ele>1082.1</ele></trkpt><trkpt lat="45.741345" lon="9.958316"><ele>1083.5</ele></trkpt><trkpt lat="45.741275" lon="9.958213"><ele>1083.5</ele></trkpt><trkpt lat="45.741197" lon="9.958154"><ele>1083.3</ele></trkpt><trkpt lat="45.740586" lon="9.957771"><ele>1081.6</ele></trkpt><trkpt lat="45.740471" lon="9.95767"><ele>1082.4</ele></trkpt><trkpt lat="45.740318" lon="9.957442"><ele>1084.8</ele></trkpt><trkpt lat="45.740219" lon="9.957126"><ele>1092</ele></trkpt><trkpt lat="45.740144" lon="9.956847"><ele>1090.8</ele></trkpt><trkpt lat="45.740083" lon="9.956713"><ele>1090.6</ele></trkpt><trkpt lat="45.739942" lon="9.95659"><ele>1090.4</ele></trkpt><trkpt lat="45.739063" lon="9.956181"><ele>1089.3</ele></trkpt><trkpt lat="45.738202" lon="9.955688"><ele>1092.5</ele></trkpt><trkpt lat="45.737095" lon="9.954948"><ele>1101.8</ele></trkpt><trkpt lat="45.736834" lon="9.954852"><ele>1102.2</ele></trkpt><trkpt lat="45.736635" lon="9.954814"><ele>1101.8</ele></trkpt><trkpt lat="45.736404" lon="9.954815"><ele>1099.7</ele></trkpt><trkpt lat="45.735797" lon="9.954902"><ele>1095.4</ele></trkpt><trkpt lat="45.734762" lon="9.955451"><ele>1082</ele></trkpt><trkpt lat="45.734487" lon="9.955549"><ele>1076.7</ele></trkpt><trkpt lat="45.734156" lon="9.955589"><ele>1066</ele></trkpt><trkpt lat="45.733713" lon="9.955581"><ele>1063.7</ele></trkpt><trkpt lat="45.733459" lon="9.955542"><ele>1063.4</ele></trkpt><trkpt lat="45.733264" lon="9.955468"><ele>1062.6</ele></trkpt><trkpt lat="45.733151" lon="9.955379"><ele>1067</ele></trkpt><trkpt lat="45.733018" lon="9.955281"><ele>1055.6</ele></trkpt><trkpt lat="45.732979" lon="9.955218"><ele>1054.8</ele></trkpt><trkpt lat="45.732956" lon="9.955152"><ele>1054.2</ele></trkpt><trkpt lat="45.732954" lon="9.95503"><ele>1051</ele></trkpt><trkpt lat="45.732976" lon="9.95491"><ele>1039.6</ele></trkpt><trkpt lat="45.733015" lon="9.954812"><ele>1038.8</ele></trkpt><trkpt lat="45.733227" lon="9.954534"><ele>1035</ele></trkpt><trkpt lat="45.73332" lon="9.954357"><ele>1038.4</ele></trkpt><trkpt lat="45.73359" lon="9.953722"><ele>1043</ele></trkpt><trkpt lat="45.733649" lon="9.953591"><ele>1036.6</ele></trkpt><trkpt lat="45.733666" lon="9.953468"><ele>1037.9</ele></trkpt><trkpt lat="45.733648" lon="9.953422"><ele>1038.3</ele></trkpt><trkpt lat="45.733608" lon="9.953397"><ele>1038.6</ele></trkpt><trkpt lat="45.733558" lon="9.953406"><ele>1036</ele></trkpt><trkpt lat="45.73337" lon="9.953553"><ele>1036.7</ele></trkpt><trkpt lat="45.73291" lon="9.954108"><ele>1034</ele></trkpt><trkpt lat="45.732539" lon="9.954475"><ele>1034.1</ele></trkpt><trkpt lat="45.732482" lon="9.954491"><ele>1028.7</ele></trkpt><trkpt lat="45.732442" lon="9.954462"><ele>1027.8</ele></trkpt><trkpt lat="45.732415" lon="9.954416"><ele>1027</ele></trkpt><trkpt lat="45.732411" lon="9.95436"><ele>1017</ele></trkpt><trkpt lat="45.732428" lon="9.954298"><ele>1014.3</ele></trkpt><trkpt lat="45.732659" lon="9.95407"><ele>1014.9</ele></trkpt><trkpt lat="45.732795" lon="9.953862"><ele>1015.3</ele></trkpt><trkpt lat="45.732971" lon="9.953278"><ele>1015</ele></trkpt><trkpt lat="45.733052" lon="9.953056"><ele>1014.1</ele></trkpt><trkpt lat="45.733056" lon="9.952952"><ele>1013.4</ele></trkpt><trkpt lat="45.733037" lon="9.952894"><ele>1005</ele></trkpt><trkpt lat="45.732972" lon="9.952872"><ele>1002.7</ele></trkpt><trkpt lat="45.732941" lon="9.952881"><ele>1002.7</ele></trkpt><trkpt lat="45.732862" lon="9.952993"><ele>1002.8</ele></trkpt><trkpt lat="45.732705" lon="9.95347"><ele>1003.3</ele></trkpt><trkpt lat="45.732616" lon="9.953625"><ele>1004.2</ele></trkpt><trkpt lat="45.732503" lon="9.953664"><ele>1005</ele></trkpt><trkpt lat="45.732298" lon="9.953616"><ele>1004.9</ele></trkpt><trkpt lat="45.732075" lon="9.953635"><ele>1004.6</ele></trkpt><trkpt lat="45.732025" lon="9.953622"><ele>1004.5</ele></trkpt><trkpt lat="45.731992" lon="9.953578"><ele>1004.5</ele></trkpt><trkpt lat="45.731985" lon="9.953505"><ele>1004.4</ele></trkpt><trkpt lat="45.731998" lon="9.953443"><ele>1004.3</ele></trkpt><trkpt lat="45.732038" lon="9.953394"><ele>1004.2</ele></trkpt><trkpt lat="45.732076" lon="9.953378"><ele>1004.1</ele></trkpt><trkpt lat="45.73218" lon="9.953394"><ele>1004</ele></trkpt><trkpt lat="45.732392" lon="9.953381"><ele>1003.9</ele></trkpt><trkpt lat="45.73244" lon="9.953339"><ele>1003.8</ele></trkpt><trkpt lat="45.73246" lon="9.953284"><ele>1003.3</ele></trkpt><trkpt lat="45.732476" lon="9.953113"><ele>1002.5</ele></trkpt><trkpt lat="45.732382" lon="9.952549"><ele>1001.2</ele></trkpt><trkpt lat="45.732379" lon="9.952433"><ele>1000.7</ele></trkpt><trkpt lat="45.732401" lon="9.952304"><ele>1000.1</ele></trkpt><trkpt lat="45.732477" lon="9.952055"><ele>999</ele></trkpt><trkpt lat="45.732458" lon="9.951987"><ele>980</ele></trkpt><trkpt lat="45.732437" lon="9.951954"><ele>981.5</ele></trkpt><trkpt lat="45.732392" lon="9.951933"><ele>981.4</ele></trkpt><trkpt lat="45.73231" lon="9.951941"><ele>981.4</ele></trkpt><trkpt lat="45.732168" lon="9.952033"><ele>981.2</ele></trkpt><trkpt lat="45.732099" lon="9.952164"><ele>981.3</ele></trkpt><trkpt lat="45.732062" lon="9.952462"><ele>981.5</ele></trkpt><trkpt lat="45.732025" lon="9.952545"><ele>981.8</ele></trkpt><trkpt lat="45.731909" lon="9.952653"><ele>982.2</ele></trkpt><trkpt lat="45.731691" lon="9.952793"><ele>982.4</ele></trkpt><trkpt lat="45.731517" lon="9.952961"><ele>982</ele></trkpt><trkpt lat="45.731434" lon="9.953117"><ele>981.9</ele></trkpt><trkpt lat="45.731363" lon="9.953302"><ele>982</ele></trkpt><trkpt lat="45.731312" lon="9.953536"><ele>982.8</ele></trkpt><trkpt lat="45.731273" lon="9.95363"><ele>983.4</ele></trkpt><trkpt lat="45.731233" lon="9.953681"><ele>989</ele></trkpt><trkpt lat="45.731136" lon="9.9537"><ele>987.3</ele></trkpt><trkpt lat="45.73094" lon="9.953582"><ele>987.7</ele></trkpt><trkpt lat="45.730772" lon="9.953522"><ele>987</ele></trkpt><trkpt lat="45.730709" lon="9.953478"><ele>982</ele></trkpt><trkpt lat="45.730692" lon="9.953376"><ele>968.9</ele></trkpt><trkpt lat="45.730705" lon="9.953317"><ele>968.4</ele></trkpt><trkpt lat="45.730741" lon="9.953266"><ele>968.3</ele></trkpt><trkpt lat="45.730885" lon="9.953181"><ele>968.3</ele></trkpt><trkpt lat="45.73094" lon="9.953122"><ele>968.4</ele></trkpt><trkpt lat="45.730991" lon="9.952986"><ele>968.4</ele></trkpt><trkpt lat="45.731054" lon="9.952593"><ele>968.4</ele></trkpt><trkpt lat="45.731119" lon="9.952391"><ele>967.4</ele></trkpt><trkpt lat="45.73117" lon="9.952302"><ele>966.5</ele></trkpt><trkpt lat="45.731284" lon="9.952227"><ele>965.6</ele></trkpt><trkpt lat="45.731496" lon="9.95219"><ele>964.6</ele></trkpt><trkpt lat="45.731542" lon="9.952137"><ele>964.2</ele></trkpt><trkpt lat="45.731583" lon="9.952004"><ele>963.2</ele></trkpt><trkpt lat="45.731555" lon="9.951599"><ele>961.5</ele></trkpt><trkpt lat="45.731586" lon="9.951334"><ele>959.5</ele></trkpt><trkpt lat="45.731647" lon="9.951175"><ele>958.6</ele></trkpt><trkpt lat="45.731713" lon="9.951069"><ele>958.4</ele></trkpt><trkpt lat="45.731871" lon="9.950898"><ele>958.4</ele></trkpt><trkpt lat="45.731946" lon="9.950851"><ele>958.6</ele></trkpt><trkpt lat="45.732037" lon="9.950825"><ele>958.5</ele></trkpt><trkpt lat="45.732215" lon="9.950845"><ele>958.6</ele></trkpt><trkpt lat="45.732294" lon="9.950878"><ele>958.7</ele></trkpt><trkpt lat="45.732497" lon="9.951016"><ele>959.2</ele></trkpt><trkpt lat="45.732552" lon="9.95103"><ele>959.6</ele></trkpt><trkpt lat="45.732621" lon="9.950992"><ele>960</ele></trkpt><trkpt lat="45.732645" lon="9.950954"><ele>960.4</ele></trkpt><trkpt lat="45.732667" lon="9.950862"><ele>960.8</ele></trkpt><trkpt lat="45.732604" lon="9.950315"><ele>959.8</ele></trkpt><trkpt lat="45.732607" lon="9.95008"><ele>959.9</ele></trkpt><trkpt lat="45.732625" lon="9.949947"><ele>959.4</ele></trkpt><trkpt lat="45.732686" lon="9.949781"><ele>959.4</ele></trkpt><trkpt lat="45.732766" lon="9.94965"><ele>958.3</ele></trkpt><trkpt lat="45.732882" lon="9.949529"><ele>957.3</ele></trkpt><trkpt lat="45.733015" lon="9.949439"><ele>956.8</ele></trkpt><trkpt lat="45.733241" lon="9.949367"><ele>953.2</ele></trkpt><trkpt lat="45.733299" lon="9.949331"><ele>952.2</ele></trkpt><trkpt lat="45.733395" lon="9.949195"><ele>949.5</ele></trkpt><trkpt lat="45.733427" lon="9.949026"><ele>949.6</ele></trkpt><trkpt lat="45.733393" lon="9.948915"><ele>949.3</ele></trkpt><trkpt lat="45.733233" lon="9.94865"><ele>947.3</ele></trkpt><trkpt lat="45.733168" lon="9.94847"><ele>944.7</ele></trkpt><trkpt lat="45.733127" lon="9.948197"><ele>939.1</ele></trkpt><trkpt lat="45.733194" lon="9.946894"><ele>920.6</ele></trkpt><trkpt lat="45.733246" lon="9.946394"><ele>915.2</ele></trkpt><trkpt lat="45.733238" lon="9.946333"><ele>914.3</ele></trkpt><trkpt lat="45.733206" lon="9.946296"><ele>907</ele></trkpt><trkpt lat="45.733175" lon="9.946294"><ele>908.3</ele></trkpt><trkpt lat="45.733115" lon="9.946365"><ele>908.2</ele></trkpt><trkpt lat="45.733025" lon="9.946718"><ele>908.5</ele></trkpt><trkpt lat="45.732933" lon="9.947367"><ele>910.3</ele></trkpt><trkpt lat="45.732891" lon="9.947433"><ele>910.5</ele></trkpt><trkpt lat="45.732848" lon="9.947453"><ele>910.7</ele></trkpt><trkpt lat="45.732799" lon="9.947449"><ele>910.9</ele></trkpt><trkpt lat="45.732762" lon="9.947409"><ele>911.1</ele></trkpt><trkpt lat="45.732745" lon="9.947356"><ele>911.3</ele></trkpt><trkpt lat="45.73264" lon="9.946217"><ele>909.8</ele></trkpt><trkpt lat="45.732495" lon="9.945412"><ele>901.6</ele></trkpt><trkpt lat="45.732513" lon="9.945302"><ele>901.8</ele></trkpt><trkpt lat="45.732554" lon="9.945197"><ele>903</ele></trkpt><trkpt lat="45.732621" lon="9.945144"><ele>893.5</ele></trkpt><trkpt lat="45.732715" lon="9.945143"><ele>893.5</ele></trkpt><trkpt lat="45.73319" lon="9.945387"><ele>893.3</ele></trkpt><trkpt lat="45.733242" lon="9.94539"><ele>893.7</ele></trkpt><trkpt lat="45.73332" lon="9.945317"><ele>894.4</ele></trkpt><trkpt lat="45.733334" lon="9.94525"><ele>894.5</ele></trkpt><trkpt lat="45.733274" lon="9.944951"><ele>893.6</ele></trkpt><trkpt lat="45.733262" lon="9.944759"><ele>892.6</ele></trkpt><trkpt lat="45.733278" lon="9.944542"><ele>891.7</ele></trkpt><trkpt lat="45.733318" lon="9.944322"><ele>891.6</ele></trkpt><trkpt lat="45.733391" lon="9.944067"><ele>890.6</ele></trkpt><trkpt lat="45.73343" lon="9.943979"><ele>890.5</ele></trkpt><trkpt lat="45.733536" lon="9.943887"><ele>889.5</ele></trkpt><trkpt lat="45.733725" lon="9.943885"><ele>888.6</ele></trkpt><trkpt lat="45.733787" lon="9.943813"><ele>888.1</ele></trkpt><trkpt lat="45.733792" lon="9.943745"><ele>887.6</ele></trkpt><trkpt lat="45.733777" lon="9.943675"><ele>886.6</ele></trkpt><trkpt lat="45.733624" lon="9.943303"><ele>882.1</ele></trkpt><trkpt lat="45.733561" lon="9.94311"><ele>879.3</ele></trkpt><trkpt lat="45.733526" lon="9.942886"><ele>870.8</ele></trkpt><trkpt lat="45.733534" lon="9.942683"><ele>870.6</ele></trkpt><trkpt lat="45.73369" lon="9.942"><ele>862.9</ele></trkpt><trkpt lat="45.733753" lon="9.941789"><ele>858.7</ele></trkpt><trkpt lat="45.733818" lon="9.941636"><ele>858</ele></trkpt><trkpt lat="45.733942" lon="9.941418"><ele>856.8</ele></trkpt><trkpt lat="45.733973" lon="9.941326"><ele>856.8</ele></trkpt><trkpt lat="45.733965" lon="9.941257"><ele>855.8</ele></trkpt><trkpt lat="45.733939" lon="9.941215"><ele>855.9</ele></trkpt><trkpt lat="45.733898" lon="9.941205"><ele>855.5</ele></trkpt><trkpt lat="45.733837" lon="9.941236"><ele>856.1</ele></trkpt><trkpt lat="45.733732" lon="9.94138"><ele>856.6</ele></trkpt><trkpt lat="45.733576" lon="9.941657"><ele>857.8</ele></trkpt><trkpt lat="45.733437" lon="9.942139"><ele>865.1</ele></trkpt><trkpt lat="45.733402" lon="9.942191"><ele>865.2</ele></trkpt><trkpt lat="45.733355" lon="9.942212"><ele>865.3</ele></trkpt><trkpt lat="45.733274" lon="9.942155"><ele>864.3</ele></trkpt><trkpt lat="45.733259" lon="9.942091"><ele>863.6</ele></trkpt><trkpt lat="45.733261" lon="9.942005"><ele>859.2</ele></trkpt><trkpt lat="45.733458" lon="9.940631"><ele>848.3</ele></trkpt><trkpt lat="45.73341" lon="9.940544"><ele>847.5</ele></trkpt><trkpt lat="45.733372" lon="9.940534"><ele>847.4</ele></trkpt><trkpt lat="45.733316" lon="9.940555"><ele>847.1</ele></trkpt><trkpt lat="45.733278" lon="9.940606"><ele>846.9</ele></trkpt><trkpt lat="45.733244" lon="9.940745"><ele>846.7</ele></trkpt><trkpt lat="45.733236" lon="9.940972"><ele>847.1</ele></trkpt><trkpt lat="45.733218" lon="9.94105"><ele>847.5</ele></trkpt><trkpt lat="45.733177" lon="9.941095"><ele>847.4</ele></trkpt><trkpt lat="45.733129" lon="9.941094"><ele>846.6</ele></trkpt><trkpt lat="45.733088" lon="9.94106"><ele>846.5</ele></trkpt><trkpt lat="45.733059" lon="9.941006"><ele>845.8</ele></trkpt><trkpt lat="45.732938" lon="9.940299"><ele>836.6</ele></trkpt><trkpt lat="45.732919" lon="9.940077"><ele>835.5</ele></trkpt><trkpt lat="45.732974" lon="9.939675"><ele>834.9</ele></trkpt><trkpt lat="45.732949" lon="9.939616"><ele>834.6</ele></trkpt><trkpt lat="45.732901" lon="9.939585"><ele>834.3</ele></trkpt><trkpt lat="45.73285" lon="9.939608"><ele>833.3</ele></trkpt><trkpt lat="45.732791" lon="9.939689"><ele>833</ele></trkpt><trkpt lat="45.732694" lon="9.939905"><ele>832.1</ele></trkpt><trkpt lat="45.732665" lon="9.940062"><ele>832.1</ele></trkpt><trkpt lat="45.732662" lon="9.940259"><ele>832.5</ele></trkpt><trkpt lat="45.732756" lon="9.94101"><ele>842.4</ele></trkpt><trkpt lat="45.732745" lon="9.941108"><ele>842.4</ele></trkpt><trkpt lat="45.732713" lon="9.941159"><ele>842.9</ele></trkpt><trkpt lat="45.73266" lon="9.941185"><ele>841.5</ele></trkpt><trkpt lat="45.732612" lon="9.941172"><ele>838.7</ele></trkpt><trkpt lat="45.732528" lon="9.941077"><ele>837.2</ele></trkpt><trkpt lat="45.732442" lon="9.940884"><ele>835.8</ele></trkpt><trkpt lat="45.732292" lon="9.940669"><ele>828.7</ele></trkpt><trkpt lat="45.73207" lon="9.94042"><ele>813.5</ele></trkpt><trkpt lat="45.731915" lon="9.940301"><ele>809.1</ele></trkpt><trkpt lat="45.731762" lon="9.940241"><ele>807.2</ele></trkpt><trkpt lat="45.731591" lon="9.940255"><ele>803.2</ele></trkpt><trkpt lat="45.731467" lon="9.940345"><ele>796.3</ele></trkpt><trkpt lat="45.73132" lon="9.940518"><ele>794</ele></trkpt><trkpt lat="45.731188" lon="9.940751"><ele>792.4</ele></trkpt><trkpt lat="45.731045" lon="9.941098"><ele>793.8</ele></trkpt><trkpt lat="45.730956" lon="9.941156"><ele>794.7</ele></trkpt><trkpt lat="45.730903" lon="9.941134"><ele>794.9</ele></trkpt><trkpt lat="45.730869" lon="9.941074"><ele>794.7</ele></trkpt><trkpt lat="45.730854" lon="9.940998"><ele>794.4</ele></trkpt><trkpt lat="45.730866" lon="9.940799"><ele>792</ele></trkpt><trkpt lat="45.731034" lon="9.939574"><ele>790</ele></trkpt><trkpt lat="45.731095" lon="9.93943"><ele>789.8</ele></trkpt><trkpt lat="45.731168" lon="9.939372"><ele>789.6</ele></trkpt><trkpt lat="45.73139" lon="9.939307"><ele>784.1</ele></trkpt><trkpt lat="45.731411" lon="9.939257"><ele>783.2</ele></trkpt><trkpt lat="45.731404" lon="9.939201"><ele>782.3</ele></trkpt><trkpt lat="45.731376" lon="9.939153"><ele>781.7</ele></trkpt><trkpt lat="45.731219" lon="9.939038"><ele>780.7</ele></trkpt><trkpt lat="45.730835" lon="9.938664"><ele>779.1</ele></trkpt><trkpt lat="45.730744" lon="9.938597"><ele>762</ele></trkpt><trkpt lat="45.730683" lon="9.938625"><ele>765</ele></trkpt><trkpt lat="45.730532" lon="9.938854"><ele>764.7</ele></trkpt><trkpt lat="45.730465" lon="9.938968"><ele>764.5</ele></trkpt><trkpt lat="45.730384" lon="9.939178"><ele>764.9</ele></trkpt><trkpt lat="45.730331" lon="9.939425"><ele>765.3</ele></trkpt><trkpt lat="45.730264" lon="9.939994"><ele>769</ele></trkpt><trkpt lat="45.730179" lon="9.940026"><ele>777</ele></trkpt><trkpt lat="45.730152" lon="9.940013"><ele>777</ele></trkpt><trkpt lat="45.729942" lon="9.939609"><ele>775.2</ele></trkpt><trkpt lat="45.729832" lon="9.939507"><ele>775.4</ele></trkpt><trkpt lat="45.729624" lon="9.939388"><ele>775.7</ele></trkpt><trkpt lat="45.729542" lon="9.939268"><ele>777</ele></trkpt><trkpt lat="45.729475" lon="9.93921"><ele>769.4</ele></trkpt><trkpt lat="45.729442" lon="9.939117"><ele>769.3</ele></trkpt><trkpt lat="45.729443" lon="9.938971"><ele>769.2</ele></trkpt><trkpt lat="45.729473" lon="9.938817"><ele>768.3</ele></trkpt><trkpt lat="45.72948" lon="9.938658"><ele>768.2</ele></trkpt><trkpt lat="45.729458" lon="9.938502"><ele>767.3</ele></trkpt><trkpt lat="45.729337" lon="9.938008"><ele>765.5</ele></trkpt><trkpt lat="45.729152" lon="9.937369"><ele>763.2</ele></trkpt><trkpt lat="45.729091" lon="9.937079"><ele>760.3</ele></trkpt><trkpt lat="45.729063" lon="9.936707"><ele>757.7</ele></trkpt><trkpt lat="45.729083" lon="9.936089"><ele>754.4</ele></trkpt><trkpt lat="45.729074" lon="9.935858"><ele>751.6</ele></trkpt><trkpt lat="45.729" lon="9.935142"><ele>738.7</ele></trkpt><trkpt lat="45.729023" lon="9.934763"><ele>728</ele></trkpt><trkpt lat="45.729106" lon="9.934112"><ele>718.9</ele></trkpt><trkpt lat="45.729166" lon="9.933444"><ele>710.8</ele></trkpt><trkpt lat="45.729157" lon="9.9333"><ele>710.3</ele></trkpt><trkpt lat="45.729102" lon="9.933182"><ele>707.6</ele></trkpt><trkpt lat="45.729028" lon="9.933086"><ele>706.4</ele></trkpt><trkpt lat="45.72895" lon="9.933026"><ele>706.1</ele></trkpt><trkpt lat="45.728879" lon="9.932918"><ele>705.9</ele></trkpt><trkpt lat="45.728877" lon="9.932802"><ele>703.8</ele></trkpt><trkpt lat="45.729106" lon="9.931978"><ele>699.2</ele></trkpt><trkpt lat="45.729121" lon="9.931819"><ele>698.6</ele></trkpt><trkpt lat="45.729087" lon="9.931721"><ele>698.1</ele></trkpt><trkpt lat="45.728751" lon="9.931249"><ele>691.8</ele></trkpt><trkpt lat="45.728472" lon="9.930949"><ele>687.8</ele></trkpt><trkpt lat="45.727743" lon="9.930455"><ele>671.2</ele></trkpt><trkpt lat="45.727142" lon="9.930005"><ele>651.4</ele></trkpt><trkpt lat="45.726842" lon="9.92964"><ele>641.7</ele></trkpt><trkpt lat="45.726649" lon="9.929189"><ele>639.4</ele></trkpt><trkpt lat="45.7264" lon="9.928705"><ele>639</ele></trkpt><trkpt lat="45.726331" lon="9.928471"><ele>638.3</ele></trkpt><trkpt lat="45.726329" lon="9.928205"><ele>636.2</ele></trkpt><trkpt lat="45.726291" lon="9.9281"><ele>635.1</ele></trkpt><trkpt lat="45.726222" lon="9.928108"><ele>634.2</ele></trkpt><trkpt lat="45.726194" lon="9.928166"><ele>633.8</ele></trkpt><trkpt lat="45.725977" lon="9.929093"><ele>635</ele></trkpt><trkpt lat="45.72594" lon="9.929189"><ele>635.2</ele></trkpt><trkpt lat="45.725883" lon="9.929266"><ele>634</ele></trkpt><trkpt lat="45.725824" lon="9.92931"><ele>651</ele></trkpt><trkpt lat="45.725709" lon="9.929344"><ele>646.4</ele></trkpt><trkpt lat="45.725645" lon="9.929326"><ele>646.9</ele></trkpt><trkpt lat="45.725516" lon="9.92919"><ele>647.6</ele></trkpt><trkpt lat="45.725347" lon="9.928883"><ele>645.2</ele></trkpt><trkpt lat="45.725188" lon="9.928406"><ele>634</ele></trkpt><trkpt lat="45.725047" lon="9.928174"><ele>617.5</ele></trkpt><trkpt lat="45.724453" lon="9.927445"><ele>613.8</ele></trkpt><trkpt lat="45.724242" lon="9.927155"><ele>609.7</ele></trkpt><trkpt lat="45.723957" lon="9.926637"><ele>603.3</ele></trkpt><trkpt lat="45.723651" lon="9.926175"><ele>598.3</ele></trkpt><trkpt lat="45.723563" lon="9.925969"><ele>595.9</ele></trkpt><trkpt lat="45.723501" lon="9.92576"><ele>595.3</ele></trkpt><trkpt lat="45.723412" lon="9.925269"><ele>590.7</ele></trkpt><trkpt lat="45.723433" lon="9.924772"><ele>582.7</ele></trkpt><trkpt lat="45.723528" lon="9.924237"><ele>575.1</ele></trkpt><trkpt lat="45.723457" lon="9.923801"><ele>567.9</ele></trkpt><trkpt lat="45.723407" lon="9.923229"><ele>561.7</ele></trkpt><trkpt lat="45.723302" lon="9.92296"><ele>560.1</ele></trkpt><trkpt lat="45.723195" lon="9.922755"><ele>558.5</ele></trkpt><trkpt lat="45.723165" lon="9.922571"><ele>559</ele></trkpt><trkpt lat="45.723162" lon="9.922385"><ele>558.5</ele></trkpt><trkpt lat="45.72324" lon="9.921924"><ele>554.5</ele></trkpt><trkpt lat="45.723245" lon="9.92173"><ele>552.1</ele></trkpt><trkpt lat="45.723179" lon="9.921389"><ele>548.1</ele></trkpt><trkpt lat="45.723127" lon="9.921302"><ele>548</ele></trkpt><trkpt lat="45.723062" lon="9.921274"><ele>548.3</ele></trkpt><trkpt lat="45.722889" lon="9.921265"><ele>548.5</ele></trkpt><trkpt lat="45.722826" lon="9.921212"><ele>548.7</ele></trkpt><trkpt lat="45.722791" lon="9.921117"><ele>545.1</ele></trkpt><trkpt lat="45.722767" lon="9.920754"><ele>541.2</ele></trkpt><trkpt lat="45.722783" lon="9.920546"><ele>537.2</ele></trkpt><trkpt lat="45.722886" lon="9.920199"><ele>514.8</ele></trkpt><trkpt lat="45.722991" lon="9.919976"><ele>506</ele></trkpt><trkpt lat="45.723048" lon="9.919769"><ele>502.6</ele></trkpt><trkpt lat="45.723068" lon="9.919533"><ele>501</ele></trkpt><trkpt lat="45.723064" lon="9.918654"><ele>493.2</ele></trkpt><trkpt lat="45.723086" lon="9.918586"><ele>493.5</ele></trkpt><trkpt lat="45.723127" lon="9.918564"><ele>493.5</ele></trkpt><trkpt lat="45.723161" lon="9.918593"><ele>492.2</ele></trkpt><trkpt lat="45.723301" lon="9.919233"><ele>495.5</ele></trkpt><trkpt lat="45.723341" lon="9.919344"><ele>495.4</ele></trkpt><trkpt lat="45.723387" lon="9.919404"><ele>496.1</ele></trkpt><trkpt lat="45.723422" lon="9.919387"><ele>495</ele></trkpt><trkpt lat="45.723448" lon="9.919323"><ele>494.7</ele></trkpt><trkpt lat="45.723465" lon="9.919211"><ele>493.9</ele></trkpt><trkpt lat="45.723453" lon="9.919072"><ele>493.2</ele></trkpt><trkpt lat="45.723387" lon="9.918803"><ele>491.5</ele></trkpt><trkpt lat="45.723329" lon="9.918429"><ele>490.6</ele></trkpt><trkpt lat="45.723337" lon="9.91837"><ele>489.1</ele></trkpt><trkpt lat="45.723357" lon="9.918338"><ele>489</ele></trkpt><trkpt lat="45.723438" lon="9.918359"><ele>488.8</ele></trkpt><trkpt lat="45.723559" lon="9.918632"><ele>490</ele></trkpt><trkpt lat="45.723644" lon="9.919125"><ele>492</ele></trkpt><trkpt lat="45.723668" lon="9.919358"><ele>493</ele></trkpt><trkpt lat="45.723684" lon="9.919429"><ele>493</ele></trkpt><trkpt lat="45.72373" lon="9.919486"><ele>493</ele></trkpt><trkpt lat="45.723758" lon="9.919469"><ele>493</ele></trkpt><trkpt lat="45.723775" lon="9.919427"><ele>492.4</ele></trkpt><trkpt lat="45.723785" lon="9.919289"><ele>491.9</ele></trkpt><trkpt lat="45.723709" lon="9.918546"><ele>488</ele></trkpt><trkpt lat="45.723725" lon="9.918476"><ele>487.9</ele></trkpt><trkpt lat="45.72376" lon="9.918423"><ele>487.1</ele></trkpt><trkpt lat="45.723814" lon="9.91843"><ele>486.5</ele></trkpt><trkpt lat="45.723869" lon="9.918487"><ele>486.5</ele></trkpt><trkpt lat="45.723997" lon="9.918836"><ele>488.4</ele></trkpt><trkpt lat="45.724007" lon="9.919031"><ele>488.2</ele></trkpt><trkpt lat="45.724029" lon="9.919098"><ele>488.1</ele></trkpt><trkpt lat="45.724062" lon="9.919117"><ele>488</ele></trkpt><trkpt lat="45.724095" lon="9.919112"><ele>487.9</ele></trkpt><trkpt lat="45.724123" lon="9.91908"><ele>487.8</ele></trkpt><trkpt lat="45.724177" lon="9.918703"><ele>485.5</ele></trkpt><trkpt lat="45.724179" lon="9.918599"><ele>484.9</ele></trkpt><trkpt lat="45.724159" lon="9.918512"><ele>484.9</ele></trkpt><trkpt lat="45.724092" lon="9.918335"><ele>484</ele></trkpt><trkpt lat="45.724098" lon="9.918275"><ele>483.2</ele></trkpt><trkpt lat="45.724129" lon="9.918235"><ele>482.2</ele></trkpt><trkpt lat="45.724168" lon="9.918235"><ele>482.2</ele></trkpt><trkpt lat="45.724214" lon="9.918272"><ele>481.5</ele></trkpt><trkpt lat="45.724299" lon="9.918429"><ele>480.5</ele></trkpt><trkpt lat="45.724377" lon="9.918705"><ele>480.9</ele></trkpt><trkpt lat="45.724407" lon="9.918762"><ele>480.4</ele></trkpt><trkpt lat="45.72445" lon="9.91875"><ele>478.3</ele></trkpt><trkpt lat="45.724481" lon="9.918705"><ele>477.1</ele></trkpt><trkpt lat="45.724432" lon="9.918306"><ele>474.7</ele></trkpt><trkpt lat="45.724447" lon="9.918042"><ele>467.8</ele></trkpt><trkpt lat="45.724363" lon="9.917575"><ele>454.9</ele></trkpt><trkpt lat="45.72409" lon="9.91681"><ele>427.2</ele></trkpt><trkpt lat="45.723882" lon="9.916337"><ele>425.1</ele></trkpt><trkpt lat="45.723868" lon="9.916265"><ele>425.2</ele></trkpt><trkpt lat="45.723875" lon="9.916165"><ele>425.2</ele></trkpt><trkpt lat="45.723916" lon="9.916068"><ele>426</ele></trkpt><trkpt lat="45.723977" lon="9.915989"><ele>426</ele></trkpt><trkpt lat="45.724216" lon="9.915677"><ele>410.5</ele></trkpt><trkpt lat="45.724422" lon="9.91532"><ele>406.6</ele></trkpt><trkpt lat="45.724653" lon="9.914682"><ele>403.7</ele></trkpt><trkpt lat="45.724984" lon="9.914019"><ele>397.4</ele></trkpt><trkpt lat="45.725297" lon="9.913017"><ele>388.1</ele></trkpt><trkpt lat="45.725459" lon="9.912645"><ele>383.6</ele></trkpt><trkpt lat="45.725616" lon="9.912331"><ele>383.1</ele></trkpt><trkpt lat="45.725807" lon="9.912155"><ele>380.1</ele></trkpt><trkpt lat="45.725917" lon="9.91211"><ele>379.2</ele></trkpt><trkpt lat="45.726489" lon="9.912009"><ele>378</ele></trkpt><trkpt lat="45.726767" lon="9.91194"><ele>379.8</ele></trkpt><trkpt lat="45.726872" lon="9.911827"><ele>381</ele></trkpt><trkpt lat="45.72691" lon="9.911739"><ele>381.2</ele></trkpt><trkpt lat="45.727008" lon="9.9114"><ele>381.2</ele></trkpt><trkpt lat="45.727288" lon="9.910738"><ele>382</ele></trkpt><trkpt lat="45.727338" lon="9.910658"><ele>382</ele></trkpt><trkpt lat="45.727488" lon="9.91051"><ele>376.6</ele></trkpt><trkpt lat="45.727544" lon="9.910495"><ele>375.4</ele></trkpt><trkpt lat="45.727601" lon="9.910517"><ele>375.2</ele></trkpt><trkpt lat="45.72816" lon="9.91115"><ele>376.2</ele></trkpt><trkpt lat="45.728546" lon="9.91153"><ele>374.8</ele></trkpt><trkpt lat="45.728602" lon="9.911552"><ele>373.4</ele></trkpt><trkpt lat="45.728658" lon="9.9115"><ele>367</ele></trkpt><trkpt lat="45.728637" lon="9.911389"><ele>368.4</ele></trkpt><trkpt lat="45.7285" lon="9.91126"><ele>368</ele></trkpt><trkpt lat="45.728385" lon="9.911108"><ele>368</ele></trkpt><trkpt lat="45.728309" lon="9.910976"><ele>369.5</ele></trkpt><trkpt lat="45.728238" lon="9.910795"><ele>374</ele></trkpt><trkpt lat="45.728085" lon="9.910321"><ele>362.4</ele></trkpt><trkpt lat="45.727944" lon="9.909983"><ele>358.6</ele></trkpt><trkpt lat="45.727286" lon="9.908767"><ele>353.1</ele></trkpt><trkpt lat="45.727231" lon="9.908622"><ele>351.9</ele></trkpt><trkpt lat="45.727171" lon="9.908394"><ele>350.2</ele></trkpt><trkpt lat="45.727196" lon="9.907941"><ele>350.1</ele></trkpt><trkpt lat="45.727182" lon="9.907831"><ele>350</ele></trkpt><trkpt lat="45.72706" lon="9.907444"><ele>349.1</ele></trkpt><trkpt lat="45.726918" lon="9.907178"><ele>347.8</ele></trkpt><trkpt lat="45.726829" lon="9.907043"><ele>347.1</ele></trkpt><trkpt lat="45.726642" lon="9.906889"><ele>345.4</ele></trkpt><trkpt lat="45.726623" lon="9.906852"><ele>343.8</ele></trkpt><trkpt lat="45.726624" lon="9.906812"><ele>343.2</ele></trkpt><trkpt lat="45.726642" lon="9.906782"><ele>342.6</ele></trkpt><trkpt lat="45.726799" lon="9.906671"><ele>331</ele></trkpt><trkpt lat="45.726998" lon="9.906451"><ele>323.5</ele></trkpt><trkpt lat="45.72716" lon="9.90617"><ele>323.5</ele></trkpt><trkpt lat="45.7273" lon="9.905732"><ele>322.9</ele></trkpt><trkpt lat="45.72739" lon="9.905356"><ele>319</ele></trkpt><trkpt lat="45.727381" lon="9.905198"><ele>319</ele></trkpt><trkpt lat="45.72734" lon="9.905065"><ele>319</ele></trkpt><trkpt lat="45.727252" lon="9.904954"><ele>317.8</ele></trkpt><trkpt lat="45.726795" lon="9.904546"><ele>317.5</ele></trkpt><trkpt lat="45.726687" lon="9.904394"><ele>317.4</ele></trkpt><trkpt lat="45.726618" lon="9.904243"><ele>318.4</ele></trkpt><trkpt lat="45.726507" lon="9.903859"><ele>318.2</ele></trkpt><trkpt lat="45.726313" lon="9.903374"><ele>317</ele></trkpt><trkpt lat="45.726197" lon="9.903148"><ele>309.9</ele></trkpt><trkpt lat="45.725918" lon="9.902675"><ele>309.8</ele></trkpt><trkpt lat="45.725403" lon="9.901951"><ele>305</ele></trkpt><trkpt lat="45.72524" lon="9.901706"><ele>305.4</ele></trkpt><trkpt lat="45.725159" lon="9.901514"><ele>306</ele></trkpt><trkpt lat="45.725153" lon="9.901348"><ele>306</ele></trkpt><trkpt lat="45.725164" lon="9.901214"><ele>306</ele></trkpt><trkpt lat="45.725215" lon="9.901128"><ele>306</ele></trkpt><trkpt lat="45.725291" lon="9.901042"><ele>306</ele></trkpt><trkpt lat="45.725386" lon="9.901003"><ele>306</ele></trkpt><trkpt lat="45.725507" lon="9.901103"><ele>306</ele></trkpt><trkpt lat="45.725716" lon="9.901275"><ele>306</ele></trkpt><trkpt lat="45.725933" lon="9.90142"><ele>308</ele></trkpt><trkpt lat="45.726098" lon="9.901479"><ele>309</ele></trkpt><trkpt lat="45.726288" lon="9.901529"><ele>309</ele></trkpt><trkpt lat="45.72642" lon="9.901561"><ele>309</ele></trkpt><trkpt lat="45.726706" lon="9.901644"><ele>321</ele></trkpt><trkpt lat="45.726851" lon="9.901699"><ele>317.8</ele></trkpt><trkpt lat="45.726979" lon="9.90178"><ele>318.9</ele></trkpt><trkpt lat="45.727653" lon="9.902327"><ele>325.1</ele></trkpt><trkpt lat="45.728483" lon="9.903086"><ele>326.4</ele></trkpt><trkpt lat="45.728732" lon="9.903463"><ele>323.5</ele></trkpt><trkpt lat="45.729129" lon="9.904127"><ele>319</ele></trkpt><trkpt lat="45.729417" lon="9.904575"><ele>316</ele></trkpt><trkpt lat="45.729581" lon="9.904831"><ele>316</ele></trkpt><trkpt lat="45.729857" lon="9.905276"><ele>310</ele></trkpt><trkpt lat="45.730092" lon="9.905656"><ele>312</ele></trkpt><trkpt lat="45.730424" lon="9.906193"><ele>311</ele></trkpt><trkpt lat="45.730637" lon="9.906472"><ele>311.6</ele></trkpt><trkpt lat="45.730908" lon="9.906712"><ele>311.7</ele></trkpt><trkpt lat="45.731311" lon="9.906916"><ele>312</ele></trkpt><trkpt lat="45.731406" lon="9.906938"><ele>312</ele></trkpt><trkpt lat="45.731555" lon="9.906973"><ele>312.5</ele></trkpt><trkpt lat="45.73347" lon="9.907199"><ele>318</ele></trkpt><trkpt lat="45.733689" lon="9.907217"><ele>318</ele></trkpt><trkpt lat="45.733976" lon="9.907214"><ele>318.3</ele></trkpt><trkpt lat="45.734202" lon="9.907161"><ele>319</ele></trkpt><trkpt lat="45.734439" lon="9.90705"><ele>322.8</ele></trkpt><trkpt lat="45.734591" lon="9.906956"><ele>323.4</ele></trkpt><trkpt lat="45.734798" lon="9.906752"><ele>323.8</ele></trkpt><trkpt lat="45.735171" lon="9.906331"><ele>324.1</ele></trkpt><trkpt lat="45.735455" lon="9.906079"><ele>324.4</ele></trkpt><trkpt lat="45.735668" lon="9.905972"><ele>324.2</ele></trkpt><trkpt lat="45.735937" lon="9.905944"><ele>322</ele></trkpt><trkpt lat="45.736981" lon="9.906021"><ele>323</ele></trkpt><trkpt lat="45.737429" lon="9.906056"><ele>323</ele></trkpt><trkpt lat="45.737553" lon="9.906068"><ele>327</ele></trkpt><trkpt lat="45.738078" lon="9.906134"><ele>327</ele></trkpt><trkpt lat="45.738244" lon="9.906177"><ele>327</ele></trkpt><trkpt lat="45.738346" lon="9.906204"><ele>325</ele></trkpt><trkpt lat="45.738654" lon="9.90634"><ele>324</ele></trkpt><trkpt lat="45.738949" lon="9.906517"><ele>324</ele></trkpt><trkpt lat="45.739187" lon="9.90666"><ele>321</ele></trkpt><trkpt lat="45.739388" lon="9.906782"><ele>319</ele></trkpt><trkpt lat="45.739471" lon="9.906879"><ele>319</ele></trkpt><trkpt lat="45.739627" lon="9.90701"><ele>319</ele></trkpt><trkpt lat="45.739655" lon="9.907134"><ele>319</ele></trkpt><trkpt lat="45.739726" lon="9.907215"><ele>319</ele></trkpt><trkpt lat="45.739787" lon="9.90723"><ele>319</ele></trkpt><trkpt lat="45.739873" lon="9.907186"><ele>319</ele></trkpt><trkpt lat="45.739918" lon="9.90711"><ele>319</ele></trkpt><trkpt lat="45.739936" lon="9.907014"><ele>319</ele></trkpt><trkpt lat="45.739899" lon="9.906866"><ele>319</ele></trkpt><trkpt lat="45.739898" lon="9.906625"><ele>320.3</ele></trkpt><trkpt lat="45.739947" lon="9.906281"><ele>321</ele></trkpt><trkpt lat="45.740038" lon="9.906006"><ele>322.6</ele></trkpt><trkpt lat="45.740161" lon="9.905816"><ele>322.6</ele></trkpt><trkpt lat="45.740294" lon="9.905703"><ele>322.7</ele></trkpt><trkpt lat="45.740449" lon="9.90563"><ele>322.7</ele></trkpt><trkpt lat="45.742083" lon="9.905678"><ele>325</ele></trkpt><trkpt lat="45.742284" lon="9.905691"><ele>326</ele></trkpt><trkpt lat="45.742632" lon="9.905777"><ele>326</ele></trkpt><trkpt lat="45.743363" lon="9.906126"><ele>328</ele></trkpt><trkpt lat="45.743768" lon="9.906325"><ele>328.8</ele></trkpt><trkpt lat="45.744108" lon="9.906444"><ele>329</ele></trkpt><trkpt lat="45.745191" lon="9.906531"><ele>330</ele></trkpt><trkpt lat="45.745471" lon="9.906468"><ele>331</ele></trkpt><trkpt lat="45.745651" lon="9.906368"><ele>332</ele></trkpt><trkpt lat="45.74635" lon="9.905897"><ele>334</ele></trkpt><trkpt lat="45.746982" lon="9.905462"><ele>336.2</ele></trkpt><trkpt lat="45.747338" lon="9.905151"><ele>338</ele></trkpt><trkpt lat="45.747498" lon="9.905093"><ele>338</ele></trkpt><trkpt lat="45.747545" lon="9.905129"><ele>339</ele></trkpt><trkpt lat="45.747609" lon="9.905132"><ele>339</ele></trkpt><trkpt lat="45.747667" lon="9.905093"><ele>339</ele></trkpt><trkpt lat="45.74771" lon="9.905014"><ele>339</ele></trkpt><trkpt lat="45.747716" lon="9.904929"><ele>340.5</ele></trkpt><trkpt lat="45.747698" lon="9.90485"><ele>341</ele></trkpt><trkpt lat="45.747783" lon="9.904627"><ele>341</ele></trkpt><trkpt lat="45.748862" lon="9.903272"><ele>345.5</ele></trkpt><trkpt lat="45.749175" lon="9.902823"><ele>347</ele></trkpt><trkpt lat="45.749722" lon="9.901858"><ele>349.8</ele></trkpt><trkpt lat="45.749927" lon="9.901583"><ele>350.4</ele></trkpt><trkpt lat="45.750116" lon="9.901412"><ele>350.9</ele></trkpt><trkpt lat="45.750384" lon="9.901233"><ele>350.9</ele></trkpt><trkpt lat="45.751051" lon="9.901011"><ele>353</ele></trkpt><trkpt lat="45.751626" lon="9.900802"><ele>356.7</ele></trkpt><trkpt lat="45.751894" lon="9.900653"><ele>361</ele></trkpt><trkpt lat="45.752293" lon="9.900351"><ele>369.8</ele></trkpt><trkpt lat="45.752484" lon="9.900136"><ele>371.5</ele></trkpt><trkpt lat="45.752672" lon="9.899857"><ele>371.7</ele></trkpt><trkpt lat="45.752769" lon="9.899687"><ele>371.9</ele></trkpt><trkpt lat="45.752837" lon="9.899527"><ele>372</ele></trkpt><trkpt lat="45.752865" lon="9.899402"><ele>372.2</ele></trkpt><trkpt lat="45.752875" lon="9.899112"><ele>374</ele></trkpt><trkpt lat="45.752838" lon="9.898458"><ele>375.9</ele></trkpt><trkpt lat="45.752873" lon="9.898314"><ele>392</ele></trkpt><trkpt lat="45.753034" lon="9.898165"><ele>390.5</ele></trkpt><trkpt lat="45.753156" lon="9.898013"><ele>390.7</ele></trkpt><trkpt lat="45.753307" lon="9.897759"><ele>390.9</ele></trkpt><trkpt lat="45.753542" lon="9.897067"><ele>387</ele></trkpt><trkpt lat="45.753625" lon="9.896871"><ele>392.6</ele></trkpt><trkpt lat="45.753718" lon="9.896765"><ele>392.5</ele></trkpt><trkpt lat="45.753941" lon="9.896652"><ele>392.8</ele></trkpt><trkpt lat="45.75414" lon="9.896622"><ele>393.8</ele></trkpt><trkpt lat="45.754353" lon="9.896729"><ele>393.6</ele></trkpt><trkpt lat="45.754503" lon="9.896731"><ele>393.9</ele></trkpt><trkpt lat="45.754665" lon="9.896694"><ele>393.7</ele></trkpt><trkpt lat="45.754806" lon="9.896624"><ele>393.8</ele></trkpt><trkpt lat="45.754883" lon="9.896551"><ele>394.8</ele></trkpt><trkpt lat="45.755097" lon="9.896142"><ele>397.8</ele></trkpt><trkpt lat="45.755941" lon="9.894932"><ele>408.3</ele></trkpt><trkpt lat="45.755988" lon="9.894809"><ele>409.1</ele></trkpt><trkpt lat="45.756059" lon="9.894383"><ele>416</ele></trkpt><trkpt lat="45.756109" lon="9.894152"><ele>420</ele></trkpt><trkpt lat="45.756113" lon="9.89398"><ele>420</ele></trkpt><trkpt lat="45.75607" lon="9.89392"><ele>424.8</ele></trkpt><trkpt lat="45.755753" lon="9.893712"><ele>424.3</ele></trkpt><trkpt lat="45.755723" lon="9.893609"><ele>424.4</ele></trkpt><trkpt lat="45.755729" lon="9.893539"><ele>424.8</ele></trkpt><trkpt lat="45.755876" lon="9.893262"><ele>425.4</ele></trkpt><trkpt lat="45.755971" lon="9.893129"><ele>425.9</ele></trkpt><trkpt lat="45.756134" lon="9.892788"><ele>427.6</ele></trkpt><trkpt lat="45.75638" lon="9.89167"><ele>431.9</ele></trkpt><trkpt lat="45.756479" lon="9.891415"><ele>432.8</ele></trkpt><trkpt lat="45.756682" lon="9.891072"><ele>442</ele></trkpt><trkpt lat="45.756692" lon="9.89096"><ele>445.9</ele></trkpt><trkpt lat="45.756664" lon="9.890755"><ele>453</ele></trkpt><trkpt lat="45.756607" lon="9.890696"><ele>457.1</ele></trkpt><trkpt lat="45.756496" lon="9.89067"><ele>457.2</ele></trkpt><trkpt lat="45.756427" lon="9.89068"><ele>457.3</ele></trkpt><trkpt lat="45.756372" lon="9.890709"><ele>457.4</ele></trkpt><trkpt lat="45.756166" lon="9.890932"><ele>457.5</ele></trkpt><trkpt lat="45.756071" lon="9.890991"><ele>457.5</ele></trkpt><trkpt lat="45.755954" lon="9.891006"><ele>457.9</ele></trkpt><trkpt lat="45.755678" lon="9.890944"><ele>458.3</ele></trkpt><trkpt lat="45.755532" lon="9.89079"><ele>459</ele></trkpt><trkpt lat="45.755356" lon="9.890513"><ele>457.2</ele></trkpt><trkpt lat="45.755338" lon="9.890418"><ele>457.2</ele></trkpt><trkpt lat="45.755356" lon="9.89037"><ele>457.3</ele></trkpt><trkpt lat="45.755391" lon="9.890346"><ele>457.3</ele></trkpt><trkpt lat="45.755446" lon="9.890354"><ele>457.5</ele></trkpt><trkpt lat="45.755613" lon="9.890465"><ele>459.4</ele></trkpt><trkpt lat="45.755678" lon="9.890429"><ele>459.5</ele></trkpt><trkpt lat="45.755702" lon="9.890367"><ele>459.6</ele></trkpt><trkpt lat="45.755772" lon="9.890023"><ele>459.9</ele></trkpt><trkpt lat="45.755864" lon="9.889964"><ele>459.9</ele></trkpt><trkpt lat="45.756043" lon="9.890014"><ele>459.6</ele></trkpt><trkpt lat="45.756723" lon="9.890333"><ele>461.3</ele></trkpt><trkpt lat="45.75676" lon="9.890335"><ele>461.5</ele></trkpt><trkpt lat="45.756812" lon="9.890271"><ele>461.8</ele></trkpt><trkpt lat="45.756813" lon="9.890223"><ele>461.9</ele></trkpt><trkpt lat="45.75679" lon="9.890172"><ele>462</ele></trkpt><trkpt lat="45.756557" lon="9.889989"><ele>460.5</ele></trkpt><trkpt lat="45.756439" lon="9.889798"><ele>460.4</ele></trkpt><trkpt lat="45.756152" lon="9.889256"><ele>460.1</ele></trkpt><trkpt lat="45.755985" lon="9.889025"><ele>477</ele></trkpt><trkpt lat="45.755633" lon="9.888601"><ele>477.5</ele></trkpt><trkpt lat="45.755327" lon="9.88829"><ele>478.5</ele></trkpt><trkpt lat="45.755227" lon="9.88816"><ele>478.4</ele></trkpt><trkpt lat="45.755204" lon="9.888091"><ele>478.4</ele></trkpt><trkpt lat="45.755204" lon="9.88802"><ele>478.3</ele></trkpt><trkpt lat="45.755309" lon="9.8877"><ele>478.2</ele></trkpt><trkpt lat="45.755354" lon="9.887507"><ele>479</ele></trkpt><trkpt lat="45.755411" lon="9.886826"><ele>498</ele></trkpt><trkpt lat="45.755399" lon="9.886564"><ele>499.1</ele></trkpt><trkpt lat="45.755309" lon="9.88635"><ele>499.6</ele></trkpt><trkpt lat="45.755069" lon="9.885906"><ele>500.2</ele></trkpt><trkpt lat="45.755049" lon="9.885844"><ele>500.5</ele></trkpt><trkpt lat="45.75505" lon="9.885787"><ele>500.9</ele></trkpt><trkpt lat="45.755068" lon="9.885739"><ele>500.5</ele></trkpt><trkpt lat="45.755117" lon="9.885706"><ele>500.1</ele></trkpt><trkpt lat="45.755167" lon="9.885711"><ele>499.6</ele></trkpt><trkpt lat="45.755327" lon="9.885789"><ele>507</ele></trkpt><trkpt lat="45.755447" lon="9.885873"><ele>495</ele></trkpt><trkpt lat="45.755592" lon="9.885986"><ele>495</ele></trkpt><trkpt lat="45.75563" lon="9.886019"><ele>495</ele></trkpt><trkpt lat="45.755994" lon="9.886366"><ele>501.5</ele></trkpt><trkpt lat="45.756117" lon="9.886448"><ele>501.4</ele></trkpt><trkpt lat="45.756187" lon="9.886522"><ele>501.4</ele></trkpt><trkpt lat="45.756308" lon="9.886769"><ele>501.3</ele></trkpt><trkpt lat="45.756412" lon="9.886885"><ele>501.8</ele></trkpt><trkpt lat="45.756672" lon="9.887095"><ele>502.9</ele></trkpt><trkpt lat="45.756756" lon="9.887091"><ele>503.1</ele></trkpt><trkpt lat="45.756784" lon="9.887032"><ele>503</ele></trkpt><trkpt lat="45.756847" lon="9.88665"><ele>511</ele></trkpt><trkpt lat="45.75687" lon="9.885988"><ele>517.2</ele></trkpt><trkpt lat="45.756909" lon="9.885606"><ele>518.5</ele></trkpt><trkpt lat="45.756948" lon="9.885409"><ele>524</ele></trkpt><trkpt lat="45.756968" lon="9.885372"><ele>524</ele></trkpt><trkpt lat="45.757044" lon="9.885362"><ele>524</ele></trkpt><trkpt lat="45.757372" lon="9.88541"><ele>524</ele></trkpt><trkpt lat="45.757505" lon="9.885468"><ele>523.7</ele></trkpt><trkpt lat="45.757598" lon="9.885614"><ele>524.1</ele></trkpt><trkpt lat="45.757736" lon="9.886124"><ele>517.6</ele></trkpt><trkpt lat="45.757775" lon="9.886177"><ele>517.8</ele></trkpt><trkpt lat="45.757814" lon="9.886183"><ele>518.1</ele></trkpt><trkpt lat="45.757874" lon="9.886126"><ele>518.7</ele></trkpt><trkpt lat="45.757891" lon="9.886072"><ele>519.2</ele></trkpt><trkpt lat="45.757888" lon="9.885989"><ele>519.6</ele></trkpt><trkpt lat="45.757814" lon="9.885642"><ele>525.9</ele></trkpt><trkpt lat="45.757821" lon="9.885493"><ele>526.4</ele></trkpt><trkpt lat="45.758122" lon="9.884851"><ele>526.8</ele></trkpt><trkpt lat="45.758147" lon="9.884768"><ele>526.9</ele></trkpt><trkpt lat="45.758161" lon="9.884538"><ele>527.1</ele></trkpt><trkpt lat="45.758148" lon="9.884415"><ele>527.2</ele></trkpt><trkpt lat="45.758047" lon="9.884051"><ele>530.7</ele></trkpt><trkpt lat="45.758041" lon="9.883975"><ele>530.1</ele></trkpt><trkpt lat="45.75805" lon="9.883911"><ele>529.8</ele></trkpt><trkpt lat="45.758084" lon="9.883875"><ele>529.6</ele></trkpt><trkpt lat="45.758136" lon="9.883865"><ele>529.5</ele></trkpt><trkpt lat="45.758172" lon="9.883885"><ele>529.4</ele></trkpt><trkpt lat="45.758205" lon="9.88395"><ele>530.4</ele></trkpt><trkpt lat="45.758285" lon="9.884332"><ele>528.9</ele></trkpt><trkpt lat="45.758307" lon="9.884532"><ele>527</ele></trkpt><trkpt lat="45.758359" lon="9.88554"><ele>526.9</ele></trkpt><trkpt lat="45.758375" lon="9.885635"><ele>526.8</ele></trkpt><trkpt lat="45.758407" lon="9.885714"><ele>526.6</ele></trkpt><trkpt lat="45.758468" lon="9.885777"><ele>531</ele></trkpt><trkpt lat="45.758525" lon="9.885804"><ele>530.7</ele></trkpt><trkpt lat="45.758596" lon="9.885797"><ele>530.4</ele></trkpt><trkpt lat="45.758701" lon="9.885715"><ele>529.7</ele></trkpt><trkpt lat="45.758759" lon="9.885577"><ele>535</ele></trkpt><trkpt lat="45.758853" lon="9.88531"><ele>537.8</ele></trkpt><trkpt lat="45.758862" lon="9.885203"><ele>539.1</ele></trkpt><trkpt lat="45.758833" lon="9.885094"><ele>547.1</ele></trkpt><trkpt lat="45.758649" lon="9.884712"><ele>547.9</ele></trkpt><trkpt lat="45.758605" lon="9.884589"><ele>548.2</ele></trkpt><trkpt lat="45.758583" lon="9.88449"><ele>548.4</ele></trkpt><trkpt lat="45.758579" lon="9.88434"><ele>545.9</ele></trkpt><trkpt lat="45.758656" lon="9.883943"><ele>545.8</ele></trkpt><trkpt lat="45.758671" lon="9.883771"><ele>545.9</ele></trkpt><trkpt lat="45.758659" lon="9.883358"><ele>546.3</ele></trkpt><trkpt lat="45.758679" lon="9.883306"><ele>546.8</ele></trkpt><trkpt lat="45.758711" lon="9.88328"><ele>547</ele></trkpt><trkpt lat="45.758749" lon="9.883281"><ele>546.6</ele></trkpt><trkpt lat="45.758804" lon="9.883344"><ele>546.6</ele></trkpt><trkpt lat="45.758863" lon="9.883897"><ele>546.9</ele></trkpt><trkpt lat="45.758928" lon="9.884074"><ele>551.3</ele></trkpt><trkpt lat="45.759037" lon="9.884234"><ele>551.4</ele></trkpt><trkpt lat="45.759336" lon="9.884597"><ele>551.3</ele></trkpt><trkpt lat="45.759453" lon="9.884787"><ele>550.5</ele></trkpt><trkpt lat="45.759507" lon="9.884937"><ele>554.2</ele></trkpt><trkpt lat="45.759572" lon="9.885403"><ele>553.4</ele></trkpt><trkpt lat="45.759601" lon="9.885479"><ele>553.5</ele></trkpt><trkpt lat="45.759633" lon="9.885511"><ele>553.9</ele></trkpt><trkpt lat="45.759677" lon="9.885509"><ele>554</ele></trkpt><trkpt lat="45.759729" lon="9.885444"><ele>554.2</ele></trkpt><trkpt lat="45.759736" lon="9.885372"><ele>554.3</ele></trkpt><trkpt lat="45.759598" lon="9.884656"><ele>551.1</ele></trkpt><trkpt lat="45.75958" lon="9.884463"><ele>551.3</ele></trkpt><trkpt lat="45.759569" lon="9.883311"><ele>580.3</ele></trkpt><trkpt lat="45.759543" lon="9.883036"><ele>581.2</ele></trkpt><trkpt lat="45.759453" lon="9.88254"><ele>580.4</ele></trkpt><trkpt lat="45.7593" lon="9.881979"><ele>580</ele></trkpt><trkpt lat="45.759289" lon="9.881901"><ele>580.2</ele></trkpt><trkpt lat="45.759297" lon="9.881821"><ele>581.5</ele></trkpt><trkpt lat="45.759321" lon="9.881785"><ele>581.7</ele></trkpt><trkpt lat="45.759356" lon="9.881762"><ele>582</ele></trkpt><trkpt lat="45.759418" lon="9.881788"><ele>582.5</ele></trkpt><trkpt lat="45.759439" lon="9.881831"><ele>582.7</ele></trkpt><trkpt lat="45.759468" lon="9.882087"><ele>582.9</ele></trkpt><trkpt lat="45.759509" lon="9.882191"><ele>583.7</ele></trkpt><trkpt lat="45.759599" lon="9.882344"><ele>583.3</ele></trkpt><trkpt lat="45.759917" lon="9.882746"><ele>585.4</ele></trkpt><trkpt lat="45.760043" lon="9.88301"><ele>584.3</ele></trkpt><trkpt lat="45.760062" lon="9.883116"><ele>583.8</ele></trkpt><trkpt lat="45.760061" lon="9.883282"><ele>582.6</ele></trkpt><trkpt lat="45.76002" lon="9.883642"><ele>590.1</ele></trkpt><trkpt lat="45.760018" lon="9.883885"><ele>590.5</ele></trkpt><trkpt lat="45.760044" lon="9.8842"><ele>590.6</ele></trkpt><trkpt lat="45.760071" lon="9.884247"><ele>590.2</ele></trkpt><trkpt lat="45.760118" lon="9.884275"><ele>589.9</ele></trkpt><trkpt lat="45.760321" lon="9.884227"><ele>589.1</ele></trkpt><trkpt lat="45.760394" lon="9.884199"><ele>588.6</ele></trkpt><trkpt lat="45.760422" lon="9.884169"><ele>596</ele></trkpt><trkpt lat="45.760443" lon="9.884105"><ele>596.7</ele></trkpt><trkpt lat="45.76053" lon="9.883484"><ele>597</ele></trkpt><trkpt lat="45.760603" lon="9.883386"><ele>604.6</ele></trkpt><trkpt lat="45.760654" lon="9.883257"><ele>605.1</ele></trkpt><trkpt lat="45.760678" lon="9.883134"><ele>607</ele></trkpt><trkpt lat="45.76074" lon="9.882676"><ele>606.4</ele></trkpt><trkpt lat="45.760777" lon="9.882155"><ele>606.8</ele></trkpt><trkpt lat="45.760821" lon="9.881809"><ele>607.1</ele></trkpt><trkpt lat="45.760861" lon="9.881326"><ele>632</ele></trkpt><trkpt lat="45.760891" lon="9.881248"><ele>630.5</ele></trkpt><trkpt lat="45.760994" lon="9.8811"><ele>630.7</ele></trkpt><trkpt lat="45.761016" lon="9.881024"><ele>630.8</ele></trkpt><trkpt lat="45.761013" lon="9.88084"><ele>630.7</ele></trkpt><trkpt lat="45.760971" lon="9.880742"><ele>631.3</ele></trkpt><trkpt lat="45.760735" lon="9.88041"><ele>629.7</ele></trkpt><trkpt lat="45.76063" lon="9.880199"><ele>630.7</ele></trkpt><trkpt lat="45.760594" lon="9.880038"><ele>630.1</ele></trkpt><trkpt lat="45.76054" lon="9.879051"><ele>628.5</ele></trkpt><trkpt lat="45.760508" lon="9.878856"><ele>628.1</ele></trkpt><trkpt lat="45.760368" lon="9.878485"><ele>629.2</ele></trkpt><trkpt lat="45.76036" lon="9.878415"><ele>630</ele></trkpt><trkpt lat="45.760374" lon="9.878352"><ele>630.1</ele></trkpt><trkpt lat="45.760437" lon="9.878294"><ele>631.9</ele></trkpt><trkpt lat="45.760482" lon="9.878298"><ele>632.8</ele></trkpt><trkpt lat="45.760521" lon="9.87833"><ele>633.6</ele></trkpt><trkpt lat="45.760713" lon="9.878911"><ele>632.3</ele></trkpt><trkpt lat="45.760999" lon="9.879537"><ele>633.4</ele></trkpt><trkpt lat="45.761052" lon="9.8796"><ele>633.9</ele></trkpt><trkpt lat="45.761157" lon="9.879625"><ele>634.9</ele></trkpt><trkpt lat="45.761199" lon="9.879598"><ele>635.3</ele></trkpt><trkpt lat="45.761246" lon="9.879528"><ele>653</ele></trkpt><trkpt lat="45.761255" lon="9.879424"><ele>663.2</ele></trkpt><trkpt lat="45.761236" lon="9.879369"><ele>663.4</ele></trkpt><trkpt lat="45.761027" lon="9.878997"><ele>663</ele></trkpt><trkpt lat="45.76091" lon="9.878648"><ele>666.1</ele></trkpt><trkpt lat="45.760786" lon="9.878015"><ele>672.8</ele></trkpt><trkpt lat="45.76066" lon="9.876991"><ele>682.5</ele></trkpt><trkpt lat="45.760573" lon="9.876773"><ele>686.4</ele></trkpt><trkpt lat="45.760529" lon="9.876709"><ele>687</ele></trkpt><trkpt lat="45.760392" lon="9.876588"><ele>690</ele></trkpt><trkpt lat="45.760185" lon="9.876471"><ele>698.2</ele></trkpt><trkpt lat="45.759604" lon="9.876035"><ele>703.9</ele></trkpt><trkpt lat="45.759528" lon="9.875961"><ele>703.6</ele></trkpt><trkpt lat="45.75945" lon="9.875922"><ele>704.8</ele></trkpt><trkpt lat="45.759373" lon="9.875928"><ele>705</ele></trkpt><trkpt lat="45.759238" lon="9.875995"><ele>705.6</ele></trkpt><trkpt lat="45.759183" lon="9.875988"><ele>699.1</ele></trkpt><trkpt lat="45.759142" lon="9.875958"><ele>698.4</ele></trkpt><trkpt lat="45.759114" lon="9.875873"><ele>697.6</ele></trkpt><trkpt lat="45.759119" lon="9.875792"><ele>697.7</ele></trkpt><trkpt lat="45.759163" lon="9.875744"><ele>699.1</ele></trkpt><trkpt lat="45.759267" lon="9.875741"><ele>707</ele></trkpt><trkpt lat="45.75948" lon="9.875782"><ele>706.2</ele></trkpt><trkpt lat="45.759698" lon="9.875846"><ele>703.9</ele></trkpt><trkpt lat="45.760067" lon="9.876058"><ele>701.3</ele></trkpt><trkpt lat="45.760441" lon="9.876212"><ele>708.4</ele></trkpt><trkpt lat="45.760495" lon="9.876212"><ele>708.3</ele></trkpt><trkpt lat="45.760535" lon="9.876187"><ele>707.4</ele></trkpt><trkpt lat="45.760555" lon="9.876136"><ele>707.4</ele></trkpt><trkpt lat="45.760557" lon="9.876081"><ele>707.4</ele></trkpt><trkpt lat="45.760537" lon="9.876012"><ele>708.4</ele></trkpt><trkpt lat="45.760498" lon="9.875967"><ele>708.4</ele></trkpt><trkpt lat="45.760259" lon="9.87594"><ele>701.4</ele></trkpt><trkpt lat="45.760145" lon="9.875894"><ele>702.3</ele></trkpt><trkpt lat="45.759598" lon="9.875318"><ele>708.7</ele></trkpt><trkpt lat="45.759387" lon="9.875185"><ele>709.9</ele></trkpt><trkpt lat="45.75917" lon="9.87511"><ele>726.6</ele></trkpt><trkpt lat="45.759022" lon="9.874987"><ele>732</ele></trkpt><trkpt lat="45.758747" lon="9.874629"><ele>741.4</ele></trkpt><trkpt lat="45.758591" lon="9.87448"><ele>744.1</ele></trkpt><trkpt lat="45.757871" lon="9.874042"><ele>751.1</ele></trkpt><trkpt lat="45.757599" lon="9.873913"><ele>754.2</ele></trkpt><trkpt lat="45.757467" lon="9.873928"><ele>756.8</ele></trkpt><trkpt lat="45.757207" lon="9.874085"><ele>760.1</ele></trkpt><trkpt lat="45.757113" lon="9.874122"><ele>760.5</ele></trkpt><trkpt lat="45.7566" lon="9.874247"><ele>759.8</ele></trkpt><trkpt lat="45.756544" lon="9.874283"><ele>759.9</ele></trkpt><trkpt lat="45.75648" lon="9.874345"><ele>760.1</ele></trkpt><trkpt lat="45.756212" lon="9.87487"><ele>759.3</ele></trkpt><trkpt lat="45.756115" lon="9.874978"><ele>758.8</ele></trkpt><trkpt lat="45.755782" lon="9.87525"><ele>756.1</ele></trkpt><trkpt lat="45.755717" lon="9.875283"><ele>755.9</ele></trkpt><trkpt lat="45.755661" lon="9.875285"><ele>755.9</ele></trkpt><trkpt lat="45.755556" lon="9.875192"><ele>754.6</ele></trkpt><trkpt lat="45.755348" lon="9.874658"><ele>754.9</ele></trkpt><trkpt lat="45.755023" lon="9.874169"><ele>753.5</ele></trkpt><trkpt lat="45.754953" lon="9.874083"><ele>753.4</ele></trkpt><trkpt lat="45.754867" lon="9.874027"><ele>754</ele></trkpt><trkpt lat="45.754703" lon="9.873986"><ele>772</ele></trkpt><trkpt lat="45.754259" lon="9.87407"><ele>768.4</ele></trkpt><trkpt lat="45.753964" lon="9.87403"><ele>756</ele></trkpt><trkpt lat="45.753471" lon="9.873866"><ele>754</ele></trkpt><trkpt lat="45.753038" lon="9.873643"><ele>757</ele></trkpt><trkpt lat="45.752729" lon="9.873478"><ele>746.6</ele></trkpt><trkpt lat="45.752406" lon="9.873352"><ele>747.6</ele></trkpt><trkpt lat="45.752253" lon="9.873134"><ele>744.6</ele></trkpt><trkpt lat="45.75213" lon="9.872828"><ele>744.1</ele></trkpt><trkpt lat="45.7518" lon="9.872519"><ele>740.4</ele></trkpt><trkpt lat="45.751559" lon="9.872337"><ele>738</ele></trkpt><trkpt lat="45.751422" lon="9.872311"><ele>736.9</ele></trkpt><trkpt lat="45.751138" lon="9.872368"><ele>732.8</ele></trkpt><trkpt lat="45.75106" lon="9.87231"><ele>732.6</ele></trkpt><trkpt lat="45.751" lon="9.872146"><ele>730.7</ele></trkpt><trkpt lat="45.75092" lon="9.871616"><ele>728.5</ele></trkpt><trkpt lat="45.750882" lon="9.87147"><ele>728.2</ele></trkpt><trkpt lat="45.7508" lon="9.871316"><ele>727.1</ele></trkpt><trkpt lat="45.750777" lon="9.871273"><ele>726.1</ele></trkpt><trkpt lat="45.750693" lon="9.871073"><ele>723.8</ele></trkpt><trkpt lat="45.750622" lon="9.870944"><ele>722.2</ele></trkpt><trkpt lat="45.750552" lon="9.870868"><ele>721</ele></trkpt><trkpt lat="45.750442" lon="9.870837"><ele>718.7</ele></trkpt><trkpt lat="45.750293" lon="9.870908"><ele>716.3</ele></trkpt><trkpt lat="45.749856" lon="9.871258"><ele>709.1</ele></trkpt><trkpt lat="45.749407" lon="9.871493"><ele>704</ele></trkpt><trkpt lat="45.749194" lon="9.871556"><ele>701.6</ele></trkpt><trkpt lat="45.748919" lon="9.871581"><ele>698.9</ele></trkpt><trkpt lat="45.748779" lon="9.871562"><ele>699.2</ele></trkpt><trkpt lat="45.748643" lon="9.871494"><ele>697.6</ele></trkpt><trkpt lat="45.748102" lon="9.870942"><ele>698.7</ele></trkpt><trkpt lat="45.748009" lon="9.870889"><ele>700.1</ele></trkpt><trkpt lat="45.747511" lon="9.870742"><ele>697.4</ele></trkpt><trkpt lat="45.74746" lon="9.870639"><ele>696.3</ele></trkpt><trkpt lat="45.747471" lon="9.870552"><ele>696</ele></trkpt><trkpt lat="45.747836" lon="9.870355"><ele>695.1</ele></trkpt><trkpt lat="45.74809" lon="9.870246"><ele>693.6</ele></trkpt><trkpt lat="45.749399" lon="9.869888"><ele>680</ele></trkpt><trkpt lat="45.749516" lon="9.869834"><ele>678.7</ele></trkpt><trkpt lat="45.749548" lon="9.869779"><ele>676</ele></trkpt><trkpt lat="45.74957" lon="9.86974"><ele>673.3</ele></trkpt><trkpt lat="45.749591" lon="9.869568"><ele>673.7</ele></trkpt><trkpt lat="45.749549" lon="9.869428"><ele>673.1</ele></trkpt><trkpt lat="45.749437" lon="9.869324"><ele>672.7</ele></trkpt><trkpt lat="45.748517" lon="9.868744"><ele>671.4</ele></trkpt><trkpt lat="45.748306" lon="9.868726"><ele>666.3</ele></trkpt><trkpt lat="45.747489" lon="9.868945"><ele>662</ele></trkpt><trkpt lat="45.74709" lon="9.869074"><ele>653</ele></trkpt><trkpt lat="45.746853" lon="9.869143"><ele>653</ele></trkpt><trkpt lat="45.746661" lon="9.86917"><ele>671</ele></trkpt><trkpt lat="45.746502" lon="9.869169"><ele>661.7</ele></trkpt><trkpt lat="45.746009" lon="9.869062"><ele>660.1</ele></trkpt><trkpt lat="45.745967" lon="9.869034"><ele>659.4</ele></trkpt><trkpt lat="45.745936" lon="9.868985"><ele>658.8</ele></trkpt><trkpt lat="45.745926" lon="9.868931"><ele>658.3</ele></trkpt><trkpt lat="45.74594" lon="9.868872"><ele>654</ele></trkpt><trkpt lat="45.745978" lon="9.868828"><ele>651.7</ele></trkpt><trkpt lat="45.746366" lon="9.868737"><ele>650.4</ele></trkpt><trkpt lat="45.746546" lon="9.868617"><ele>651</ele></trkpt><trkpt lat="45.746645" lon="9.868447"><ele>651.3</ele></trkpt><trkpt lat="45.747088" lon="9.867397"><ele>631</ele></trkpt><trkpt lat="45.747192" lon="9.867149"><ele>631</ele></trkpt><trkpt lat="45.747274" lon="9.867005"><ele>632.4</ele></trkpt><trkpt lat="45.74738" lon="9.866917"><ele>632.1</ele></trkpt><trkpt lat="45.747529" lon="9.866858"><ele>632.7</ele></trkpt><trkpt lat="45.747817" lon="9.866809"><ele>637</ele></trkpt><trkpt lat="45.748003" lon="9.866751"><ele>630</ele></trkpt><trkpt lat="45.748077" lon="9.86669"><ele>630.5</ele></trkpt><trkpt lat="45.748345" lon="9.866326"><ele>628.6</ele></trkpt><trkpt lat="45.748473" lon="9.866218"><ele>627.9</ele></trkpt><trkpt lat="45.748579" lon="9.866191"><ele>627.8</ele></trkpt><trkpt lat="45.749012" lon="9.866185"><ele>626.6</ele></trkpt><trkpt lat="45.749508" lon="9.865996"><ele>624.1</ele></trkpt><trkpt lat="45.749695" lon="9.865975"><ele>624</ele></trkpt><trkpt lat="45.750058" lon="9.865968"><ele>622.3</ele></trkpt><trkpt lat="45.750204" lon="9.866038"><ele>622.3</ele></trkpt><trkpt lat="45.751006" lon="9.866574"><ele>618.8</ele></trkpt><trkpt lat="45.75104" lon="9.866612"><ele>610</ele></trkpt><trkpt lat="45.751466" lon="9.867102"><ele>615.3</ele></trkpt><trkpt lat="45.751789" lon="9.86751"><ele>611</ele></trkpt><trkpt lat="45.75188" lon="9.867622"><ele>611</ele></trkpt><trkpt lat="45.751948" lon="9.86765"><ele>605.4</ele></trkpt><trkpt lat="45.752003" lon="9.867649"><ele>605.8</ele></trkpt><trkpt lat="45.752056" lon="9.8676"><ele>606.2</ele></trkpt><trkpt lat="45.752099" lon="9.867513"><ele>606.6</ele></trkpt><trkpt lat="45.752149" lon="9.867244"><ele>605.9</ele></trkpt><trkpt lat="45.752163" lon="9.867068"><ele>605.6</ele></trkpt><trkpt lat="45.75216" lon="9.866791"><ele>605.3</ele></trkpt><trkpt lat="45.75221" lon="9.866446"><ele>603.5</ele></trkpt><trkpt lat="45.752251" lon="9.866294"><ele>593</ele></trkpt><trkpt lat="45.75241" lon="9.86602"><ele>589.5</ele></trkpt><trkpt lat="45.752661" lon="9.865663"><ele>579</ele></trkpt><trkpt lat="45.75274" lon="9.865542"><ele>579</ele></trkpt><trkpt lat="45.75286" lon="9.865361"><ele>579</ele></trkpt><trkpt lat="45.753306" lon="9.864614"><ele>571</ele></trkpt><trkpt lat="45.753582" lon="9.864018"><ele>568.3</ele></trkpt><trkpt lat="45.753991" lon="9.863598"><ele>561.3</ele></trkpt><trkpt lat="45.75432" lon="9.863213"><ele>561.8</ele></trkpt><trkpt lat="45.754461" lon="9.862971"><ele>561.3</ele></trkpt><trkpt lat="45.754549" lon="9.862725"><ele>562.1</ele></trkpt><trkpt lat="45.754576" lon="9.862609"><ele>561.9</ele></trkpt><trkpt lat="45.754577" lon="9.86245"><ele>561.3</ele></trkpt><trkpt lat="45.75452" lon="9.862305"><ele>560.1</ele></trkpt><trkpt lat="45.754449" lon="9.862223"><ele>559.5</ele></trkpt><trkpt lat="45.754382" lon="9.862183"><ele>559</ele></trkpt><trkpt lat="45.754184" lon="9.862143"><ele>557.2</ele></trkpt><trkpt lat="45.754082" lon="9.862162"><ele>556.3</ele></trkpt><trkpt lat="45.753837" lon="9.86229"><ele>556.2</ele></trkpt><trkpt lat="45.753752" lon="9.862374"><ele>555.4</ele></trkpt><trkpt lat="45.753622" lon="9.86257"><ele>556.5</ele></trkpt><trkpt lat="45.753511" lon="9.86267"><ele>556.4</ele></trkpt><trkpt lat="45.753267" lon="9.86282"><ele>556.3</ele></trkpt><trkpt lat="45.753117" lon="9.862855"><ele>539</ele></trkpt><trkpt lat="45.753248" lon="9.862673"><ele>534.3</ele></trkpt><trkpt lat="45.753307" lon="9.862553"><ele>534.7</ele></trkpt><trkpt lat="45.753299" lon="9.862364"><ele>533.8</ele></trkpt><trkpt lat="45.753343" lon="9.862189"><ele>534</ele></trkpt><trkpt lat="45.75345" lon="9.862009"><ele>534.1</ele></trkpt><trkpt lat="45.753523" lon="9.861842"><ele>534.3</ele></trkpt><trkpt lat="45.753544" lon="9.861744"><ele>534.5</ele></trkpt><trkpt lat="45.753509" lon="9.861591"><ele>533.7</ele></trkpt><trkpt lat="45.753456" lon="9.861511"><ele>526</ele></trkpt><trkpt lat="45.753348" lon="9.861369"><ele>526</ele></trkpt><trkpt lat="45.75304" lon="9.861003"><ele>515.1</ele></trkpt><trkpt lat="45.752943" lon="9.860817"><ele>514.3</ele></trkpt><trkpt lat="45.752891" lon="9.860047"><ele>509</ele></trkpt><trkpt lat="45.753177" lon="9.859498"><ele>502</ele></trkpt><trkpt lat="45.75332" lon="9.859225"><ele>502</ele></trkpt><trkpt lat="45.753566" lon="9.858764"><ele>497</ele></trkpt><trkpt lat="45.753882" lon="9.858157"><ele>489.2</ele></trkpt><trkpt lat="45.753947" lon="9.857993"><ele>489.1</ele></trkpt><trkpt lat="45.754035" lon="9.857451"><ele>488.8</ele></trkpt><trkpt lat="45.754135" lon="9.857294"><ele>488.3</ele></trkpt><trkpt lat="45.754251" lon="9.857225"><ele>488.2</ele></trkpt><trkpt lat="45.754329" lon="9.857209"><ele>488.1</ele></trkpt><trkpt lat="45.754658" lon="9.857314"><ele>487.6</ele></trkpt><trkpt lat="45.754912" lon="9.857229"><ele>487</ele></trkpt><trkpt lat="45.755187" lon="9.857206"><ele>487.2</ele></trkpt><trkpt lat="45.755265" lon="9.857153"><ele>491</ele></trkpt><trkpt lat="45.755331" lon="9.857051"><ele>491</ele></trkpt><trkpt lat="45.755358" lon="9.856965"><ele>491</ele></trkpt><trkpt lat="45.755366" lon="9.856834"><ele>491</ele></trkpt><trkpt lat="45.755339" lon="9.856695"><ele>490.6</ele></trkpt><trkpt lat="45.755212" lon="9.856527"><ele>493.9</ele></trkpt><trkpt lat="45.754601" lon="9.85609"><ele>483</ele></trkpt><trkpt lat="45.754462" lon="9.855993"><ele>483</ele></trkpt><trkpt lat="45.752926" lon="9.854888"><ele>475.3</ele></trkpt><trkpt lat="45.752726" lon="9.854778"><ele>475</ele></trkpt><trkpt lat="45.751725" lon="9.854438"><ele>465.3</ele></trkpt><trkpt lat="45.751099" lon="9.854059"><ele>455.2</ele></trkpt><trkpt lat="45.750462" lon="9.853948"><ele>451.8</ele></trkpt><trkpt lat="45.750167" lon="9.85385"><ele>450.5</ele></trkpt><trkpt lat="45.749966" lon="9.853698"><ele>449.2</ele></trkpt><trkpt lat="45.74945" lon="9.85312"><ele>436</ele></trkpt><trkpt lat="45.748876" lon="9.852513"><ele>431</ele></trkpt><trkpt lat="45.748734" lon="9.852357"><ele>434</ele></trkpt><trkpt lat="45.748669" lon="9.852291"><ele>434</ele></trkpt><trkpt lat="45.748501" lon="9.852117"><ele>434</ele></trkpt><trkpt lat="45.74768" lon="9.851114"><ele>426</ele></trkpt><trkpt lat="45.74753" lon="9.850931"><ele>426</ele></trkpt><trkpt lat="45.747478" lon="9.85086"><ele>423</ele></trkpt><trkpt lat="45.747373" lon="9.850704"><ele>418.4</ele></trkpt><trkpt lat="45.74733" lon="9.850587"><ele>418.2</ele></trkpt><trkpt lat="45.747088" lon="9.849555"><ele>416</ele></trkpt><trkpt lat="45.74705" lon="9.849393"><ele>416</ele></trkpt><trkpt lat="45.746937" lon="9.848898"><ele>417</ele></trkpt><trkpt lat="45.746837" lon="9.84842"><ele>417</ele></trkpt><trkpt lat="45.746732" lon="9.847941"><ele>416</ele></trkpt><trkpt lat="45.746661" lon="9.847608"><ele>409</ele></trkpt><trkpt lat="45.746512" lon="9.846927"><ele>407.6</ele></trkpt><trkpt lat="45.74649" lon="9.846726"><ele>407.6</ele></trkpt><trkpt lat="45.746563" lon="9.845668"><ele>406</ele></trkpt><trkpt lat="45.746568" lon="9.845596"><ele>406</ele></trkpt><trkpt lat="45.746593" lon="9.845212"><ele>405.3</ele></trkpt><trkpt lat="45.746945" lon="9.844029"><ele>403</ele></trkpt><trkpt lat="45.746957" lon="9.843939"><ele>403</ele></trkpt><trkpt lat="45.746973" lon="9.84383"><ele>403</ele></trkpt><trkpt lat="45.747009" lon="9.843212"><ele>401</ele></trkpt><trkpt lat="45.747063" lon="9.842422"><ele>398</ele></trkpt><trkpt lat="45.747089" lon="9.84225"><ele>396.1</ele></trkpt><trkpt lat="45.747654" lon="9.840239"><ele>392</ele></trkpt><trkpt lat="45.747826" lon="9.839732"><ele>390.1</ele></trkpt><trkpt lat="45.748002" lon="9.839297"><ele>390.1</ele></trkpt><trkpt lat="45.748192" lon="9.838922"><ele>390.1</ele></trkpt><trkpt lat="45.748602" lon="9.83827"><ele>387</ele></trkpt><trkpt lat="45.748823" lon="9.837922"><ele>387</ele></trkpt><trkpt lat="45.748895" lon="9.837673"><ele>387</ele></trkpt><trkpt lat="45.749438" lon="9.834944"><ele>383</ele></trkpt><trkpt lat="45.749541" lon="9.834474"><ele>383</ele></trkpt><trkpt lat="45.749724" lon="9.833615"><ele>381.5</ele></trkpt><trkpt lat="45.749791" lon="9.833378"><ele>381.6</ele></trkpt><trkpt lat="45.749851" lon="9.833255"><ele>381.4</ele></trkpt><trkpt lat="45.750125" lon="9.832872"><ele>380</ele></trkpt><trkpt lat="45.750887" lon="9.831783"><ele>378</ele></trkpt><trkpt lat="45.751077" lon="9.831512"><ele>374</ele></trkpt><trkpt lat="45.751109" lon="9.831467"><ele>374</ele></trkpt><trkpt lat="45.751329" lon="9.831152"><ele>374</ele></trkpt><trkpt lat="45.752018" lon="9.830185"><ele>372</ele></trkpt><trkpt lat="45.75238" lon="9.829664"><ele>370</ele></trkpt><trkpt lat="45.752733" lon="9.829157"><ele>368</ele></trkpt><trkpt lat="45.753892" lon="9.827515"><ele>369</ele></trkpt><trkpt lat="45.754279" lon="9.826964"><ele>364</ele></trkpt><trkpt lat="45.755567" lon="9.825134"><ele>363.2</ele></trkpt><trkpt lat="45.75588" lon="9.824801"><ele>362.7</ele></trkpt><trkpt lat="45.756353" lon="9.824349"><ele>362.4</ele></trkpt><trkpt lat="45.756546" lon="9.824058"><ele>368</ele></trkpt><trkpt lat="45.756591" lon="9.823984"><ele>368</ele></trkpt><trkpt lat="45.756767" lon="9.823651"><ele>366</ele></trkpt><trkpt lat="45.757897" lon="9.821522"><ele>355</ele></trkpt><trkpt lat="45.75818" lon="9.821076"><ele>355</ele></trkpt><trkpt lat="45.758346" lon="9.820854"><ele>354</ele></trkpt><trkpt lat="45.758401" lon="9.82078"><ele>351</ele></trkpt><trkpt lat="45.758826" lon="9.82021"><ele>351</ele></trkpt><trkpt lat="45.758981" lon="9.819988"><ele>353</ele></trkpt><trkpt lat="45.759102" lon="9.819813"><ele>352.5</ele></trkpt><trkpt lat="45.75929" lon="9.819626"><ele>352.4</ele></trkpt><trkpt lat="45.759806" lon="9.819201"><ele>352</ele></trkpt><trkpt lat="45.760323" lon="9.818786"><ele>348</ele></trkpt><trkpt lat="45.760833" lon="9.81837"><ele>347.3</ele></trkpt><trkpt lat="45.761083" lon="9.818089"><ele>346</ele></trkpt><trkpt lat="45.761182" lon="9.817976"><ele>346</ele></trkpt><trkpt lat="45.761404" lon="9.817608"><ele>346</ele></trkpt><trkpt lat="45.761724" lon="9.817068"><ele>344</ele></trkpt><trkpt lat="45.762345" lon="9.816029"><ele>356.4</ele></trkpt><trkpt lat="45.762466" lon="9.81578"><ele>358.1</ele></trkpt><trkpt lat="45.762537" lon="9.81553"><ele>356.9</ele></trkpt><trkpt lat="45.762569" lon="9.815348"><ele>357.1</ele></trkpt><trkpt lat="45.762576" lon="9.815149"><ele>355.9</ele></trkpt><trkpt lat="45.762555" lon="9.81493"><ele>355.9</ele></trkpt><trkpt lat="45.762477" lon="9.814462"><ele>383</ele></trkpt><trkpt lat="45.762458" lon="9.814233"><ele>379.5</ele></trkpt><trkpt lat="45.762471" lon="9.814077"><ele>376</ele></trkpt><trkpt lat="45.762526" lon="9.814021"><ele>348</ele></trkpt><trkpt lat="45.762544" lon="9.813973"><ele>349.3</ele></trkpt><trkpt lat="45.762544" lon="9.813866"><ele>340</ele></trkpt><trkpt lat="45.762623" lon="9.813689"><ele>340</ele></trkpt><trkpt lat="45.763024" lon="9.813438"><ele>340</ele></trkpt><trkpt lat="45.764924" lon="9.812338"><ele>339</ele></trkpt><trkpt lat="45.765024" lon="9.812348"><ele>338.3</ele></trkpt><trkpt lat="45.765164" lon="9.81242"><ele>338</ele></trkpt><trkpt lat="45.765245" lon="9.812512"><ele>338</ele></trkpt><trkpt lat="45.765296" lon="9.812526"><ele>338</ele></trkpt><trkpt lat="45.765395" lon="9.812484"><ele>338</ele></trkpt><trkpt lat="45.765455" lon="9.812375"><ele>338</ele></trkpt><trkpt lat="45.765461" lon="9.812237"><ele>338</ele></trkpt><trkpt lat="45.765417" lon="9.812124"><ele>338</ele></trkpt><trkpt lat="45.76538" lon="9.812085"><ele>338</ele></trkpt><trkpt lat="45.765342" lon="9.811774"><ele>338</ele></trkpt><trkpt lat="45.765372" lon="9.811622"><ele>334</ele></trkpt><trkpt lat="45.765394" lon="9.811509"><ele>334</ele></trkpt><trkpt lat="45.765488" lon="9.811039"><ele>334</ele></trkpt><trkpt lat="45.765457" lon="9.810946"><ele>334.7</ele></trkpt><trkpt lat="45.765403" lon="9.810895"><ele>334.8</ele></trkpt><trkpt lat="45.765145" lon="9.810784"><ele>334.9</ele></trkpt><trkpt lat="45.765" lon="9.810742"><ele>334.9</ele></trkpt><trkpt lat="45.764723" lon="9.810722"><ele>334.9</ele></trkpt><trkpt lat="45.764549" lon="9.810739"><ele>334.9</ele></trkpt><trkpt lat="45.76412" lon="9.81086"><ele>335</ele></trkpt><trkpt lat="45.76346" lon="9.811165"><ele>336</ele></trkpt><trkpt lat="45.76333" lon="9.811244"><ele>338</ele></trkpt><trkpt lat="45.761734" lon="9.812148"><ele>341</ele></trkpt><trkpt lat="45.761608" lon="9.812183"><ele>349</ele></trkpt><trkpt lat="45.76119" lon="9.812232"><ele>347.7</ele></trkpt><trkpt lat="45.760674" lon="9.812146"><ele>346.2</ele></trkpt><trkpt lat="45.760411" lon="9.812057"><ele>345.4</ele></trkpt><trkpt lat="45.759876" lon="9.811813"><ele>343.7</ele></trkpt><trkpt lat="45.759625" lon="9.811663"><ele>342.8</ele></trkpt><trkpt lat="45.759368" lon="9.811466"><ele>341.8</ele></trkpt><trkpt lat="45.759186" lon="9.811263"><ele>341</ele></trkpt><trkpt lat="45.758875" lon="9.810871"><ele>344.2</ele></trkpt><trkpt lat="45.758718" lon="9.810632"><ele>346</ele></trkpt><trkpt lat="45.758516" lon="9.810232"><ele>348.9</ele></trkpt><trkpt lat="45.758427" lon="9.810034"><ele>350.3</ele></trkpt><trkpt lat="45.757947" lon="9.80873"><ele>359.3</ele></trkpt><trkpt lat="45.757651" lon="9.808047"><ele>364.1</ele></trkpt><trkpt lat="45.757474" lon="9.807703"><ele>366.5</ele></trkpt><trkpt lat="45.757095" lon="9.807123"><ele>371</ele></trkpt><trkpt lat="45.755023" lon="9.803753"><ele>364.7</ele></trkpt><trkpt lat="45.754854" lon="9.80344"><ele>364.1</ele></trkpt><trkpt lat="45.754454" lon="9.802551"><ele>362.6</ele></trkpt><trkpt lat="45.754285" lon="9.802118"><ele>361.9</ele></trkpt><trkpt lat="45.753858" lon="9.800882"><ele>359.9</ele></trkpt><trkpt lat="45.753721" lon="9.800345"><ele>359</ele></trkpt><trkpt lat="45.753544" lon="9.799419"><ele>357.6</ele></trkpt><trkpt lat="45.753451" lon="9.798698"><ele>356.5</ele></trkpt><trkpt lat="45.753398" lon="9.797986"><ele>355.3</ele></trkpt><trkpt lat="45.753383" lon="9.797454"><ele>354.5</ele></trkpt><trkpt lat="45.753406" lon="9.796355"><ele>352.8</ele></trkpt><trkpt lat="45.753522" lon="9.794771"><ele>350.2</ele></trkpt><trkpt lat="45.753685" lon="9.793408"><ele>348</ele></trkpt><trkpt lat="45.753698" lon="9.793177"><ele>327</ele></trkpt><trkpt lat="45.753709" lon="9.792817"><ele>326.5</ele></trkpt><trkpt lat="45.753702" lon="9.79224"><ele>325.7</ele></trkpt><trkpt lat="45.753655" lon="9.791538"><ele>324.8</ele></trkpt><trkpt lat="45.753621" lon="9.79124"><ele>324.4</ele></trkpt><trkpt lat="45.753505" lon="9.790527"><ele>323.4</ele></trkpt><trkpt lat="45.753332" lon="9.789791"><ele>322.4</ele></trkpt><trkpt lat="45.752819" lon="9.788145"><ele>320</ele></trkpt><trkpt lat="45.752442" lon="9.786975"><ele>320</ele></trkpt><trkpt lat="45.751632" lon="9.78386"><ele>316</ele></trkpt><trkpt lat="45.751631" lon="9.783839"><ele>316</ele></trkpt><trkpt lat="45.751669" lon="9.783698"><ele>315</ele></trkpt><trkpt lat="45.751724" lon="9.783596"><ele>315</ele></trkpt><trkpt lat="45.751991" lon="9.783274"><ele>314</ele></trkpt><trkpt lat="45.752124" lon="9.78314"><ele>314</ele></trkpt><trkpt lat="45.752395" lon="9.782897"><ele>314</ele></trkpt><trkpt lat="45.752522" lon="9.782804"><ele>315.5</ele></trkpt><trkpt lat="45.752568" lon="9.782791"><ele>316</ele></trkpt><trkpt lat="45.752655" lon="9.782788"><ele>316</ele></trkpt><trkpt lat="45.752742" lon="9.782761"><ele>316</ele></trkpt><trkpt lat="45.752816" lon="9.78265"><ele>316</ele></trkpt><trkpt lat="45.752833" lon="9.782558"><ele>316</ele></trkpt><trkpt lat="45.752824" lon="9.782467"><ele>320.5</ele></trkpt><trkpt lat="45.752781" lon="9.78237"><ele>320.1</ele></trkpt><trkpt lat="45.752722" lon="9.782318"><ele>322</ele></trkpt><trkpt lat="45.752578" lon="9.782009"><ele>322</ele></trkpt><trkpt lat="45.752537" lon="9.781922"><ele>322</ele></trkpt><trkpt lat="45.752194" lon="9.78108"><ele>315</ele></trkpt><trkpt lat="45.752168" lon="9.781008"><ele>315</ele></trkpt><trkpt lat="45.751653" lon="9.779615"><ele>312</ele></trkpt><trkpt lat="45.75145" lon="9.779053"><ele>314.6</ele></trkpt><trkpt lat="45.751336" lon="9.778642"><ele>314.3</ele></trkpt><trkpt lat="45.751244" lon="9.778221"><ele>319</ele></trkpt><trkpt lat="45.751157" lon="9.777816"><ele>319.8</ele></trkpt><trkpt lat="45.751057" lon="9.777469"><ele>321.3</ele></trkpt><trkpt lat="45.750454" lon="9.775795"><ele>318</ele></trkpt><trkpt lat="45.749749" lon="9.773774"><ele>314.2</ele></trkpt><trkpt lat="45.749685" lon="9.77347"><ele>314</ele></trkpt><trkpt lat="45.749636" lon="9.773097"><ele>313.8</ele></trkpt><trkpt lat="45.749542" lon="9.771969"><ele>314</ele></trkpt><trkpt lat="45.749481" lon="9.771187"><ele>318</ele></trkpt><trkpt lat="45.749418" lon="9.770789"><ele>321.3</ele></trkpt><trkpt lat="45.749295" lon="9.77029"><ele>323</ele></trkpt><trkpt lat="45.749106" lon="9.769628"><ele>323.4</ele></trkpt><trkpt lat="45.749041" lon="9.769464"><ele>323.5</ele></trkpt><trkpt lat="45.748843" lon="9.769097"><ele>323.6</ele></trkpt><trkpt lat="45.748399" lon="9.768463"><ele>324</ele></trkpt><trkpt lat="45.748021" lon="9.76801"><ele>325</ele></trkpt><trkpt lat="45.747656" lon="9.767553"><ele>325</ele></trkpt><trkpt lat="45.747626" lon="9.767492"><ele>327.3</ele></trkpt><trkpt lat="45.747512" lon="9.76738"><ele>328</ele></trkpt><trkpt lat="45.747403" lon="9.767187"><ele>323.6</ele></trkpt><trkpt lat="45.747376" lon="9.767108"><ele>323.8</ele></trkpt><trkpt lat="45.747363" lon="9.766983"><ele>323</ele></trkpt><trkpt lat="45.747396" lon="9.766674"><ele>323</ele></trkpt><trkpt lat="45.747443" lon="9.766393"><ele>322</ele></trkpt><trkpt lat="45.747567" lon="9.765408"><ele>328</ele></trkpt><trkpt lat="45.747696" lon="9.764559"><ele>327</ele></trkpt><trkpt lat="45.747721" lon="9.76417"><ele>326.6</ele></trkpt><trkpt lat="45.747717" lon="9.764003"><ele>326.6</ele></trkpt><trkpt lat="45.747675" lon="9.763727"><ele>326.4</ele></trkpt><trkpt lat="45.747625" lon="9.763539"><ele>326</ele></trkpt><trkpt lat="45.747576" lon="9.763418"><ele>326</ele></trkpt><trkpt lat="45.747431" lon="9.763171"><ele>326.7</ele></trkpt><trkpt lat="45.747361" lon="9.763092"><ele>327</ele></trkpt><trkpt lat="45.747199" lon="9.762946"><ele>327.3</ele></trkpt><trkpt lat="45.747112" lon="9.762904"><ele>327.5</ele></trkpt><trkpt lat="45.74626" lon="9.762696"><ele>327.4</ele></trkpt><trkpt lat="45.746101" lon="9.762623"><ele>327.3</ele></trkpt><trkpt lat="45.745861" lon="9.76238"><ele>330</ele></trkpt><trkpt lat="45.745979" lon="9.76222"><ele>330</ele></trkpt><trkpt lat="45.746309" lon="9.761997"><ele>330</ele></trkpt><trkpt lat="45.746381" lon="9.761933"><ele>330</ele></trkpt><trkpt lat="45.746465" lon="9.761675"><ele>338.8</ele></trkpt><trkpt lat="45.746528" lon="9.761584"><ele>339.6</ele></trkpt><trkpt lat="45.746602" lon="9.761555"><ele>339.9</ele></trkpt><trkpt lat="45.746688" lon="9.761558"><ele>340.3</ele></trkpt><trkpt lat="45.74695" lon="9.761665"><ele>338.7</ele></trkpt><trkpt lat="45.747054" lon="9.761723"><ele>337.8</ele></trkpt><trkpt lat="45.747365" lon="9.761977"><ele>338.6</ele></trkpt><trkpt lat="45.747517" lon="9.762024"><ele>339</ele></trkpt><trkpt lat="45.747699" lon="9.762034"><ele>338.8</ele></trkpt><trkpt lat="45.74798" lon="9.761916"><ele>339.3</ele></trkpt><trkpt lat="45.74811" lon="9.76184"><ele>341</ele></trkpt><trkpt lat="45.748339" lon="9.761643"><ele>359.2</ele></trkpt><trkpt lat="45.748406" lon="9.761544"><ele>359.3</ele></trkpt><trkpt lat="45.748408" lon="9.761445"><ele>359.5</ele></trkpt><trkpt lat="45.74837" lon="9.761365"><ele>359.6</ele></trkpt><trkpt lat="45.74832" lon="9.761327"><ele>359.8</ele></trkpt><trkpt lat="45.748253" lon="9.761337"><ele>359</ele></trkpt><trkpt lat="45.748026" lon="9.76158"><ele>361.2</ele></trkpt><trkpt lat="45.747918" lon="9.761643"><ele>361.1</ele></trkpt><trkpt lat="45.747844" lon="9.761654"><ele>361</ele></trkpt><trkpt lat="45.747786" lon="9.761624"><ele>360.8</ele></trkpt><trkpt lat="45.747559" lon="9.761308"><ele>359.8</ele></trkpt><trkpt lat="45.746992" lon="9.760841"><ele>361.9</ele></trkpt><trkpt lat="45.746936" lon="9.76077"><ele>362.8</ele></trkpt><trkpt lat="45.7465" lon="9.760392"><ele>351</ele></trkpt><trkpt lat="45.746222" lon="9.760203"><ele>349.7</ele></trkpt><trkpt lat="45.746084" lon="9.760023"><ele>349.6</ele></trkpt><trkpt lat="45.746017" lon="9.759868"><ele>350.6</ele></trkpt><trkpt lat="45.745978" lon="9.759691"><ele>351.1</ele></trkpt><trkpt lat="45.745973" lon="9.759371"><ele>350.5</ele></trkpt><trkpt lat="45.746005" lon="9.758989"><ele>351.3</ele></trkpt><trkpt lat="45.746039" lon="9.758879"><ele>352.4</ele></trkpt><trkpt lat="45.7461" lon="9.758805"><ele>352.8</ele></trkpt><trkpt lat="45.746145" lon="9.758783"><ele>353.2</ele></trkpt><trkpt lat="45.746302" lon="9.758744"><ele>354.7</ele></trkpt><trkpt lat="45.746877" lon="9.758457"><ele>361.4</ele></trkpt><trkpt lat="45.747212" lon="9.7584"><ele>365.7</ele></trkpt><trkpt lat="45.747338" lon="9.75841"><ele>367.3</ele></trkpt><trkpt lat="45.747588" lon="9.758448"><ele>370.5</ele></trkpt><trkpt lat="45.747764" lon="9.758527"><ele>371.9</ele></trkpt><trkpt lat="45.747977" lon="9.758692"><ele>373</ele></trkpt><trkpt lat="45.748187" lon="9.758959"><ele>373.2</ele></trkpt><trkpt lat="45.748287" lon="9.759043"><ele>373.8</ele></trkpt><trkpt lat="45.748402" lon="9.759084"><ele>373.5</ele></trkpt><trkpt lat="45.749071" lon="9.759112"><ele>379</ele></trkpt><trkpt lat="45.74921" lon="9.759173"><ele>393</ele></trkpt><trkpt lat="45.749387" lon="9.759347"><ele>396</ele></trkpt><trkpt lat="45.749555" lon="9.759556"><ele>397.3</ele></trkpt><trkpt lat="45.750219" lon="9.760008"><ele>396.1</ele></trkpt><trkpt lat="45.750465" lon="9.760142"><ele>396</ele></trkpt><trkpt lat="45.750673" lon="9.760253"><ele>399.5</ele></trkpt><trkpt lat="45.751019" lon="9.76049"><ele>399.9</ele></trkpt><trkpt lat="45.751152" lon="9.760551"><ele>399.6</ele></trkpt><trkpt lat="45.751281" lon="9.760567"><ele>399.3</ele></trkpt><trkpt lat="45.751364" lon="9.76055"><ele>399.1</ele></trkpt><trkpt lat="45.751612" lon="9.760444"><ele>399</ele></trkpt><trkpt lat="45.751781" lon="9.760395"><ele>396</ele></trkpt><trkpt lat="45.752153" lon="9.760321"><ele>412.5</ele></trkpt><trkpt lat="45.752372" lon="9.760312"><ele>416.9</ele></trkpt><trkpt lat="45.752438" lon="9.76029"><ele>418.7</ele></trkpt><trkpt lat="45.752715" lon="9.760111"><ele>423.4</ele></trkpt><trkpt lat="45.753022" lon="9.760002"><ele>426.7</ele></trkpt><trkpt lat="45.753323" lon="9.759683"><ele>428.1</ele></trkpt><trkpt lat="45.753583" lon="9.759497"><ele>429.5</ele></trkpt><trkpt lat="45.75377" lon="9.759408"><ele>430.5</ele></trkpt><trkpt lat="45.754096" lon="9.759359"><ele>430.5</ele></trkpt><trkpt lat="45.754212" lon="9.759275"><ele>431</ele></trkpt><trkpt lat="45.754398" lon="9.759042"><ele>465.8</ele></trkpt><trkpt lat="45.754495" lon="9.758875"><ele>468.1</ele></trkpt><trkpt lat="45.754897" lon="9.758042"><ele>467.4</ele></trkpt><trkpt lat="45.755088" lon="9.757711"><ele>466.8</ele></trkpt><trkpt lat="45.755219" lon="9.757376"><ele>490</ele></trkpt><trkpt lat="45.755281" lon="9.757281"><ele>490</ele></trkpt><trkpt lat="45.755429" lon="9.757202"><ele>486.9</ele></trkpt><trkpt lat="45.755733" lon="9.757187"><ele>484.9</ele></trkpt><trkpt lat="45.755973" lon="9.75714"><ele>484.5</ele></trkpt><trkpt lat="45.756161" lon="9.757034"><ele>486.5</ele></trkpt><trkpt lat="45.756352" lon="9.756816"><ele>487.7</ele></trkpt><trkpt lat="45.756471" lon="9.756615"><ele>489.5</ele></trkpt><trkpt lat="45.756721" lon="9.756023"><ele>487.2</ele></trkpt><trkpt lat="45.756973" lon="9.755615"><ele>490.5</ele></trkpt><trkpt lat="45.757329" lon="9.755188"><ele>497</ele></trkpt><trkpt lat="45.757859" lon="9.75461"><ele>508.8</ele></trkpt><trkpt lat="45.757913" lon="9.75453"><ele>510.1</ele></trkpt><trkpt lat="45.757931" lon="9.754451"><ele>511.4</ele></trkpt><trkpt lat="45.757903" lon="9.75439"><ele>512.8</ele></trkpt><trkpt lat="45.75784" lon="9.754395"><ele>514.3</ele></trkpt><trkpt lat="45.757592" lon="9.754664"><ele>515.4</ele></trkpt><trkpt lat="45.757369" lon="9.754866"><ele>515.4</ele></trkpt><trkpt lat="45.757321" lon="9.754865"><ele>514.6</ele></trkpt><trkpt lat="45.75729" lon="9.754827"><ele>513.8</ele></trkpt><trkpt lat="45.757284" lon="9.754774"><ele>513</ele></trkpt><trkpt lat="45.757301" lon="9.754713"><ele>512.1</ele></trkpt><trkpt lat="45.757528" lon="9.754575"><ele>509.6</ele></trkpt><trkpt lat="45.757691" lon="9.754414"><ele>510.9</ele></trkpt><trkpt lat="45.75842" lon="9.753149"><ele>507</ele></trkpt><trkpt lat="45.75868" lon="9.752735"><ele>524.4</ele></trkpt><trkpt lat="45.758727" lon="9.752605"><ele>526.6</ele></trkpt><trkpt lat="45.758703" lon="9.752492"><ele>529</ele></trkpt><trkpt lat="45.758644" lon="9.752461"><ele>528.1</ele></trkpt><trkpt lat="45.758612" lon="9.752489"><ele>527.6</ele></trkpt><trkpt lat="45.758401" lon="9.753002"><ele>528.8</ele></trkpt><trkpt lat="45.758351" lon="9.753069"><ele>530.6</ele></trkpt><trkpt lat="45.758295" lon="9.753072"><ele>530.7</ele></trkpt><trkpt lat="45.758261" lon="9.753032"><ele>529.8</ele></trkpt><trkpt lat="45.758254" lon="9.752957"><ele>528</ele></trkpt><trkpt lat="45.7584" lon="9.752742"><ele>526.1</ele></trkpt><trkpt lat="45.758529" lon="9.752474"><ele>540</ele></trkpt><trkpt lat="45.758576" lon="9.752382"><ele>537.3</ele></trkpt><trkpt lat="45.758646" lon="9.752324"><ele>536.9</ele></trkpt><trkpt lat="45.758798" lon="9.752345"><ele>536.3</ele></trkpt><trkpt lat="45.758979" lon="9.752406"><ele>535.8</ele></trkpt><trkpt lat="45.759094" lon="9.752404"><ele>534.8</ele></trkpt><trkpt lat="45.759256" lon="9.752326"><ele>534.5</ele></trkpt><trkpt lat="45.759508" lon="9.75214"><ele>521</ele></trkpt><trkpt lat="45.760075" lon="9.751685"><ele>526.3</ele></trkpt><trkpt lat="45.760087" lon="9.751633"><ele>527.4</ele></trkpt><trkpt lat="45.760059" lon="9.751572"><ele>526.9</ele></trkpt><trkpt lat="45.759995" lon="9.751584"><ele>526.5</ele></trkpt><trkpt lat="45.75951" lon="9.752018"><ele>525.4</ele></trkpt><trkpt lat="45.75943" lon="9.752013"><ele>525.8</ele></trkpt><trkpt lat="45.759404" lon="9.75197"><ele>526</ele></trkpt><trkpt lat="45.759406" lon="9.751918"><ele>526.2</ele></trkpt><trkpt lat="45.759426" lon="9.751871"><ele>526.4</ele></trkpt><trkpt lat="45.759614" lon="9.751745"><ele>527.2</ele></trkpt><trkpt lat="45.759832" lon="9.751526"><ele>559</ele></trkpt><trkpt lat="45.759972" lon="9.751395"><ele>541.3</ele></trkpt><trkpt lat="45.760267" lon="9.751303"><ele>541.7</ele></trkpt><trkpt lat="45.760349" lon="9.75124"><ele>543.7</ele></trkpt><trkpt lat="45.760604" lon="9.750637"><ele>549.2</ele></trkpt><trkpt lat="45.76105" lon="9.74973"><ele>554.5</ele></trkpt><trkpt lat="45.761286" lon="9.74913"><ele>564.2</ele></trkpt><trkpt lat="45.76138" lon="9.748949"><ele>564</ele></trkpt><trkpt lat="45.76149" lon="9.748799"><ele>572</ele></trkpt><trkpt lat="45.761545" lon="9.748732"><ele>572</ele></trkpt><trkpt lat="45.761905" lon="9.748295"><ele>560</ele></trkpt><trkpt lat="45.76199" lon="9.748167"><ele>560</ele></trkpt><trkpt lat="45.762426" lon="9.747534"><ele>560</ele></trkpt><trkpt lat="45.762635" lon="9.747242"><ele>554.4</ele></trkpt><trkpt lat="45.762879" lon="9.747023"><ele>555.4</ele></trkpt><trkpt lat="45.762912" lon="9.746975"><ele>555.6</ele></trkpt><trkpt lat="45.762959" lon="9.746885"><ele>556.3</ele></trkpt><trkpt lat="45.76301" lon="9.746634"><ele>571</ele></trkpt><trkpt lat="45.763039" lon="9.746501"><ele>571</ele></trkpt><trkpt lat="45.763092" lon="9.746449"><ele>571</ele></trkpt><trkpt lat="45.76316" lon="9.746415"><ele>571</ele></trkpt><trkpt lat="45.763422" lon="9.746352"><ele>554.9</ele></trkpt><trkpt lat="45.763608" lon="9.746361"><ele>551</ele></trkpt><trkpt lat="45.763816" lon="9.746378"><ele>551</ele></trkpt><trkpt lat="45.763927" lon="9.746383"><ele>551</ele></trkpt><trkpt lat="45.764048" lon="9.746354"><ele>551</ele></trkpt><trkpt lat="45.764294" lon="9.746202"><ele>551</ele></trkpt><trkpt lat="45.764476" lon="9.746052"><ele>555.4</ele></trkpt><trkpt lat="45.764555" lon="9.745936"><ele>556.3</ele></trkpt><trkpt lat="45.764622" lon="9.745778"><ele>557.4</ele></trkpt><trkpt lat="45.764747" lon="9.745309"><ele>563</ele></trkpt><trkpt lat="45.764851" lon="9.745095"><ele>567.9</ele></trkpt><trkpt lat="45.764932" lon="9.745012"><ele>569.1</ele></trkpt><trkpt lat="45.765002" lon="9.74498"><ele>569.8</ele></trkpt><trkpt lat="45.765323" lon="9.744916"><ele>575</ele></trkpt><trkpt lat="45.765434" lon="9.744981"><ele>566.1</ele></trkpt><trkpt lat="45.765504" lon="9.745076"><ele>558</ele></trkpt><trkpt lat="45.765547" lon="9.745185"><ele>551.8</ele></trkpt><trkpt lat="45.765587" lon="9.74538"><ele>550.3</ele></trkpt><trkpt lat="45.765724" lon="9.746282"><ele>548.8</ele></trkpt><trkpt lat="45.765739" lon="9.746531"><ele>549.1</ele></trkpt><trkpt lat="45.765728" lon="9.746799"><ele>538</ele></trkpt><trkpt lat="45.7657" lon="9.747158"><ele>541.9</ele></trkpt><trkpt lat="45.765714" lon="9.747312"><ele>544.4</ele></trkpt><trkpt lat="45.765752" lon="9.747472"><ele>546.4</ele></trkpt><trkpt lat="45.76586" lon="9.747775"><ele>563.2</ele></trkpt><trkpt lat="45.765875" lon="9.747919"><ele>563</ele></trkpt><trkpt lat="45.765812" lon="9.748342"><ele>561.9</ele></trkpt><trkpt lat="45.765823" lon="9.748983"><ele>565.1</ele></trkpt><trkpt lat="45.765848" lon="9.749161"><ele>566.9</ele></trkpt><trkpt lat="45.765928" lon="9.749401"><ele>568</ele></trkpt><trkpt lat="45.765979" lon="9.749435"><ele>568</ele></trkpt><trkpt lat="45.766042" lon="9.749395"><ele>568.2</ele></trkpt><trkpt lat="45.76605" lon="9.749351"><ele>567.5</ele></trkpt><trkpt lat="45.766035" lon="9.749304"><ele>567.6</ele></trkpt><trkpt lat="45.765958" lon="9.749162"><ele>567</ele></trkpt><trkpt lat="45.765922" lon="9.748894"><ele>565.9</ele></trkpt><trkpt lat="45.765929" lon="9.748643"><ele>564.9</ele></trkpt><trkpt lat="45.765952" lon="9.748467"><ele>565.3</ele></trkpt><trkpt lat="45.766047" lon="9.748071"><ele>565.7</ele></trkpt><trkpt lat="45.766062" lon="9.747935"><ele>565.5</ele></trkpt><trkpt lat="45.765989" lon="9.747497"><ele>568.5</ele></trkpt><trkpt lat="45.765995" lon="9.74733"><ele>568.6</ele></trkpt><trkpt lat="45.766055" lon="9.746992"><ele>568.9</ele></trkpt><trkpt lat="45.766129" lon="9.746717"><ele>569.4</ele></trkpt><trkpt lat="45.766228" lon="9.746555"><ele>569.3</ele></trkpt><trkpt lat="45.766253" lon="9.746489"><ele>569.1</ele></trkpt><trkpt lat="45.766259" lon="9.7458"><ele>578</ele></trkpt><trkpt lat="45.766268" lon="9.745544"><ele>583</ele></trkpt><trkpt lat="45.766292" lon="9.745453"><ele>583.2</ele></trkpt><trkpt lat="45.766351" lon="9.745338"><ele>583.5</ele></trkpt><trkpt lat="45.766373" lon="9.745222"><ele>583.7</ele></trkpt><trkpt lat="45.766365" lon="9.745108"><ele>584</ele></trkpt><trkpt lat="45.766252" lon="9.744838"><ele>584.1</ele></trkpt><trkpt lat="45.766223" lon="9.74469"><ele>584</ele></trkpt><trkpt lat="45.766231" lon="9.744462"><ele>583.7</ele></trkpt><trkpt lat="45.766248" lon="9.74442"><ele>583.6</ele></trkpt><trkpt lat="45.766285" lon="9.744387"><ele>583.4</ele></trkpt><trkpt lat="45.766345" lon="9.7444"><ele>583</ele></trkpt><trkpt lat="45.76637" lon="9.744454"><ele>582.8</ele></trkpt><trkpt lat="45.766345" lon="9.744659"><ele>582.3</ele></trkpt><trkpt lat="45.766354" lon="9.744787"><ele>582</ele></trkpt><trkpt lat="45.766485" lon="9.745203"><ele>581.9</ele></trkpt><trkpt lat="45.766479" lon="9.745348"><ele>582.1</ele></trkpt><trkpt lat="45.766425" lon="9.745553"><ele>582.4</ele></trkpt><trkpt lat="45.766438" lon="9.745715"><ele>578</ele></trkpt><trkpt lat="45.766613" lon="9.746552"><ele>571.1</ele></trkpt><trkpt lat="45.766598" lon="9.746639"><ele>571</ele></trkpt><trkpt lat="45.766466" lon="9.746946"><ele>571.2</ele></trkpt><trkpt lat="45.76645" lon="9.747537"><ele>572</ele></trkpt><trkpt lat="45.766455" lon="9.747688"><ele>572.5</ele></trkpt><trkpt lat="45.7665" lon="9.748027"><ele>572.6</ele></trkpt><trkpt lat="45.766495" lon="9.748149"><ele>572.6</ele></trkpt><trkpt lat="45.766483" lon="9.74823"><ele>572.6</ele></trkpt><trkpt lat="45.766374" lon="9.748583"><ele>572.6</ele></trkpt><trkpt lat="45.766354" lon="9.748796"><ele>572.6</ele></trkpt><trkpt lat="45.76636" lon="9.74885"><ele>572.6</ele></trkpt><trkpt lat="45.766395" lon="9.748909"><ele>572.6</ele></trkpt><trkpt lat="45.766455" lon="9.748907"><ele>572.5</ele></trkpt><trkpt lat="45.766494" lon="9.748844"><ele>572.5</ele></trkpt><trkpt lat="45.766497" lon="9.748506"><ele>572.5</ele></trkpt><trkpt lat="45.766576" lon="9.748199"><ele>572.4</ele></trkpt><trkpt lat="45.76659" lon="9.74806"><ele>572.4</ele></trkpt><trkpt lat="45.766568" lon="9.747802"><ele>572.5</ele></trkpt><trkpt lat="45.76657" lon="9.747642"><ele>572</ele></trkpt><trkpt lat="45.766681" lon="9.747215"><ele>621</ele></trkpt><trkpt lat="45.76676" lon="9.746904"><ele>618.9</ele></trkpt><trkpt lat="45.766802" lon="9.74661"><ele>618.3</ele></trkpt><trkpt lat="45.766854" lon="9.746423"><ele>618.1</ele></trkpt><trkpt lat="45.766879" lon="9.74627"><ele>617.9</ele></trkpt><trkpt lat="45.766873" lon="9.746085"><ele>617.6</ele></trkpt><trkpt lat="45.766817" lon="9.745677"><ele>617.2</ele></trkpt><trkpt lat="45.766845" lon="9.745499"><ele>617.1</ele></trkpt><trkpt lat="45.766918" lon="9.745322"><ele>617.1</ele></trkpt><trkpt lat="45.766946" lon="9.745195"><ele>616.9</ele></trkpt><trkpt lat="45.766894" lon="9.744892"><ele>616.7</ele></trkpt><trkpt lat="45.766875" lon="9.744179"><ele>616.6</ele></trkpt><trkpt lat="45.766893" lon="9.744105"><ele>616.7</ele></trkpt><trkpt lat="45.766919" lon="9.744084"><ele>616.7</ele></trkpt><trkpt lat="45.766976" lon="9.744092"><ele>616</ele></trkpt><trkpt lat="45.76701" lon="9.744152"><ele>616.2</ele></trkpt><trkpt lat="45.767015" lon="9.744205"><ele>616.2</ele></trkpt><trkpt lat="45.766984" lon="9.744651"><ele>616.6</ele></trkpt><trkpt lat="45.766991" lon="9.744857"><ele>617.1</ele></trkpt><trkpt lat="45.767108" lon="9.745119"><ele>617.9</ele></trkpt><trkpt lat="45.767138" lon="9.745236"><ele>617.9</ele></trkpt><trkpt lat="45.767268" lon="9.746563"><ele>620.9</ele></trkpt><trkpt lat="45.767261" lon="9.746763"><ele>629.2</ele></trkpt><trkpt lat="45.767231" lon="9.746977"><ele>629.9</ele></trkpt><trkpt lat="45.767032" lon="9.747596"><ele>630.8</ele></trkpt><trkpt lat="45.766965" lon="9.747937"><ele>628</ele></trkpt><trkpt lat="45.766895" lon="9.748417"><ele>627.2</ele></trkpt><trkpt lat="45.766912" lon="9.748511"><ele>627.3</ele></trkpt><trkpt lat="45.766969" lon="9.748547"><ele>627.1</ele></trkpt><trkpt lat="45.76701" lon="9.74855"><ele>627</ele></trkpt><trkpt lat="45.767046" lon="9.748532"><ele>626.9</ele></trkpt><trkpt lat="45.767094" lon="9.748447"><ele>626.5</ele></trkpt><trkpt lat="45.767063" lon="9.74805"><ele>627.3</ele></trkpt><trkpt lat="45.767081" lon="9.747857"><ele>628.5</ele></trkpt><trkpt lat="45.767108" lon="9.74775"><ele>629.6</ele></trkpt><trkpt lat="45.767445" lon="9.747044"><ele>631.3</ele></trkpt><trkpt lat="45.767484" lon="9.746868"><ele>631.2</ele></trkpt><trkpt lat="45.767526" lon="9.746424"><ele>641.7</ele></trkpt><trkpt lat="45.767575" lon="9.746198"><ele>642.1</ele></trkpt><trkpt lat="45.767892" lon="9.745515"><ele>657</ele></trkpt><trkpt lat="45.767977" lon="9.745378"><ele>657</ele></trkpt><trkpt lat="45.76809" lon="9.745289"><ele>657</ele></trkpt><trkpt lat="45.768282" lon="9.745154"><ele>661.9</ele></trkpt><trkpt lat="45.768313" lon="9.745097"><ele>661.9</ele></trkpt><trkpt lat="45.76831" lon="9.74502"><ele>662.1</ele></trkpt><trkpt lat="45.767964" lon="9.744478"><ele>662.2</ele></trkpt><trkpt lat="45.767815" lon="9.744068"><ele>662.1</ele></trkpt><trkpt lat="45.767715" lon="9.743733"><ele>659.6</ele></trkpt><trkpt lat="45.767709" lon="9.743533"><ele>659.1</ele></trkpt><trkpt lat="45.767726" lon="9.743492"><ele>659.3</ele></trkpt><trkpt lat="45.767757" lon="9.743474"><ele>659.5</ele></trkpt><trkpt lat="45.767819" lon="9.743491"><ele>659.9</ele></trkpt><trkpt lat="45.767838" lon="9.743528"><ele>660.2</ele></trkpt><trkpt lat="45.767844" lon="9.743581"><ele>661.3</ele></trkpt><trkpt lat="45.767812" lon="9.743721"><ele>661.9</ele></trkpt><trkpt lat="45.76782" lon="9.743814"><ele>663</ele></trkpt><trkpt lat="45.767849" lon="9.743892"><ele>664.7</ele></trkpt><trkpt lat="45.768138" lon="9.744297"><ele>665.5</ele></trkpt><trkpt lat="45.768541" lon="9.744773"><ele>665.5</ele></trkpt><trkpt lat="45.768694" lon="9.745027"><ele>668.9</ele></trkpt><trkpt lat="45.768759" lon="9.745188"><ele>669.1</ele></trkpt><trkpt lat="45.768723" lon="9.745336"><ele>668.4</ele></trkpt><trkpt lat="45.76829" lon="9.745745"><ele>666.5</ele></trkpt><trkpt lat="45.768221" lon="9.745827"><ele>667</ele></trkpt><trkpt lat="45.768171" lon="9.745906"><ele>667.7</ele></trkpt><trkpt lat="45.768076" lon="9.746124"><ele>677.2</ele></trkpt><trkpt lat="45.768014" lon="9.746607"><ele>677.4</ele></trkpt><trkpt lat="45.767988" lon="9.747208"><ele>678.8</ele></trkpt><trkpt lat="45.767905" lon="9.74756"><ele>678.2</ele></trkpt><trkpt lat="45.767777" lon="9.747909"><ele>676.7</ele></trkpt><trkpt lat="45.767777" lon="9.747962"><ele>676.6</ele></trkpt><trkpt lat="45.767815" lon="9.74802"><ele>676.9</ele></trkpt><trkpt lat="45.767869" lon="9.748014"><ele>676</ele></trkpt><trkpt lat="45.767906" lon="9.747946"><ele>675.7</ele></trkpt><trkpt lat="45.767927" lon="9.74779"><ele>676.8</ele></trkpt><trkpt lat="45.768079" lon="9.747172"><ele>677.6</ele></trkpt><trkpt lat="45.768227" lon="9.746417"><ele>679.1</ele></trkpt><trkpt lat="45.768257" lon="9.746306"><ele>683.9</ele></trkpt><trkpt lat="45.768312" lon="9.746201"><ele>698.1</ele></trkpt><trkpt lat="45.768414" lon="9.746116"><ele>704.1</ele></trkpt><trkpt lat="45.768601" lon="9.746001"><ele>712.1</ele></trkpt><trkpt lat="45.768921" lon="9.745861"><ele>712.1</ele></trkpt><trkpt lat="45.769351" lon="9.745512"><ele>714.9</ele></trkpt><trkpt lat="45.769409" lon="9.745428"><ele>715.8</ele></trkpt><trkpt lat="45.769406" lon="9.745328"><ele>715.2</ele></trkpt><trkpt lat="45.76932" lon="9.745095"><ele>715.5</ele></trkpt><trkpt lat="45.769282" lon="9.744936"><ele>715.3</ele></trkpt><trkpt lat="45.769264" lon="9.744526"><ele>717.2</ele></trkpt><trkpt lat="45.769232" lon="9.744356"><ele>716.1</ele></trkpt><trkpt lat="45.768763" lon="9.743666"><ele>715.5</ele></trkpt><trkpt lat="45.768675" lon="9.743404"><ele>714.8</ele></trkpt><trkpt lat="45.768624" lon="9.742945"><ele>714.5</ele></trkpt><trkpt lat="45.768627" lon="9.742901"><ele>714.9</ele></trkpt><trkpt lat="45.768648" lon="9.742863"><ele>715.4</ele></trkpt><trkpt lat="45.768684" lon="9.742846"><ele>716</ele></trkpt><trkpt lat="45.768726" lon="9.742867"><ele>716.5</ele></trkpt><trkpt lat="45.768743" lon="9.74291"><ele>717</ele></trkpt><trkpt lat="45.768751" lon="9.742961"><ele>717.6</ele></trkpt><trkpt lat="45.768731" lon="9.743057"><ele>718.7</ele></trkpt><trkpt lat="45.768731" lon="9.743176"><ele>719.1</ele></trkpt><trkpt lat="45.768754" lon="9.7433"><ele>720.2</ele></trkpt><trkpt lat="45.768806" lon="9.743433"><ele>721.4</ele></trkpt><trkpt lat="45.768876" lon="9.743564"><ele>721.4</ele></trkpt><trkpt lat="45.769067" lon="9.743764"><ele>720.9</ele></trkpt><trkpt lat="45.769434" lon="9.744079"><ele>720.1</ele></trkpt><trkpt lat="45.769496" lon="9.74422"><ele>719</ele></trkpt><trkpt lat="45.769598" lon="9.744686"><ele>724.3</ele></trkpt><trkpt lat="45.769675" lon="9.744841"><ele>739.4</ele></trkpt><trkpt lat="45.769912" lon="9.745151"><ele>739.9</ele></trkpt><trkpt lat="45.76995" lon="9.745323"><ele>741.2</ele></trkpt><trkpt lat="45.769937" lon="9.745425"><ele>741.4</ele></trkpt><trkpt lat="45.76987" lon="9.745683"><ele>741.9</ele></trkpt><trkpt lat="45.769811" lon="9.745826"><ele>741.4</ele></trkpt><trkpt lat="45.769697" lon="9.746015"><ele>738.3</ele></trkpt><trkpt lat="45.769506" lon="9.746261"><ele>738</ele></trkpt><trkpt lat="45.769397" lon="9.746347"><ele>736</ele></trkpt><trkpt lat="45.769172" lon="9.746477"><ele>732.5</ele></trkpt><trkpt lat="45.769143" lon="9.746511"><ele>732.9</ele></trkpt><trkpt lat="45.769137" lon="9.746543"><ele>734.1</ele></trkpt><trkpt lat="45.76916" lon="9.746587"><ele>735.9</ele></trkpt><trkpt lat="45.769186" lon="9.746596"><ele>737.2</ele></trkpt><trkpt lat="45.769224" lon="9.746596"><ele>737</ele></trkpt><trkpt lat="45.769282" lon="9.74656"><ele>736.8</ele></trkpt><trkpt lat="45.769881" lon="9.746072"><ele>743.7</ele></trkpt><trkpt lat="45.770036" lon="9.745859"><ele>747.5</ele></trkpt><trkpt lat="45.770131" lon="9.745623"><ele>748</ele></trkpt><trkpt lat="45.770263" lon="9.745222"><ele>766.8</ele></trkpt><trkpt lat="45.770287" lon="9.745098"><ele>767.2</ele></trkpt><trkpt lat="45.770264" lon="9.74487"><ele>767.3</ele></trkpt><trkpt lat="45.770232" lon="9.744789"><ele>767</ele></trkpt><trkpt lat="45.770076" lon="9.744523"><ele>764.1</ele></trkpt><trkpt lat="45.770045" lon="9.744429"><ele>763.3</ele></trkpt><trkpt lat="45.770036" lon="9.744333"><ele>762.4</ele></trkpt><trkpt lat="45.770058" lon="9.744079"><ele>760.7</ele></trkpt><trkpt lat="45.770042" lon="9.743956"><ele>756.2</ele></trkpt><trkpt lat="45.770002" lon="9.743879"><ele>754</ele></trkpt><trkpt lat="45.769701" lon="9.743486"><ele>753.5</ele></trkpt><trkpt lat="45.769487" lon="9.743174"><ele>750.8</ele></trkpt><trkpt lat="45.769413" lon="9.742954"><ele>750.8</ele></trkpt><trkpt lat="45.769409" lon="9.742734"><ele>750.5</ele></trkpt><trkpt lat="45.769425" lon="9.742627"><ele>750.7</ele></trkpt><trkpt lat="45.769473" lon="9.742468"><ele>750.5</ele></trkpt><trkpt lat="45.769532" lon="9.742333"><ele>751.7</ele></trkpt><trkpt lat="45.769686" lon="9.742124"><ele>753.4</ele></trkpt><trkpt lat="45.769782" lon="9.742012"><ele>754.3</ele></trkpt><trkpt lat="45.769904" lon="9.741912"><ele>755.5</ele></trkpt><trkpt lat="45.770176" lon="9.741785"><ele>756.9</ele></trkpt><trkpt lat="45.770227" lon="9.741731"><ele>755.9</ele></trkpt><trkpt lat="45.770328" lon="9.741291"><ele>755.8</ele></trkpt><trkpt lat="45.770556" lon="9.741011"><ele>760</ele></trkpt><trkpt lat="45.770852" lon="9.740197"><ele>794</ele></trkpt><trkpt lat="45.770899" lon="9.740162"><ele>793.4</ele></trkpt><trkpt lat="45.770923" lon="9.74017"><ele>793.1</ele></trkpt><trkpt lat="45.770938" lon="9.740196"><ele>792.7</ele></trkpt><trkpt lat="45.770943" lon="9.740272"><ele>791.8</ele></trkpt><trkpt lat="45.770848" lon="9.740466"><ele>798</ele></trkpt><trkpt lat="45.770788" lon="9.740611"><ele>772.6</ele></trkpt><trkpt lat="45.770655" lon="9.741114"><ele>766</ele></trkpt><trkpt lat="45.770593" lon="9.741277"><ele>768.1</ele></trkpt><trkpt lat="45.770478" lon="9.741462"><ele>770.2</ele></trkpt><trkpt lat="45.770454" lon="9.741868"><ele>778.7</ele></trkpt><trkpt lat="45.770411" lon="9.741976"><ele>778.8</ele></trkpt><trkpt lat="45.770362" lon="9.742051"><ele>778.8</ele></trkpt><trkpt lat="45.770058" lon="9.74225"><ele>778.3</ele></trkpt><trkpt lat="45.769964" lon="9.742362"><ele>778.4</ele></trkpt><trkpt lat="45.769932" lon="9.742548"><ele>782.7</ele></trkpt><trkpt lat="45.769962" lon="9.742723"><ele>785.1</ele></trkpt><trkpt lat="45.770009" lon="9.742804"><ele>786.3</ele></trkpt><trkpt lat="45.770297" lon="9.743168"><ele>786.9</ele></trkpt><trkpt lat="45.770594" lon="9.743614"><ele>786.5</ele></trkpt><trkpt lat="45.770618" lon="9.743634"><ele>786.2</ele></trkpt><trkpt lat="45.770658" lon="9.743631"><ele>785.5</ele></trkpt><trkpt lat="45.770677" lon="9.743586"><ele>784.7</ele></trkpt><trkpt lat="45.770671" lon="9.743521"><ele>794</ele></trkpt><trkpt lat="45.770552" lon="9.743373"><ele>796.3</ele></trkpt><trkpt lat="45.770369" lon="9.743008"><ele>799</ele></trkpt><trkpt lat="45.770243" lon="9.742756"><ele>793.2</ele></trkpt><trkpt lat="45.77023" lon="9.742706"><ele>793.7</ele></trkpt><trkpt lat="45.770247" lon="9.742616"><ele>793.2</ele></trkpt><trkpt lat="45.770262" lon="9.742585"><ele>793</ele></trkpt><trkpt lat="45.77033" lon="9.74254"><ele>793.2</ele></trkpt><trkpt lat="45.770548" lon="9.742458"><ele>793.7</ele></trkpt><trkpt lat="45.770603" lon="9.742418"><ele>794.6</ele></trkpt><trkpt lat="45.770716" lon="9.742291"><ele>796.1</ele></trkpt><trkpt lat="45.770759" lon="9.74221"><ele>796.7</ele></trkpt><trkpt lat="45.770794" lon="9.742105"><ele>797.4</ele></trkpt><trkpt lat="45.770848" lon="9.741531"><ele>798.8</ele></trkpt><trkpt lat="45.770883" lon="9.741393"><ele>798.4</ele></trkpt><trkpt lat="45.770931" lon="9.741257"><ele>797.9</ele></trkpt><trkpt lat="45.771002" lon="9.741121"><ele>797.7</ele></trkpt><trkpt lat="45.771145" lon="9.740915"><ele>797.8</ele></trkpt><trkpt lat="45.771241" lon="9.740635"><ele>797.5</ele></trkpt><trkpt lat="45.771295" lon="9.74058"><ele>798</ele></trkpt><trkpt lat="45.77142" lon="9.740499"><ele>807.1</ele></trkpt><trkpt lat="45.771479" lon="9.740532"><ele>808.1</ele></trkpt><trkpt lat="45.771476" lon="9.740604"><ele>810.2</ele></trkpt><trkpt lat="45.771307" lon="9.740763"><ele>822.6</ele></trkpt><trkpt lat="45.771164" lon="9.741109"><ele>825.6</ele></trkpt><trkpt lat="45.771081" lon="9.741269"><ele>826.1</ele></trkpt><trkpt lat="45.771007" lon="9.741539"><ele>827.1</ele></trkpt><trkpt lat="45.771003" lon="9.741671"><ele>827.7</ele></trkpt><trkpt lat="45.771041" lon="9.742268"><ele>827.4</ele></trkpt><trkpt lat="45.771066" lon="9.742441"><ele>832.9</ele></trkpt><trkpt lat="45.771119" lon="9.742544"><ele>836.7</ele></trkpt><trkpt lat="45.771172" lon="9.742579"><ele>837.8</ele></trkpt><trkpt lat="45.771381" lon="9.742548"><ele>839.1</ele></trkpt><trkpt lat="45.771543" lon="9.742498"><ele>838.5</ele></trkpt><trkpt lat="45.772045" lon="9.742234"><ele>837</ele></trkpt><trkpt lat="45.772404" lon="9.742125"><ele>859.2</ele></trkpt><trkpt lat="45.772533" lon="9.742104"><ele>863.9</ele></trkpt><trkpt lat="45.772829" lon="9.742158"><ele>868.1</ele></trkpt><trkpt lat="45.77309" lon="9.742109"><ele>871.5</ele></trkpt><trkpt lat="45.773419" lon="9.741999"><ele>877.4</ele></trkpt><trkpt lat="45.773609" lon="9.742009"><ele>878.9</ele></trkpt><trkpt lat="45.773787" lon="9.742051"><ele>880</ele></trkpt><trkpt lat="45.773885" lon="9.742011"><ele>881.2</ele></trkpt><trkpt lat="45.774009" lon="9.741921"><ele>881.2</ele></trkpt><trkpt lat="45.774115" lon="9.741796"><ele>882.4</ele></trkpt><trkpt lat="45.774421" lon="9.741358"><ele>907</ele></trkpt><trkpt lat="45.774493" lon="9.741317"><ele>908.4</ele></trkpt><trkpt lat="45.774788" lon="9.741344"><ele>910.4</ele></trkpt><trkpt lat="45.774932" lon="9.741295"><ele>910.7</ele></trkpt><trkpt lat="45.775015" lon="9.74122"><ele>911</ele></trkpt><trkpt lat="45.775081" lon="9.741124"><ele>915.4</ele></trkpt><trkpt lat="45.775375" lon="9.740557"><ele>926.8</ele></trkpt><trkpt lat="45.775528" lon="9.740317"><ele>927.5</ele></trkpt><trkpt lat="45.775987" lon="9.740117"><ele>929.5</ele></trkpt><trkpt lat="45.776132" lon="9.739988"><ele>932.6</ele></trkpt><trkpt lat="45.776394" lon="9.739679"><ele>930.3</ele></trkpt><trkpt lat="45.776452" lon="9.739648"><ele>929</ele></trkpt><trkpt lat="45.776555" lon="9.739636"><ele>927.8</ele></trkpt><trkpt lat="45.776764" lon="9.739679"><ele>924.1</ele></trkpt><trkpt lat="45.776994" lon="9.739772"><ele>921.8</ele></trkpt><trkpt lat="45.777088" lon="9.739851"><ele>920</ele></trkpt><trkpt lat="45.777124" lon="9.739955"><ele>916.1</ele></trkpt><trkpt lat="45.777125" lon="9.740123"><ele>912.4</ele></trkpt><trkpt lat="45.776982" lon="9.741209"><ele>901.1</ele></trkpt><trkpt lat="45.777" lon="9.741479"><ele>891.1</ele></trkpt><trkpt lat="45.777049" lon="9.741792"><ele>883.2</ele></trkpt><trkpt lat="45.777162" lon="9.742039"><ele>881.5</ele></trkpt><trkpt lat="45.77723" lon="9.742285"><ele>880</ele></trkpt><trkpt lat="45.777244" lon="9.742523"><ele>880.8</ele></trkpt><trkpt lat="45.777195" lon="9.742982"><ele>881.8</ele></trkpt><trkpt lat="45.777203" lon="9.743083"><ele>870</ele></trkpt><trkpt lat="45.777232" lon="9.743185"><ele>895.2</ele></trkpt><trkpt lat="45.777313" lon="9.743324"><ele>904.3</ele></trkpt><trkpt lat="45.777568" lon="9.743516"><ele>907.1</ele></trkpt><trkpt lat="45.777728" lon="9.74361"><ele>907.1</ele></trkpt><trkpt lat="45.777866" lon="9.743663"><ele>907.1</ele></trkpt><trkpt lat="45.77806" lon="9.743665"><ele>907.1</ele></trkpt><trkpt lat="45.7784" lon="9.743668"><ele>907.2</ele></trkpt><trkpt lat="45.778635" lon="9.743702"><ele>922</ele></trkpt><trkpt lat="45.778813" lon="9.743803"><ele>922</ele></trkpt><trkpt lat="45.778879" lon="9.743883"><ele>922</ele></trkpt><trkpt lat="45.778924" lon="9.743936"><ele>922</ele></trkpt><trkpt lat="45.778956" lon="9.744032"><ele>922</ele></trkpt><trkpt lat="45.778992" lon="9.744083"><ele>922</ele></trkpt><trkpt lat="45.77901" lon="9.744143"><ele>922</ele></trkpt><trkpt lat="45.779018" lon="9.744295"><ele>916.5</ele></trkpt><trkpt lat="45.779045" lon="9.744341"><ele>914</ele></trkpt><trkpt lat="45.779073" lon="9.744435"><ele>914</ele></trkpt><trkpt lat="45.779243" lon="9.744863"><ele>919.3</ele></trkpt><trkpt lat="45.779271" lon="9.744987"><ele>922</ele></trkpt><trkpt lat="45.779301" lon="9.745174"><ele>922</ele></trkpt><trkpt lat="45.779392" lon="9.745973"><ele>920</ele></trkpt><trkpt lat="45.779395" lon="9.746212"><ele>920</ele></trkpt><trkpt lat="45.779365" lon="9.746538"><ele>920</ele></trkpt><trkpt lat="45.779383" lon="9.746662"><ele>921.5</ele></trkpt><trkpt lat="45.779444" lon="9.74686"><ele>921.8</ele></trkpt><trkpt lat="45.779629" lon="9.747287"><ele>922</ele></trkpt><trkpt lat="45.779684" lon="9.747527"><ele>922.1</ele></trkpt><trkpt lat="45.779685" lon="9.747632"><ele>924</ele></trkpt><trkpt lat="45.779672" lon="9.747729"><ele>924</ele></trkpt><trkpt lat="45.779592" lon="9.747916"><ele>924</ele></trkpt><trkpt lat="45.779495" lon="9.748231"><ele>929.3</ele></trkpt><trkpt lat="45.779498" lon="9.748475"><ele>930.2</ele></trkpt><trkpt lat="45.779528" lon="9.748593"><ele>929.9</ele></trkpt><trkpt lat="45.779597" lon="9.748717"><ele>929.6</ele></trkpt><trkpt lat="45.779883" lon="9.749165"><ele>932</ele></trkpt><trkpt lat="45.779951" lon="9.749271"><ele>938</ele></trkpt><trkpt lat="45.780181" lon="9.749629"><ele>941</ele></trkpt><trkpt lat="45.780457" lon="9.750093"><ele>941</ele></trkpt><trkpt lat="45.780712" lon="9.75054"><ele>941.9</ele></trkpt><trkpt lat="45.780858" lon="9.750829"><ele>944</ele></trkpt><trkpt lat="45.781063" lon="9.751341"><ele>943</ele></trkpt><trkpt lat="45.781267" lon="9.751769"><ele>943</ele></trkpt><trkpt lat="45.781354" lon="9.751962"><ele>943</ele></trkpt><trkpt lat="45.781537" lon="9.752321"><ele>942.5</ele></trkpt><trkpt lat="45.781574" lon="9.752442"><ele>942.4</ele></trkpt><trkpt lat="45.781598" lon="9.752657"><ele>942.3</ele></trkpt><trkpt lat="45.781584" lon="9.754587"><ele>942.2</ele></trkpt><trkpt lat="45.781591" lon="9.754703"><ele>942.2</ele></trkpt><trkpt lat="45.781616" lon="9.754787"><ele>942</ele></trkpt><trkpt lat="45.781731" lon="9.755005"><ele>953</ele></trkpt><trkpt lat="45.781963" lon="9.755306"><ele>953</ele></trkpt><trkpt lat="45.782117" lon="9.755481"><ele>953</ele></trkpt><trkpt lat="45.782293" lon="9.755679"><ele>953</ele></trkpt><trkpt lat="45.782398" lon="9.755841"><ele>953</ele></trkpt><trkpt lat="45.782438" lon="9.755968"><ele>953</ele></trkpt><trkpt lat="45.782441" lon="9.756254"><ele>953</ele></trkpt><trkpt lat="45.782413" lon="9.756413"><ele>953</ele></trkpt><trkpt lat="45.782349" lon="9.75663"><ele>954.2</ele></trkpt><trkpt lat="45.782335" lon="9.756739"><ele>954.4</ele></trkpt><trkpt lat="45.782353" lon="9.756853"><ele>954.3</ele></trkpt><trkpt lat="45.782426" lon="9.757021"><ele>955</ele></trkpt><trkpt lat="45.78259" lon="9.757129"><ele>952.4</ele></trkpt><trkpt lat="45.782835" lon="9.757157"><ele>952.5</ele></trkpt><trkpt lat="45.782917" lon="9.757138"><ele>952.6</ele></trkpt><trkpt lat="45.783627" lon="9.756754"><ele>952</ele></trkpt><trkpt lat="45.784125" lon="9.756502"><ele>954.9</ele></trkpt><trkpt lat="45.784589" lon="9.756381"><ele>954.4</ele></trkpt><trkpt lat="45.784716" lon="9.756278"><ele>954.4</ele></trkpt><trkpt lat="45.784779" lon="9.756267"><ele>954.4</ele></trkpt><trkpt lat="45.784977" lon="9.756301"><ele>954.5</ele></trkpt><trkpt lat="45.785103" lon="9.756293"><ele>953</ele></trkpt><trkpt lat="45.785276" lon="9.75634"><ele>953</ele></trkpt><trkpt lat="45.785418" lon="9.756417"><ele>953</ele></trkpt><trkpt lat="45.78559" lon="9.756617"><ele>953</ele></trkpt><trkpt lat="45.785714" lon="9.756768"><ele>944</ele></trkpt><trkpt lat="45.785922" lon="9.757116"><ele>946.5</ele></trkpt><trkpt lat="45.786047" lon="9.757274"><ele>946.4</ele></trkpt><trkpt lat="45.786157" lon="9.757381"><ele>946.3</ele></trkpt><trkpt lat="45.786258" lon="9.757422"><ele>947</ele></trkpt><trkpt lat="45.786279" lon="9.757505"><ele>947</ele></trkpt><trkpt lat="45.78638" lon="9.757685"><ele>947</ele></trkpt><trkpt lat="45.786432" lon="9.757776"><ele>947</ele></trkpt><trkpt lat="45.786927" lon="9.758651"><ele>949.3</ele></trkpt><trkpt lat="45.787191" lon="9.759212"><ele>943</ele></trkpt><trkpt lat="45.787312" lon="9.759521"><ele>959</ele></trkpt><trkpt lat="45.787413" lon="9.759956"><ele>964</ele></trkpt><trkpt lat="45.787616" lon="9.760253"><ele>965.4</ele></trkpt><trkpt lat="45.787705" lon="9.760344"><ele>965</ele></trkpt><trkpt lat="45.788066" lon="9.76056"><ele>964.1</ele></trkpt><trkpt lat="45.78847" lon="9.760837"><ele>984</ele></trkpt><trkpt lat="45.788609" lon="9.76094"><ele>990.6</ele></trkpt><trkpt lat="45.788732" lon="9.761062"><ele>991.1</ele></trkpt><trkpt lat="45.788815" lon="9.76119"><ele>992.7</ele></trkpt><trkpt lat="45.788956" lon="9.76144"><ele>993.3</ele></trkpt><trkpt lat="45.789013" lon="9.761575"><ele>994</ele></trkpt><trkpt lat="45.78904" lon="9.761718"><ele>994.7</ele></trkpt><trkpt lat="45.789117" lon="9.761861"><ele>996.3</ele></trkpt><trkpt lat="45.789267" lon="9.76199"><ele>997.5</ele></trkpt><trkpt lat="45.789503" lon="9.762122"><ele>997.2</ele></trkpt><trkpt lat="45.789604" lon="9.762211"><ele>996.5</ele></trkpt><trkpt lat="45.789734" lon="9.76237"><ele>1006</ele></trkpt><trkpt lat="45.789899" lon="9.762642"><ele>1005</ele></trkpt><trkpt lat="45.789998" lon="9.762818"><ele>1007.7</ele></trkpt><trkpt lat="45.790038" lon="9.762924"><ele>1013</ele></trkpt><trkpt lat="45.790087" lon="9.763051"><ele>1013</ele></trkpt><trkpt lat="45.790364" lon="9.763697"><ele>1013.5</ele></trkpt><trkpt lat="45.790638" lon="9.76404"><ele>1015</ele></trkpt><trkpt lat="45.791086" lon="9.764546"><ele>1016</ele></trkpt><trkpt lat="45.791582" lon="9.765131"><ele>1024.8</ele></trkpt><trkpt lat="45.791914" lon="9.765611"><ele>1021.5</ele></trkpt><trkpt lat="45.792084" lon="9.765921"><ele>1022</ele></trkpt><trkpt lat="45.792392" lon="9.766629"><ele>1017.6</ele></trkpt><trkpt lat="45.792545" lon="9.76687"><ele>1015.6</ele></trkpt><trkpt lat="45.792996" lon="9.767443"><ele>1014.7</ele></trkpt><trkpt lat="45.793108" lon="9.767617"><ele>1014.9</ele></trkpt><trkpt lat="45.793195" lon="9.767803"><ele>1015</ele></trkpt><trkpt lat="45.793219" lon="9.767968"><ele>1014</ele></trkpt><trkpt lat="45.793313" lon="9.768036"><ele>1013.4</ele></trkpt><trkpt lat="45.793492" lon="9.768407"><ele>1013.3</ele></trkpt><trkpt lat="45.793752" lon="9.768884"><ele>1013</ele></trkpt><trkpt lat="45.794006" lon="9.769335"><ele>1025.8</ele></trkpt><trkpt lat="45.794359" lon="9.770029"><ele>1026.4</ele></trkpt><trkpt lat="45.794501" lon="9.770236"><ele>1025.4</ele></trkpt><trkpt lat="45.794597" lon="9.770328"><ele>1031</ele></trkpt><trkpt lat="45.794872" lon="9.770417"><ele>1031</ele></trkpt><trkpt lat="45.795025" lon="9.770549"><ele>1010</ele></trkpt><trkpt lat="45.795801" lon="9.771485"><ele>1014.9</ele></trkpt><trkpt lat="45.795955" lon="9.77171"><ele>1014.2</ele></trkpt><trkpt lat="45.796238" lon="9.771964"><ele>1013</ele></trkpt><trkpt lat="45.796801" lon="9.772417"><ele>1008.8</ele></trkpt><trkpt lat="45.797012" lon="9.772555"><ele>1012.4</ele></trkpt><trkpt lat="45.797213" lon="9.772631"><ele>1014</ele></trkpt><trkpt lat="45.797469" lon="9.772708"><ele>999</ele></trkpt><trkpt lat="45.797692" lon="9.77271"><ele>995.9</ele></trkpt><trkpt lat="45.798135" lon="9.772655"><ele>994.1</ele></trkpt><trkpt lat="45.79831" lon="9.772573"><ele>993.5</ele></trkpt><trkpt lat="45.798611" lon="9.772374"><ele>991.8</ele></trkpt><trkpt lat="45.798979" lon="9.772229"><ele>992.1</ele></trkpt><trkpt lat="45.79923" lon="9.772093"><ele>998</ele></trkpt><trkpt lat="45.799855" lon="9.771469"><ele>999.3</ele></trkpt><trkpt lat="45.799964" lon="9.771331"><ele>1000.9</ele></trkpt><trkpt lat="45.800025" lon="9.771154"><ele>1002.7</ele></trkpt><trkpt lat="45.800051" lon="9.770841"><ele>1006</ele></trkpt><trkpt lat="45.800071" lon="9.770789"><ele>1002</ele></trkpt><trkpt lat="45.800207" lon="9.770599"><ele>1000</ele></trkpt><trkpt lat="45.80043" lon="9.770337"><ele>1000</ele></trkpt><trkpt lat="45.800938" lon="9.769774"><ele>1003.7</ele></trkpt><trkpt lat="45.801198" lon="9.769454"><ele>1003.7</ele></trkpt><trkpt lat="45.801353" lon="9.769188"><ele>1003.9</ele></trkpt><trkpt lat="45.801393" lon="9.769056"><ele>1004</ele></trkpt><trkpt lat="45.801406" lon="9.768903"><ele>1004.3</ele></trkpt><trkpt lat="45.801385" lon="9.768543"><ele>1006</ele></trkpt><trkpt lat="45.801379" lon="9.768376"><ele>1006</ele></trkpt><trkpt lat="45.801438" lon="9.768175"><ele>1008</ele></trkpt><trkpt lat="45.801489" lon="9.76812"><ele>1008.8</ele></trkpt><trkpt lat="45.801596" lon="9.768059"><ele>1009</ele></trkpt><trkpt lat="45.801752" lon="9.768112"><ele>1009.2</ele></trkpt><trkpt lat="45.801929" lon="9.768133"><ele>1010</ele></trkpt><trkpt lat="45.802034" lon="9.768094"><ele>1010</ele></trkpt><trkpt lat="45.80212" lon="9.767927"><ele>987.9</ele></trkpt><trkpt lat="45.80217" lon="9.767435"><ele>978.6</ele></trkpt><trkpt lat="45.802253" lon="9.767075"><ele>978.3</ele></trkpt><trkpt lat="45.802479" lon="9.766324"><ele>974.2</ele></trkpt><trkpt lat="45.802556" lon="9.766189"><ele>973.6</ele></trkpt><trkpt lat="45.802553" lon="9.766009"><ele>971</ele></trkpt><trkpt lat="45.802497" lon="9.765853"><ele>965.1</ele></trkpt><trkpt lat="45.802508" lon="9.765468"><ele>962.8</ele></trkpt><trkpt lat="45.802613" lon="9.765256"><ele>957.7</ele></trkpt><trkpt lat="45.802683" lon="9.765157"><ele>953.4</ele></trkpt><trkpt lat="45.802912" lon="9.765037"><ele>949.3</ele></trkpt><trkpt lat="45.803022" lon="9.764931"><ele>947.7</ele></trkpt><trkpt lat="45.803094" lon="9.764681"><ele>945.9</ele></trkpt><trkpt lat="45.803112" lon="9.764141"><ele>940.4</ele></trkpt><trkpt lat="45.803255" lon="9.763824"><ele>937.2</ele></trkpt><trkpt lat="45.803244" lon="9.763634"><ele>937</ele></trkpt><trkpt lat="45.803193" lon="9.763466"><ele>936.2</ele></trkpt><trkpt lat="45.803212" lon="9.763198"><ele>935</ele></trkpt><trkpt lat="45.803283" lon="9.762992"><ele>935</ele></trkpt><trkpt lat="45.803368" lon="9.762843"><ele>934.5</ele></trkpt><trkpt lat="45.803686" lon="9.762596"><ele>932.9</ele></trkpt><trkpt lat="45.803742" lon="9.76249"><ele>931.5</ele></trkpt><trkpt lat="45.80375" lon="9.762277"><ele>931.2</ele></trkpt><trkpt lat="45.803797" lon="9.762057"><ele>929.8</ele></trkpt><trkpt lat="45.803834" lon="9.76195"><ele>929.5</ele></trkpt><trkpt lat="45.804313" lon="9.761136"><ele>927.6</ele></trkpt><trkpt lat="45.804647" lon="9.760636"><ele>924.9</ele></trkpt><trkpt lat="45.804887" lon="9.760329"><ele>924.7</ele></trkpt><trkpt lat="45.805068" lon="9.759931"><ele>924.8</ele></trkpt><trkpt lat="45.805301" lon="9.759538"><ele>928.3</ele></trkpt><trkpt lat="45.805543" lon="9.759316"><ele>929.7</ele></trkpt><trkpt lat="45.805722" lon="9.759184"><ele>932.4</ele></trkpt><trkpt lat="45.8059" lon="9.759145"><ele>933.5</ele></trkpt><trkpt lat="45.806156" lon="9.759149"><ele>936</ele></trkpt><trkpt lat="45.806335" lon="9.759252"><ele>937</ele></trkpt><trkpt lat="45.80645" lon="9.759343"><ele>936.4</ele></trkpt><trkpt lat="45.806818" lon="9.759721"><ele>938.3</ele></trkpt><trkpt lat="45.806958" lon="9.759719"><ele>938.4</ele></trkpt><trkpt lat="45.807175" lon="9.759602"><ele>941.5</ele></trkpt><trkpt lat="45.807313" lon="9.759627"><ele>942.1</ele></trkpt><trkpt lat="45.807741" lon="9.760001"><ele>945.6</ele></trkpt><trkpt lat="45.807925" lon="9.760235"><ele>944.7</ele></trkpt><trkpt lat="45.808148" lon="9.760881"><ele>944.3</ele></trkpt><trkpt lat="45.808374" lon="9.761103"><ele>941.4</ele></trkpt><trkpt lat="45.80871" lon="9.761233"><ele>936</ele></trkpt><trkpt lat="45.808823" lon="9.761252"><ele>929.7</ele></trkpt><trkpt lat="45.809" lon="9.761214"><ele>922.7</ele></trkpt><trkpt lat="45.809278" lon="9.760955"><ele>918.1</ele></trkpt><trkpt lat="45.80978" lon="9.760342"><ele>905.4</ele></trkpt><trkpt lat="45.80983" lon="9.76008"><ele>903.7</ele></trkpt><trkpt lat="45.810206" lon="9.759422"><ele>901.6</ele></trkpt><trkpt lat="45.810491" lon="9.758846"><ele>901.7</ele></trkpt><trkpt lat="45.810583" lon="9.75872"><ele>903.8</ele></trkpt><trkpt lat="45.810724" lon="9.758741"><ele>906.6</ele></trkpt><trkpt lat="45.810885" lon="9.759028"><ele>912.1</ele></trkpt><trkpt lat="45.811008" lon="9.759325"><ele>912</ele></trkpt><trkpt lat="45.811111" lon="9.759895"><ele>914.9</ele></trkpt><trkpt lat="45.81135" lon="9.760816"><ele>942.6</ele></trkpt><trkpt lat="45.811434" lon="9.761807"><ele>946.9</ele></trkpt><trkpt lat="45.811589" lon="9.76252"><ele>939.1</ele></trkpt><trkpt lat="45.81203" lon="9.762724"><ele>931</ele></trkpt><trkpt lat="45.812125" lon="9.7629"><ele>927.5</ele></trkpt><trkpt lat="45.81225" lon="9.763189"><ele>922.8</ele></trkpt><trkpt lat="45.812267" lon="9.763372"><ele>920.6</ele></trkpt><trkpt lat="45.812314" lon="9.763538"><ele>918.5</ele></trkpt><trkpt lat="45.812409" lon="9.763623"><ele>916.4</ele></trkpt><trkpt lat="45.812609" lon="9.763645"><ele>914.5</ele></trkpt><trkpt lat="45.812833" lon="9.763584"><ele>906.5</ele></trkpt><trkpt lat="45.813242" lon="9.763343"><ele>897.5</ele></trkpt><trkpt lat="45.81339" lon="9.763188"><ele>894.6</ele></trkpt><trkpt lat="45.813497" lon="9.763029"><ele>893.5</ele></trkpt><trkpt lat="45.813722" lon="9.762538"><ele>871.4</ele></trkpt><trkpt lat="45.813821" lon="9.762418"><ele>870.8</ele></trkpt><trkpt lat="45.813977" lon="9.762283"><ele>869.4</ele></trkpt><trkpt lat="45.814073" lon="9.762149"><ele>871.4</ele></trkpt><trkpt lat="45.814646" lon="9.761517"><ele>864.4</ele></trkpt><trkpt lat="45.814721" lon="9.761447"><ele>865.6</ele></trkpt><trkpt lat="45.814806" lon="9.761403"><ele>856</ele></trkpt><trkpt lat="45.815334" lon="9.761117"><ele>869.5</ele></trkpt><trkpt lat="45.815464" lon="9.761137"><ele>871.4</ele></trkpt><trkpt lat="45.815879" lon="9.761259"><ele>873.2</ele></trkpt><trkpt lat="45.816017" lon="9.761344"><ele>873.8</ele></trkpt><trkpt lat="45.816214" lon="9.761523"><ele>876.1</ele></trkpt><trkpt lat="45.816449" lon="9.761759"><ele>878</ele></trkpt><trkpt lat="45.816664" lon="9.762042"><ele>891</ele></trkpt><trkpt lat="45.816787" lon="9.762224"><ele>869.1</ele></trkpt><trkpt lat="45.816881" lon="9.762479"><ele>870.6</ele></trkpt><trkpt lat="45.816949" lon="9.762603"><ele>872.4</ele></trkpt><trkpt lat="45.817024" lon="9.762693"><ele>871.2</ele></trkpt><trkpt lat="45.817108" lon="9.762713"><ele>870</ele></trkpt><trkpt lat="45.817201" lon="9.762685"><ele>868.7</ele></trkpt><trkpt lat="45.817301" lon="9.762538"><ele>864.7</ele></trkpt><trkpt lat="45.817382" lon="9.762367"><ele>862.2</ele></trkpt><trkpt lat="45.817426" lon="9.762189"><ele>860.9</ele></trkpt><trkpt lat="45.81743" lon="9.762029"><ele>859.7</ele></trkpt><trkpt lat="45.817385" lon="9.761694"><ele>856.5</ele></trkpt><trkpt lat="45.817399" lon="9.761495"><ele>855.1</ele></trkpt><trkpt lat="45.817549" lon="9.760814"><ele>847.2</ele></trkpt><trkpt lat="45.817609" lon="9.760724"><ele>847.4</ele></trkpt><trkpt lat="45.817789" lon="9.760559"><ele>845.7</ele></trkpt><trkpt lat="45.817902" lon="9.760415"><ele>844</ele></trkpt><trkpt lat="45.817935" lon="9.760266"><ele>842.3</ele></trkpt><trkpt lat="45.817867" lon="9.75995"><ele>839.4</ele></trkpt><trkpt lat="45.817794" lon="9.759748"><ele>836.9</ele></trkpt><trkpt lat="45.817775" lon="9.759523"><ele>835.3</ele></trkpt><trkpt lat="45.817892" lon="9.758968"><ele>830.2</ele></trkpt><trkpt lat="45.817948" lon="9.758802"><ele>828.7</ele></trkpt><trkpt lat="45.818123" lon="9.758494"><ele>827.5</ele></trkpt><trkpt lat="45.818213" lon="9.758047"><ele>825.5</ele></trkpt><trkpt lat="45.818161" lon="9.75765"><ele>824.6</ele></trkpt><trkpt lat="45.818162" lon="9.757512"><ele>824.9</ele></trkpt><trkpt lat="45.818197" lon="9.757436"><ele>824.7</ele></trkpt><trkpt lat="45.818252" lon="9.757386"><ele>815</ele></trkpt><trkpt lat="45.818735" lon="9.75702"><ele>839</ele></trkpt><trkpt lat="45.818874" lon="9.756883"><ele>837</ele></trkpt><trkpt lat="45.818962" lon="9.756824"><ele>847</ele></trkpt><trkpt lat="45.819252" lon="9.756632"><ele>846.3</ele></trkpt><trkpt lat="45.819603" lon="9.756477"><ele>846.3</ele></trkpt><trkpt lat="45.81989" lon="9.756396"><ele>846</ele></trkpt><trkpt lat="45.820554" lon="9.756213"><ele>866.7</ele></trkpt><trkpt lat="45.820795" lon="9.756229"><ele>870.8</ele></trkpt><trkpt lat="45.82126" lon="9.756565"><ele>876.6</ele></trkpt><trkpt lat="45.821939" lon="9.756964"><ele>897.5</ele></trkpt><trkpt lat="45.822559" lon="9.757509"><ele>907.2</ele></trkpt><trkpt lat="45.822798" lon="9.75782"><ele>907.9</ele></trkpt><trkpt lat="45.822965" lon="9.758141"><ele>908</ele></trkpt><trkpt lat="45.823032" lon="9.758217"><ele>908.3</ele></trkpt><trkpt lat="45.823086" lon="9.758239"><ele>907.6</ele></trkpt><trkpt lat="45.823162" lon="9.758219"><ele>907.2</ele></trkpt><trkpt lat="45.823246" lon="9.758165"><ele>906.8</ele></trkpt><trkpt lat="45.823309" lon="9.75807"><ele>905.7</ele></trkpt><trkpt lat="45.823348" lon="9.757953"><ele>905.3</ele></trkpt><trkpt lat="45.82336" lon="9.757837"><ele>904.4</ele></trkpt><trkpt lat="45.823357" lon="9.756724"><ele>900.6</ele></trkpt><trkpt lat="45.823469" lon="9.756208"><ele>896.4</ele></trkpt><trkpt lat="45.823507" lon="9.755906"><ele>894.9</ele></trkpt><trkpt lat="45.823525" lon="9.75549"><ele>895.2</ele></trkpt><trkpt lat="45.823556" lon="9.755232"><ele>895.7</ele></trkpt><trkpt lat="45.823563" lon="9.755096"><ele>895.5</ele></trkpt><trkpt lat="45.823527" lon="9.754789"><ele>894.9</ele></trkpt><trkpt lat="45.823524" lon="9.754642"><ele>894.6</ele></trkpt><trkpt lat="45.823541" lon="9.753762"><ele>894.6</ele></trkpt><trkpt lat="45.8235" lon="9.753405"><ele>894</ele></trkpt><trkpt lat="45.823499" lon="9.753271"><ele>893.6</ele></trkpt><trkpt lat="45.823515" lon="9.753141"><ele>893.5</ele></trkpt><trkpt lat="45.823572" lon="9.753002"><ele>893.6</ele></trkpt><trkpt lat="45.823643" lon="9.752926"><ele>892.7</ele></trkpt><trkpt lat="45.823804" lon="9.752844"><ele>892.5</ele></trkpt><trkpt lat="45.824856" lon="9.752372"><ele>891.4</ele></trkpt><trkpt lat="45.825375" lon="9.752041"><ele>895.9</ele></trkpt><trkpt lat="45.825743" lon="9.751944"><ele>896.3</ele></trkpt><trkpt lat="45.826383" lon="9.751737"><ele>905</ele></trkpt><trkpt lat="45.827038" lon="9.751427"><ele>890.8</ele></trkpt><trkpt lat="45.827257" lon="9.751376"><ele>892.4</ele></trkpt><trkpt lat="45.827749" lon="9.751339"><ele>888.7</ele></trkpt><trkpt lat="45.827932" lon="9.751303"><ele>888.5</ele></trkpt><trkpt lat="45.828038" lon="9.75126"><ele>888.2</ele></trkpt><trkpt lat="45.828504" lon="9.750874"><ele>886.2</ele></trkpt><trkpt lat="45.828843" lon="9.750513"><ele>900</ele></trkpt><trkpt lat="45.828961" lon="9.750461"><ele>876</ele></trkpt><trkpt lat="45.829116" lon="9.750469"><ele>868</ele></trkpt><trkpt lat="45.829241" lon="9.750537"><ele>880.9</ele></trkpt><trkpt lat="45.830097" lon="9.751304"><ele>879.7</ele></trkpt><trkpt lat="45.830536" lon="9.752028"><ele>882.6</ele></trkpt><trkpt lat="45.830963" lon="9.751925"><ele>874.4</ele></trkpt><trkpt lat="45.831236" lon="9.751949"><ele>874.1</ele></trkpt><trkpt lat="45.831865" lon="9.751628"><ele>859.7</ele></trkpt><trkpt lat="45.832005" lon="9.751635"><ele>858.6</ele></trkpt><trkpt lat="45.832877" lon="9.751934"><ele>852.1</ele></trkpt><trkpt lat="45.833157" lon="9.751888"><ele>851.7</ele></trkpt><trkpt lat="45.833563" lon="9.75171"><ele>849.1</ele></trkpt><trkpt lat="45.833881" lon="9.751642"><ele>842.6</ele></trkpt><trkpt lat="45.834416" lon="9.751309"><ele>836.2</ele></trkpt><trkpt lat="45.834705" lon="9.751376"><ele>832</ele></trkpt><trkpt lat="45.835014" lon="9.751279"><ele>829.4</ele></trkpt><trkpt lat="45.835183" lon="9.751317"><ele>829.4</ele></trkpt><trkpt lat="45.835638" lon="9.751723"><ele>830.2</ele></trkpt><trkpt lat="45.835782" lon="9.751768"><ele>832.1</ele></trkpt><trkpt lat="45.835958" lon="9.75178"><ele>831.4</ele></trkpt><trkpt lat="45.836245" lon="9.751682"><ele>830.9</ele></trkpt><trkpt lat="45.836388" lon="9.751686"><ele>831.6</ele></trkpt><trkpt lat="45.836687" lon="9.751741"><ele>828.2</ele></trkpt><trkpt lat="45.836982" lon="9.75163"><ele>824.7</ele></trkpt><trkpt lat="45.837129" lon="9.751635"><ele>818.7</ele></trkpt><trkpt lat="45.83757" lon="9.75173"><ele>815.6</ele></trkpt><trkpt lat="45.83779" lon="9.751651"><ele>809.3</ele></trkpt><trkpt lat="45.837939" lon="9.751628"><ele>808.4</ele></trkpt><trkpt lat="45.838489" lon="9.751739"><ele>804.5</ele></trkpt><trkpt lat="45.839032" lon="9.751892"><ele>803.9</ele></trkpt><trkpt lat="45.839293" lon="9.751892"><ele>805.9</ele></trkpt><trkpt lat="45.839381" lon="9.751841"><ele>806.2</ele></trkpt><trkpt lat="45.839445" lon="9.751779"><ele>808</ele></trkpt><trkpt lat="45.839509" lon="9.751623"><ele>799.8</ele></trkpt><trkpt lat="45.839538" lon="9.751394"><ele>797</ele></trkpt><trkpt lat="45.83955" lon="9.750834"><ele>791.5</ele></trkpt><trkpt lat="45.839576" lon="9.750729"><ele>791.1</ele></trkpt><trkpt lat="45.839628" lon="9.750631"><ele>790.7</ele></trkpt><trkpt lat="45.839698" lon="9.750558"><ele>790.4</ele></trkpt><trkpt lat="45.839787" lon="9.750517"><ele>790.1</ele></trkpt><trkpt lat="45.840094" lon="9.750506"><ele>789.7</ele></trkpt><trkpt lat="45.840613" lon="9.750533"><ele>789.6</ele></trkpt><trkpt lat="45.840713" lon="9.750493"><ele>789.4</ele></trkpt><trkpt lat="45.841" lon="9.750272"><ele>790.9</ele></trkpt><trkpt lat="45.842041" lon="9.750051"><ele>795.7</ele></trkpt><trkpt lat="45.842574" lon="9.74981"><ele>793.8</ele></trkpt><trkpt lat="45.842685" lon="9.749787"><ele>793.1</ele></trkpt><trkpt lat="45.842763" lon="9.749786"><ele>793</ele></trkpt><trkpt lat="45.842888" lon="9.749819"><ele>792.6</ele></trkpt><trkpt lat="45.843123" lon="9.749909"><ele>792.5</ele></trkpt><trkpt lat="45.843221" lon="9.749882"><ele>792.2</ele></trkpt><trkpt lat="45.843328" lon="9.74972"><ele>792.2</ele></trkpt><trkpt lat="45.843646" lon="9.748916"><ele>790.3</ele></trkpt><trkpt lat="45.843741" lon="9.748783"><ele>789.9</ele></trkpt><trkpt lat="45.843821" lon="9.748758"><ele>789.6</ele></trkpt><trkpt lat="45.84394" lon="9.748773"><ele>788.6</ele></trkpt><trkpt lat="45.844309" lon="9.748961"><ele>787.3</ele></trkpt><trkpt lat="45.844942" lon="9.749441"><ele>786.8</ele></trkpt><trkpt lat="45.84527" lon="9.749466"><ele>784.5</ele></trkpt><trkpt lat="45.845366" lon="9.749499"><ele>784.6</ele></trkpt><trkpt lat="45.845908" lon="9.749772"><ele>783.8</ele></trkpt><trkpt lat="45.845994" lon="9.749785"><ele>783.6</ele></trkpt><trkpt lat="45.846071" lon="9.749766"><ele>783.4</ele></trkpt><trkpt lat="45.846165" lon="9.749691"><ele>783.2</ele></trkpt><trkpt lat="45.846247" lon="9.74958"><ele>783.1</ele></trkpt><trkpt lat="45.846381" lon="9.749332"><ele>781</ele></trkpt><trkpt lat="45.846425" lon="9.749206"><ele>781</ele></trkpt><trkpt lat="45.846443" lon="9.749081"><ele>769</ele></trkpt><trkpt lat="45.846454" lon="9.748976"><ele>769</ele></trkpt><trkpt lat="45.846446" lon="9.748801"><ele>769</ele></trkpt><trkpt lat="45.846354" lon="9.748436"><ele>769</ele></trkpt><trkpt lat="45.846314" lon="9.748231"><ele>766.8</ele></trkpt><trkpt lat="45.846323" lon="9.748131"><ele>766.6</ele></trkpt><trkpt lat="45.846352" lon="9.74806"><ele>766.3</ele></trkpt><trkpt lat="45.846394" lon="9.748035"><ele>765</ele></trkpt><trkpt lat="45.84648" lon="9.748074"><ele>786</ele></trkpt><trkpt lat="45.847047" lon="9.748774"><ele>791</ele></trkpt><trkpt lat="45.84719" lon="9.748963"><ele>791</ele></trkpt><trkpt lat="45.847214" lon="9.749039"><ele>791.1</ele></trkpt><trkpt lat="45.847217" lon="9.749107"><ele>791.1</ele></trkpt><trkpt lat="45.847189" lon="9.749205"><ele>791.2</ele></trkpt><trkpt lat="45.846935" lon="9.749534"><ele>791.4</ele></trkpt><trkpt lat="45.846903" lon="9.74965"><ele>791.5</ele></trkpt><trkpt lat="45.846905" lon="9.749728"><ele>791.5</ele></trkpt><trkpt lat="45.846922" lon="9.749807"><ele>791.6</ele></trkpt><trkpt lat="45.846963" lon="9.749885"><ele>795.3</ele></trkpt><trkpt lat="45.847133" lon="9.750092"><ele>795.6</ele></trkpt><trkpt lat="45.847194" lon="9.750134"><ele>796</ele></trkpt><trkpt lat="45.847253" lon="9.750145"><ele>796.3</ele></trkpt><trkpt lat="45.84741" lon="9.750108"><ele>796.9</ele></trkpt><trkpt lat="45.847506" lon="9.750058"><ele>797.8</ele></trkpt><trkpt lat="45.847583" lon="9.749989"><ele>798.8</ele></trkpt><trkpt lat="45.847627" lon="9.749919"><ele>819</ele></trkpt><trkpt lat="45.847678" lon="9.74978"><ele>819.3</ele></trkpt><trkpt lat="45.847684" lon="9.749658"><ele>819.3</ele></trkpt><trkpt lat="45.847548" lon="9.74869"><ele>819.4</ele></trkpt><trkpt lat="45.84758" lon="9.74857"><ele>819.5</ele></trkpt><trkpt lat="45.847625" lon="9.748506"><ele>820</ele></trkpt><trkpt lat="45.847795" lon="9.748355"><ele>819.5</ele></trkpt><trkpt lat="45.847902" lon="9.748233"><ele>819.4</ele></trkpt><trkpt lat="45.84828" lon="9.7476"><ele>819</ele></trkpt><trkpt lat="45.848461" lon="9.747439"><ele>827.9</ele></trkpt><trkpt lat="45.848695" lon="9.74727"><ele>832</ele></trkpt><trkpt lat="45.848901" lon="9.747123"><ele>832</ele></trkpt><trkpt lat="45.849007" lon="9.746991"><ele>832.2</ele></trkpt><trkpt lat="45.849287" lon="9.745992"><ele>833.2</ele></trkpt><trkpt lat="45.849379" lon="9.745893"><ele>834.8</ele></trkpt><trkpt lat="45.849566" lon="9.745813"><ele>824</ele></trkpt><trkpt lat="45.84989" lon="9.745738"><ele>828.8</ele></trkpt><trkpt lat="45.850046" lon="9.745741"><ele>843</ele></trkpt><trkpt lat="45.850377" lon="9.745753"><ele>843</ele></trkpt><trkpt lat="45.850509" lon="9.745705"><ele>843</ele></trkpt><trkpt lat="45.850574" lon="9.745609"><ele>842.8</ele></trkpt><trkpt lat="45.850623" lon="9.745479"><ele>842.7</ele></trkpt><trkpt lat="45.850642" lon="9.745372"><ele>842.7</ele></trkpt><trkpt lat="45.85064" lon="9.745266"><ele>842.8</ele></trkpt><trkpt lat="45.850624" lon="9.74516"><ele>842.8</ele></trkpt><trkpt lat="45.850572" lon="9.745034"><ele>842.8</ele></trkpt><trkpt lat="45.850447" lon="9.744823"><ele>842.8</ele></trkpt><trkpt lat="45.850423" lon="9.74472"><ele>842.8</ele></trkpt><trkpt lat="45.850443" lon="9.744574"><ele>842.8</ele></trkpt><trkpt lat="45.850818" lon="9.743564"><ele>841</ele></trkpt><trkpt lat="45.850856" lon="9.743472"><ele>855.8</ele></trkpt><trkpt lat="45.850943" lon="9.743332"><ele>856.3</ele></trkpt><trkpt lat="45.851299" lon="9.743018"><ele>856.7</ele></trkpt><trkpt lat="45.852076" lon="9.742259"><ele>862.1</ele></trkpt><trkpt lat="45.852453" lon="9.74184"><ele>872</ele></trkpt><trkpt lat="45.852579" lon="9.741684"><ele>877</ele></trkpt><trkpt lat="45.852659" lon="9.741535"><ele>869</ele></trkpt><trkpt lat="45.852671" lon="9.741512"><ele>869</ele></trkpt><trkpt lat="45.852751" lon="9.74141"><ele>869</ele></trkpt><trkpt lat="45.852942" lon="9.741173"><ele>869</ele></trkpt><trkpt lat="45.853091" lon="9.740995"><ele>862.9</ele></trkpt><trkpt lat="45.853253" lon="9.740858"><ele>863.8</ele></trkpt><trkpt lat="45.853327" lon="9.740839"><ele>864.3</ele></trkpt><trkpt lat="45.85375" lon="9.740851"><ele>862.6</ele></trkpt><trkpt lat="45.853851" lon="9.740777"><ele>860</ele></trkpt><trkpt lat="45.85452" lon="9.739358"><ele>838.4</ele></trkpt><trkpt lat="45.854737" lon="9.738995"><ele>827</ele></trkpt><trkpt lat="45.854838" lon="9.738924"><ele>825.4</ele></trkpt><trkpt lat="45.854959" lon="9.738899"><ele>824</ele></trkpt><trkpt lat="45.855517" lon="9.739129"><ele>823.2</ele></trkpt><trkpt lat="45.85578" lon="9.738984"><ele>825</ele></trkpt><trkpt lat="45.855956" lon="9.738767"><ele>827.2</ele></trkpt><trkpt lat="45.857043" lon="9.736837"><ele>824</ele></trkpt><trkpt lat="45.857342" lon="9.736456"><ele>810.5</ele></trkpt><trkpt lat="45.857401" lon="9.736413"><ele>805</ele></trkpt><trkpt lat="45.85769" lon="9.7362"><ele>824</ele></trkpt><trkpt lat="45.858342" lon="9.73572"><ele>825.5</ele></trkpt><trkpt lat="45.858473" lon="9.735555"><ele>825.6</ele></trkpt><trkpt lat="45.858592" lon="9.735323"><ele>825.7</ele></trkpt><trkpt lat="45.858741" lon="9.735089"><ele>825.9</ele></trkpt><trkpt lat="45.858841" lon="9.734981"><ele>825.4</ele></trkpt><trkpt lat="45.859059" lon="9.734801"><ele>824.7</ele></trkpt><trkpt lat="45.859467" lon="9.734572"><ele>825</ele></trkpt><trkpt lat="45.860184" lon="9.734202"><ele>817.1</ele></trkpt><trkpt lat="45.860856" lon="9.73403"><ele>809.5</ele></trkpt><trkpt lat="45.86097" lon="9.733964"><ele>809.4</ele></trkpt><trkpt lat="45.861607" lon="9.733362"><ele>807.2</ele></trkpt><trkpt lat="45.861702" lon="9.733312"><ele>807.1</ele></trkpt><trkpt lat="45.862036" lon="9.733233"><ele>807.8</ele></trkpt><trkpt lat="45.86215" lon="9.733139"><ele>807.2</ele></trkpt><trkpt lat="45.862595" lon="9.732628"><ele>808.1</ele></trkpt><trkpt lat="45.862715" lon="9.73255"><ele>808.3</ele></trkpt><trkpt lat="45.862922" lon="9.732504"><ele>808.6</ele></trkpt><trkpt lat="45.863699" lon="9.731809"><ele>803.8</ele></trkpt><trkpt lat="45.863833" lon="9.731733"><ele>800</ele></trkpt><trkpt lat="45.864064" lon="9.731649"><ele>794.6</ele></trkpt><trkpt lat="45.864592" lon="9.731509"><ele>789.8</ele></trkpt><trkpt lat="45.864784" lon="9.731431"><ele>789.6</ele></trkpt><trkpt lat="45.865098" lon="9.731117"><ele>786.9</ele></trkpt><trkpt lat="45.865709" lon="9.730798"><ele>773</ele></trkpt><trkpt lat="45.86595" lon="9.730657"><ele>776.8</ele></trkpt><trkpt lat="45.866113" lon="9.730538"><ele>776.9</ele></trkpt><trkpt lat="45.866233" lon="9.730363"><ele>777.1</ele></trkpt><trkpt lat="45.8663" lon="9.73023"><ele>777.2</ele></trkpt><trkpt lat="45.866326" lon="9.730099"><ele>778</ele></trkpt><trkpt lat="45.866666" lon="9.729964"><ele>772</ele></trkpt><trkpt lat="45.866781" lon="9.729968"><ele>773.7</ele></trkpt><trkpt lat="45.866886" lon="9.729993"><ele>774.7</ele></trkpt><trkpt lat="45.866948" lon="9.73003"><ele>786</ele></trkpt><trkpt lat="45.867393" lon="9.730411"><ele>784.2</ele></trkpt><trkpt lat="45.867513" lon="9.730466"><ele>783.9</ele></trkpt><trkpt lat="45.867698" lon="9.730481"><ele>784.1</ele></trkpt><trkpt lat="45.868242" lon="9.730448"><ele>784.3</ele></trkpt><trkpt lat="45.868388" lon="9.730491"><ele>786</ele></trkpt><trkpt lat="45.869102" lon="9.730945"><ele>802</ele></trkpt><trkpt lat="45.869852" lon="9.731442"><ele>803.2</ele></trkpt><trkpt lat="45.870006" lon="9.731499"><ele>805</ele></trkpt><trkpt lat="45.870068" lon="9.731501"><ele>806.1</ele></trkpt><trkpt lat="45.870153" lon="9.731472"><ele>806.3</ele></trkpt><trkpt lat="45.870748" lon="9.731099"><ele>807</ele></trkpt><trkpt lat="45.870835" lon="9.73107"><ele>814</ele></trkpt><trkpt lat="45.871053" lon="9.731029"><ele>814</ele></trkpt><trkpt lat="45.871574" lon="9.730824"><ele>803</ele></trkpt><trkpt lat="45.87178" lon="9.730733"><ele>806.3</ele></trkpt><trkpt lat="45.871876" lon="9.730713"><ele>808</ele></trkpt><trkpt lat="45.871974" lon="9.730721"><ele>816.1</ele></trkpt><trkpt lat="45.872058" lon="9.730766"><ele>817.1</ele></trkpt><trkpt lat="45.872267" lon="9.730941"><ele>818.2</ele></trkpt><trkpt lat="45.872334" lon="9.730972"><ele>818.1</ele></trkpt><trkpt lat="45.872536" lon="9.730998"><ele>829</ele></trkpt><trkpt lat="45.872855" lon="9.73098"><ele>829</ele></trkpt><trkpt lat="45.873388" lon="9.730821"><ele>819</ele></trkpt><trkpt lat="45.873838" lon="9.730689"><ele>819</ele></trkpt><trkpt lat="45.874533" lon="9.730459"><ele>824</ele></trkpt><trkpt lat="45.874616" lon="9.730435"><ele>824</ele></trkpt><trkpt lat="45.875406" lon="9.730207"><ele>827</ele></trkpt><trkpt lat="45.875456" lon="9.730191"><ele>827</ele></trkpt><trkpt lat="45.875654" lon="9.730134"><ele>827</ele></trkpt><trkpt lat="45.87617" lon="9.730025"><ele>829.2</ele></trkpt><trkpt lat="45.87632" lon="9.730083"><ele>829.6</ele></trkpt><trkpt lat="45.87642" lon="9.730192"><ele>831.2</ele></trkpt><trkpt lat="45.876791" lon="9.730722"><ele>833</ele></trkpt><trkpt lat="45.876844" lon="9.730828"><ele>833.5</ele></trkpt><trkpt lat="45.876879" lon="9.730943"><ele>834.1</ele></trkpt><trkpt lat="45.876982" lon="9.731466"><ele>834.8</ele></trkpt><trkpt lat="45.877069" lon="9.732269"><ele>848</ele></trkpt><trkpt lat="45.877196" lon="9.732862"><ele>855</ele></trkpt><trkpt lat="45.877484" lon="9.734039"><ele>864</ele></trkpt><trkpt lat="45.877559" lon="9.734152"><ele>861.9</ele></trkpt><trkpt lat="45.877649" lon="9.734242"><ele>860</ele></trkpt><trkpt lat="45.877754" lon="9.734279"><ele>860</ele></trkpt><trkpt lat="45.877837" lon="9.734275"><ele>860</ele></trkpt><trkpt lat="45.877986" lon="9.734213"><ele>860</ele></trkpt><trkpt lat="45.878054" lon="9.73415"><ele>855</ele></trkpt><trkpt lat="45.878076" lon="9.734124"><ele>855</ele></trkpt><trkpt lat="45.878298" lon="9.733872"><ele>855</ele></trkpt><trkpt lat="45.87853" lon="9.733621"><ele>861</ele></trkpt><trkpt lat="45.878855" lon="9.733304"><ele>854</ele></trkpt><trkpt lat="45.87892" lon="9.733261"><ele>860.8</ele></trkpt><trkpt lat="45.878995" lon="9.733263"><ele>860.1</ele></trkpt><trkpt lat="45.879039" lon="9.73331"><ele>860.6</ele></trkpt><trkpt lat="45.879067" lon="9.733378"><ele>862.3</ele></trkpt><trkpt lat="45.879076" lon="9.733495"><ele>863.4</ele></trkpt><trkpt lat="45.879043" lon="9.73358"><ele>865.2</ele></trkpt><trkpt lat="45.878623" lon="9.734137"><ele>866.9</ele></trkpt><trkpt lat="45.878484" lon="9.734466"><ele>867.2</ele></trkpt><trkpt lat="45.878406" lon="9.734798"><ele>867.3</ele></trkpt><trkpt lat="45.878415" lon="9.735031"><ele>869.8</ele></trkpt><trkpt lat="45.878448" lon="9.735177"><ele>870.5</ele></trkpt><trkpt lat="45.87852" lon="9.735302"><ele>870.7</ele></trkpt><trkpt lat="45.878615" lon="9.735396"><ele>870.2</ele></trkpt><trkpt lat="45.878875" lon="9.735527"><ele>870.1</ele></trkpt><trkpt lat="45.879023" lon="9.735524"><ele>876</ele></trkpt><trkpt lat="45.87948" lon="9.735335"><ele>880.9</ele></trkpt><trkpt lat="45.879638" lon="9.735251"><ele>879.7</ele></trkpt><trkpt lat="45.879768" lon="9.735105"><ele>879.6</ele></trkpt><trkpt lat="45.879907" lon="9.734889"><ele>879.6</ele></trkpt><trkpt lat="45.879947" lon="9.734804"><ele>879.6</ele></trkpt><trkpt lat="45.879974" lon="9.734622"><ele>879.6</ele></trkpt><trkpt lat="45.879911" lon="9.734028"><ele>880.2</ele></trkpt><trkpt lat="45.879922" lon="9.733909"><ele>880.8</ele></trkpt><trkpt lat="45.879964" lon="9.733781"><ele>881.5</ele></trkpt><trkpt lat="45.880033" lon="9.733686"><ele>882.1</ele></trkpt><trkpt lat="45.880319" lon="9.733497"><ele>881.8</ele></trkpt><trkpt lat="45.88037" lon="9.733451"><ele>881.5</ele></trkpt><trkpt lat="45.880414" lon="9.733377"><ele>881.2</ele></trkpt><trkpt lat="45.880614" lon="9.732697"><ele>882.9</ele></trkpt><trkpt lat="45.880636" lon="9.732572"><ele>883.2</ele></trkpt><trkpt lat="45.88064" lon="9.73183"><ele>886</ele></trkpt><trkpt lat="45.880668" lon="9.731696"><ele>886.4</ele></trkpt><trkpt lat="45.881022" lon="9.730997"><ele>895.1</ele></trkpt><trkpt lat="45.881498" lon="9.730416"><ele>899.1</ele></trkpt><trkpt lat="45.881598" lon="9.730266"><ele>904</ele></trkpt><trkpt lat="45.881667" lon="9.730252"><ele>907.3</ele></trkpt><trkpt lat="45.881708" lon="9.730289"><ele>920</ele></trkpt><trkpt lat="45.881732" lon="9.730354"><ele>912.4</ele></trkpt><trkpt lat="45.881728" lon="9.730441"><ele>911.9</ele></trkpt><trkpt lat="45.881698" lon="9.730503"><ele>911.3</ele></trkpt><trkpt lat="45.881555" lon="9.730608"><ele>912.5</ele></trkpt><trkpt lat="45.881313" lon="9.730878"><ele>913.7</ele></trkpt><trkpt lat="45.881165" lon="9.731139"><ele>914.2</ele></trkpt><trkpt lat="45.88113" lon="9.731247"><ele>914.4</ele></trkpt><trkpt lat="45.881119" lon="9.731409"><ele>914.7</ele></trkpt><trkpt lat="45.881203" lon="9.732037"><ele>916.1</ele></trkpt><trkpt lat="45.881186" lon="9.732412"><ele>916.8</ele></trkpt><trkpt lat="45.880973" lon="9.735008"><ele>929.9</ele></trkpt><trkpt lat="45.880901" lon="9.735404"><ele>930.1</ele></trkpt><trkpt lat="45.880804" lon="9.735706"><ele>930.3</ele></trkpt><trkpt lat="45.880451" lon="9.736149"><ele>934.9</ele></trkpt><trkpt lat="45.880385" lon="9.736318"><ele>936</ele></trkpt><trkpt lat="45.88037" lon="9.736515"><ele>937.4</ele></trkpt><trkpt lat="45.880383" lon="9.736617"><ele>938.1</ele></trkpt><trkpt lat="45.880471" lon="9.736929"><ele>941.9</ele></trkpt><trkpt lat="45.880535" lon="9.73723"><ele>942.1</ele></trkpt><trkpt lat="45.880604" lon="9.737451"><ele>943</ele></trkpt><trkpt lat="45.88095" lon="9.737837"><ele>945.2</ele></trkpt><trkpt lat="45.881395" lon="9.738218"><ele>955.9</ele></trkpt><trkpt lat="45.882388" lon="9.73865"><ele>986.6</ele></trkpt><trkpt lat="45.882717" lon="9.738925"><ele>1013</ele></trkpt><trkpt lat="45.883114" lon="9.739264"><ele>996.7</ele></trkpt><trkpt lat="45.883204" lon="9.739359"><ele>997.7</ele></trkpt><trkpt lat="45.883307" lon="9.739533"><ele>1000</ele></trkpt><trkpt lat="45.883431" lon="9.739879"><ele>1002</ele></trkpt><trkpt lat="45.883634" lon="9.740521"><ele>999</ele></trkpt><trkpt lat="45.883731" lon="9.740731"><ele>998</ele></trkpt><trkpt lat="45.883874" lon="9.740932"><ele>1005.2</ele></trkpt><trkpt lat="45.884272" lon="9.741342"><ele>1014</ele></trkpt><trkpt lat="45.88443" lon="9.741523"><ele>1012</ele></trkpt><trkpt lat="45.884501" lon="9.741677"><ele>1011.6</ele></trkpt><trkpt lat="45.884536" lon="9.74185"><ele>1011.7</ele></trkpt><trkpt lat="45.884535" lon="9.742029"><ele>1011</ele></trkpt><trkpt lat="45.884498" lon="9.742138"><ele>1012</ele></trkpt><trkpt lat="45.884293" lon="9.742513"><ele>1016</ele></trkpt><trkpt lat="45.884263" lon="9.74256"><ele>1016</ele></trkpt><trkpt lat="45.884111" lon="9.742869"><ele>1028.1</ele></trkpt><trkpt lat="45.884058" lon="9.743057"><ele>1028.6</ele></trkpt><trkpt lat="45.884036" lon="9.743261"><ele>1029.5</ele></trkpt><trkpt lat="45.88406" lon="9.743679"><ele>1029.6</ele></trkpt><trkpt lat="45.884224" lon="9.745105"><ele>1032</ele></trkpt><trkpt lat="45.884206" lon="9.745367"><ele>1035.4</ele></trkpt><trkpt lat="45.884079" lon="9.745852"><ele>1035.8</ele></trkpt><trkpt lat="45.884023" lon="9.745993"><ele>1035.5</ele></trkpt><trkpt lat="45.883955" lon="9.746086"><ele>1038</ele></trkpt><trkpt lat="45.883763" lon="9.746256"><ele>1038</ele></trkpt><trkpt lat="45.883533" lon="9.746491"><ele>1038.2</ele></trkpt><trkpt lat="45.883466" lon="9.746683"><ele>1038.2</ele></trkpt><trkpt lat="45.883387" lon="9.747144"><ele>1038.3</ele></trkpt><trkpt lat="45.883357" lon="9.747223"><ele>1039</ele></trkpt><trkpt lat="45.883126" lon="9.747694"><ele>1051.7</ele></trkpt><trkpt lat="45.88308" lon="9.747837"><ele>1053.8</ele></trkpt><trkpt lat="45.883" lon="9.748266"><ele>1056</ele></trkpt><trkpt lat="45.88286" lon="9.748736"><ele>1055.1</ele></trkpt><trkpt lat="45.882725" lon="9.748998"><ele>1055.9</ele></trkpt><trkpt lat="45.882539" lon="9.749274"><ele>1055.8</ele></trkpt><trkpt lat="45.882471" lon="9.749422"><ele>1057.1</ele></trkpt><trkpt lat="45.882455" lon="9.749572"><ele>1055.3</ele></trkpt><trkpt lat="45.882758" lon="9.750767"><ele>1043</ele></trkpt><trkpt lat="45.882813" lon="9.750849"><ele>1042.1</ele></trkpt><trkpt lat="45.882915" lon="9.750928"><ele>1044.8</ele></trkpt><trkpt lat="45.88376" lon="9.751343"><ele>1049.3</ele></trkpt><trkpt lat="45.883945" lon="9.751519"><ele>1050.5</ele></trkpt><trkpt lat="45.883978" lon="9.751664"><ele>1051.8</ele></trkpt><trkpt lat="45.883916" lon="9.751997"><ele>1054.4</ele></trkpt><trkpt lat="45.883797" lon="9.752372"><ele>1053.8</ele></trkpt><trkpt lat="45.883772" lon="9.752657"><ele>1054.1</ele></trkpt><trkpt lat="45.883821" lon="9.752918"><ele>1053.1</ele></trkpt><trkpt lat="45.884314" lon="9.753503"><ele>1050.3</ele></trkpt><trkpt lat="45.884586" lon="9.754416"><ele>1049.6</ele></trkpt><trkpt lat="45.885167" lon="9.754755"><ele>1049.2</ele></trkpt><trkpt lat="45.885461" lon="9.755047"><ele>1054.9</ele></trkpt><trkpt lat="45.88576" lon="9.755298"><ele>1055.2</ele></trkpt><trkpt lat="45.885827" lon="9.755404"><ele>1055.9</ele></trkpt><trkpt lat="45.885857" lon="9.755594"><ele>1056.3</ele></trkpt><trkpt lat="45.885812" lon="9.755934"><ele>1058.4</ele></trkpt><trkpt lat="45.885607" lon="9.756517"><ele>1058</ele></trkpt><trkpt lat="45.885598" lon="9.75662"><ele>1058.3</ele></trkpt><trkpt lat="45.885635" lon="9.756685"><ele>1057.9</ele></trkpt><trkpt lat="45.885697" lon="9.756708"><ele>1056.7</ele></trkpt><trkpt lat="45.885829" lon="9.756693"><ele>1055.5</ele></trkpt><trkpt lat="45.886295" lon="9.75649"><ele>1041</ele></trkpt><trkpt lat="45.886368" lon="9.75646"><ele>1041</ele></trkpt><trkpt lat="45.887066" lon="9.756175"><ele>1032.2</ele></trkpt><trkpt lat="45.887267" lon="9.756121"><ele>1032.5</ele></trkpt><trkpt lat="45.887336" lon="9.756143"><ele>1032.6</ele></trkpt><trkpt lat="45.887377" lon="9.756183"><ele>1032.8</ele></trkpt><trkpt lat="45.887425" lon="9.756259"><ele>1032.9</ele></trkpt><trkpt lat="45.887451" lon="9.756407"><ele>1031</ele></trkpt><trkpt lat="45.887432" lon="9.756789"><ele>1040.2</ele></trkpt><trkpt lat="45.887447" lon="9.757016"><ele>1039.4</ele></trkpt><trkpt lat="45.887532" lon="9.757625"><ele>1038.5</ele></trkpt><trkpt lat="45.887695" lon="9.757871"><ele>1041</ele></trkpt><trkpt lat="45.888008" lon="9.758068"><ele>1037</ele></trkpt><trkpt lat="45.888363" lon="9.758246"><ele>1026.7</ele></trkpt><trkpt lat="45.888885" lon="9.758929"><ele>1032</ele></trkpt><trkpt lat="45.88904" lon="9.759052"><ele>1032.3</ele></trkpt><trkpt lat="45.889102" lon="9.759075"><ele>1032.5</ele></trkpt><trkpt lat="45.889169" lon="9.759066"><ele>1032</ele></trkpt><trkpt lat="45.889472" lon="9.758964"><ele>1033.5</ele></trkpt><trkpt lat="45.889534" lon="9.758977"><ele>1034.2</ele></trkpt><trkpt lat="45.889592" lon="9.759017"><ele>1035.5</ele></trkpt><trkpt lat="45.88969" lon="9.75914"><ele>1037.7</ele></trkpt><trkpt lat="45.889721" lon="9.759238"><ele>1039</ele></trkpt><trkpt lat="45.889715" lon="9.75939"><ele>1039</ele></trkpt><trkpt lat="45.889578" lon="9.759694"><ele>1039</ele></trkpt><trkpt lat="45.88952" lon="9.759877"><ele>1039</ele></trkpt><trkpt lat="45.889458" lon="9.760365"><ele>1039.1</ele></trkpt><trkpt lat="45.889468" lon="9.760559"><ele>1038.8</ele></trkpt><trkpt lat="45.889535" lon="9.760731"><ele>1038.5</ele></trkpt><trkpt lat="45.889598" lon="9.760819"><ele>1038.4</ele></trkpt><trkpt lat="45.890341" lon="9.761684"><ele>1040.8</ele></trkpt><trkpt lat="45.890697" lon="9.762501"><ele>1043.6</ele></trkpt><trkpt lat="45.890889" lon="9.763166"><ele>1038.7</ele></trkpt><trkpt lat="45.89115" lon="9.76371"><ele>1040.9</ele></trkpt><trkpt lat="45.891236" lon="9.764253"><ele>1039.1</ele></trkpt><trkpt lat="45.891324" lon="9.765476"><ele>1031.8</ele></trkpt><trkpt lat="45.891323" lon="9.765721"><ele>1030.1</ele></trkpt><trkpt lat="45.891275" lon="9.765946"><ele>1028</ele></trkpt><trkpt lat="45.890994" lon="9.766454"><ele>1027.1</ele></trkpt><trkpt lat="45.890974" lon="9.766563"><ele>1027.6</ele></trkpt><trkpt lat="45.890989" lon="9.766663"><ele>1025</ele></trkpt><trkpt lat="45.891035" lon="9.766769"><ele>1019.1</ele></trkpt><trkpt lat="45.89137" lon="9.766954"><ele>1019.5</ele></trkpt><trkpt lat="45.891573" lon="9.767101"><ele>1018</ele></trkpt><trkpt lat="45.891616" lon="9.767219"><ele>1018</ele></trkpt><trkpt lat="45.891608" lon="9.767322"><ele>1018</ele></trkpt><trkpt lat="45.891576" lon="9.767389"><ele>1018</ele></trkpt><trkpt lat="45.891167" lon="9.767652"><ele>1023.2</ele></trkpt><trkpt lat="45.891098" lon="9.767725"><ele>1025</ele></trkpt><trkpt lat="45.891011" lon="9.767878"><ele>1032.2</ele></trkpt><trkpt lat="45.890993" lon="9.768014"><ele>1032.7</ele></trkpt><trkpt lat="45.89102" lon="9.768125"><ele>1033.8</ele></trkpt><trkpt lat="45.891045" lon="9.768172"><ele>1034.3</ele></trkpt><trkpt lat="45.891209" lon="9.768396"><ele>1034.4</ele></trkpt><trkpt lat="45.891222" lon="9.768531"><ele>1034</ele></trkpt><trkpt lat="45.891153" lon="9.76879"><ele>1035.1</ele></trkpt><trkpt lat="45.891098" lon="9.768876"><ele>1035.5</ele></trkpt><trkpt lat="45.891003" lon="9.768935"><ele>1035.8</ele></trkpt><trkpt lat="45.890621" lon="9.769027"><ele>1036.1</ele></trkpt><trkpt lat="45.890543" lon="9.769102"><ele>1035.5</ele></trkpt><trkpt lat="45.890494" lon="9.769236"><ele>1034.7</ele></trkpt><trkpt lat="45.890508" lon="9.769388"><ele>1034.4</ele></trkpt><trkpt lat="45.890576" lon="9.769569"><ele>1034.4</ele></trkpt><trkpt lat="45.890741" lon="9.76994"><ele>1034.5</ele></trkpt><trkpt lat="45.890807" lon="9.770032"><ele>1034.2</ele></trkpt><trkpt lat="45.890846" lon="9.770127"><ele>1033.9</ele></trkpt><trkpt lat="45.89084" lon="9.770339"><ele>1035.2</ele></trkpt><trkpt lat="45.890786" lon="9.770461"><ele>1035.6</ele></trkpt><trkpt lat="45.89073" lon="9.770503"><ele>1035.5</ele></trkpt><trkpt lat="45.890303" lon="9.770712"><ele>1040</ele></trkpt><trkpt lat="45.890068" lon="9.770844"><ele>1043.7</ele></trkpt><trkpt lat="45.890025" lon="9.770887"><ele>1045.4</ele></trkpt><trkpt lat="45.889989" lon="9.770958"><ele>1047.5</ele></trkpt><trkpt lat="45.889959" lon="9.771076"><ele>1052</ele></trkpt><trkpt lat="45.889715" lon="9.772323"><ele>1042.5</ele></trkpt><trkpt lat="45.889704" lon="9.772622"><ele>1042.3</ele></trkpt><trkpt lat="45.889781" lon="9.773002"><ele>1041.2</ele></trkpt><trkpt lat="45.889849" lon="9.773147"><ele>1039.7</ele></trkpt><trkpt lat="45.890292" lon="9.773602"><ele>1039.1</ele></trkpt><trkpt lat="45.890329" lon="9.773695"><ele>1031</ele></trkpt><trkpt lat="45.890324" lon="9.77375"><ele>1042</ele></trkpt><trkpt lat="45.890292" lon="9.773805"><ele>1043.4</ele></trkpt><trkpt lat="45.890216" lon="9.773853"><ele>1044.9</ele></trkpt><trkpt lat="45.889932" lon="9.773927"><ele>1046.7</ele></trkpt><trkpt lat="45.889824" lon="9.773991"><ele>1045.9</ele></trkpt><trkpt lat="45.889735" lon="9.774106"><ele>1053</ele></trkpt><trkpt lat="45.889664" lon="9.774286"><ele>1044.2</ele></trkpt><trkpt lat="45.889617" lon="9.774659"><ele>1044.1</ele></trkpt><trkpt lat="45.889629" lon="9.774801"><ele>1043.9</ele></trkpt><trkpt lat="45.889669" lon="9.774952"><ele>1043.8</ele></trkpt><trkpt lat="45.88973" lon="9.775061"><ele>1043.7</ele></trkpt><trkpt lat="45.889978" lon="9.775358"><ele>1043.9</ele></trkpt><trkpt lat="45.890054" lon="9.775531"><ele>1044.5</ele></trkpt><trkpt lat="45.890148" lon="9.77586"><ele>1045.4</ele></trkpt><trkpt lat="45.890238" lon="9.775999"><ele>1045</ele></trkpt><trkpt lat="45.890562" lon="9.776302"><ele>1045.3</ele></trkpt><trkpt lat="45.890627" lon="9.776456"><ele>1045.4</ele></trkpt><trkpt lat="45.890846" lon="9.777221"><ele>1043.3</ele></trkpt><trkpt lat="45.890847" lon="9.777552"><ele>1044.9</ele></trkpt><trkpt lat="45.890856" lon="9.777625"><ele>1044.8</ele></trkpt><trkpt lat="45.890893" lon="9.777695"><ele>1045</ele></trkpt><trkpt lat="45.890961" lon="9.777763"><ele>1042.3</ele></trkpt><trkpt lat="45.891493" lon="9.778066"><ele>1045</ele></trkpt><trkpt lat="45.891657" lon="9.77824"><ele>1045</ele></trkpt><trkpt lat="45.891988" lon="9.778777"><ele>1045.3</ele></trkpt><trkpt lat="45.892017" lon="9.778918"><ele>1046.2</ele></trkpt><trkpt lat="45.891967" lon="9.779074"><ele>1047.6</ele></trkpt><trkpt lat="45.891596" lon="9.779435"><ele>1051.4</ele></trkpt><trkpt lat="45.891491" lon="9.779479"><ele>1052.3</ele></trkpt><trkpt lat="45.891076" lon="9.779566"><ele>1052.7</ele></trkpt><trkpt lat="45.890679" lon="9.779736"><ele>1063.9</ele></trkpt><trkpt lat="45.890533" lon="9.779742"><ele>1064.5</ele></trkpt><trkpt lat="45.890033" lon="9.77963"><ele>1075.4</ele></trkpt><trkpt lat="45.889178" lon="9.779562"><ele>1083.5</ele></trkpt><trkpt lat="45.888793" lon="9.779654"><ele>1083.1</ele></trkpt><trkpt lat="45.888518" lon="9.779839"><ele>1082.5</ele></trkpt><trkpt lat="45.888462" lon="9.779902"><ele>1081.6</ele></trkpt><trkpt lat="45.888429" lon="9.780045"><ele>1078.6</ele></trkpt><trkpt lat="45.888448" lon="9.780137"><ele>1078.6</ele></trkpt><trkpt lat="45.888486" lon="9.7802"><ele>1079</ele></trkpt><trkpt lat="45.888843" lon="9.780407"><ele>1079.5</ele></trkpt><trkpt lat="45.888926" lon="9.78052"><ele>1081.7</ele></trkpt><trkpt lat="45.889153" lon="9.781277"><ele>1084.3</ele></trkpt><trkpt lat="45.889176" lon="9.781417"><ele>1084.2</ele></trkpt><trkpt lat="45.889173" lon="9.781552"><ele>1085.5</ele></trkpt><trkpt lat="45.889138" lon="9.781693"><ele>1087.6</ele></trkpt><trkpt lat="45.888933" lon="9.782236"><ele>1090.1</ele></trkpt><trkpt lat="45.88886" lon="9.782332"><ele>1090.8</ele></trkpt><trkpt lat="45.888783" lon="9.782368"><ele>1091.5</ele></trkpt><trkpt lat="45.888695" lon="9.782362"><ele>1091.8</ele></trkpt><trkpt lat="45.888431" lon="9.782183"><ele>1091.3</ele></trkpt><trkpt lat="45.888375" lon="9.782185"><ele>1092</ele></trkpt><trkpt lat="45.888321" lon="9.782228"><ele>1093.4</ele></trkpt><trkpt lat="45.888282" lon="9.782316"><ele>1092.9</ele></trkpt><trkpt lat="45.888255" lon="9.782451"><ele>1092.2</ele></trkpt><trkpt lat="45.888218" lon="9.783213"><ele>1092.6</ele></trkpt><trkpt lat="45.888186" lon="9.783318"><ele>1092.5</ele></trkpt><trkpt lat="45.888132" lon="9.783391"><ele>1091.8</ele></trkpt><trkpt lat="45.888035" lon="9.783431"><ele>1092.4</ele></trkpt><trkpt lat="45.887034" lon="9.783522"><ele>1097.9</ele></trkpt><trkpt lat="45.886929" lon="9.78355"><ele>1099.2</ele></trkpt><trkpt lat="45.886893" lon="9.78359"><ele>1099.8</ele></trkpt><trkpt lat="45.886869" lon="9.783666"><ele>1099</ele></trkpt><trkpt lat="45.886876" lon="9.783764"><ele>1099</ele></trkpt><trkpt lat="45.887077" lon="9.784132"><ele>1092.2</ele></trkpt><trkpt lat="45.88712" lon="9.784318"><ele>1092.1</ele></trkpt><trkpt lat="45.88711" lon="9.784421"><ele>1092.2</ele></trkpt><trkpt lat="45.887059" lon="9.784552"><ele>1092.3</ele></trkpt><trkpt lat="45.886691" lon="9.785005"><ele>1092.7</ele></trkpt><trkpt lat="45.88662" lon="9.785163"><ele>1091.8</ele></trkpt><trkpt lat="45.886614" lon="9.785261"><ele>1090.5</ele></trkpt><trkpt lat="45.886642" lon="9.785376"><ele>1088.9</ele></trkpt><trkpt lat="45.886729" lon="9.785568"><ele>1086.5</ele></trkpt><trkpt lat="45.886847" lon="9.785912"><ele>1085.6</ele></trkpt><trkpt lat="45.886918" lon="9.785986"><ele>1085.9</ele></trkpt><trkpt lat="45.886988" lon="9.786005"><ele>1086.2</ele></trkpt><trkpt lat="45.887057" lon="9.785974"><ele>1085.3</ele></trkpt><trkpt lat="45.887146" lon="9.785888"><ele>1083.8</ele></trkpt><trkpt lat="45.887316" lon="9.785672"><ele>1084</ele></trkpt><trkpt lat="45.887434" lon="9.785603"><ele>1084</ele></trkpt><trkpt lat="45.887783" lon="9.785581"><ele>1082.4</ele></trkpt><trkpt lat="45.88831" lon="9.785489"><ele>1070.7</ele></trkpt><trkpt lat="45.888971" lon="9.785673"><ele>1073.8</ele></trkpt><trkpt lat="45.889366" lon="9.785838"><ele>1075.6</ele></trkpt><trkpt lat="45.889417" lon="9.785879"><ele>1075.9</ele></trkpt><trkpt lat="45.889455" lon="9.785945"><ele>1074.7</ele></trkpt><trkpt lat="45.88948" lon="9.786023"><ele>1073.5</ele></trkpt><trkpt lat="45.889484" lon="9.786129"><ele>1072.4</ele></trkpt><trkpt lat="45.889364" lon="9.786912"><ele>1077.6</ele></trkpt><trkpt lat="45.889312" lon="9.787121"><ele>1077.5</ele></trkpt><trkpt lat="45.889311" lon="9.787225"><ele>1077</ele></trkpt><trkpt lat="45.889346" lon="9.787341"><ele>1076.5</ele></trkpt><trkpt lat="45.889421" lon="9.787426"><ele>1076.1</ele></trkpt><trkpt lat="45.889504" lon="9.78747"><ele>1073.8</ele></trkpt><trkpt lat="45.889638" lon="9.787469"><ele>1070</ele></trkpt><trkpt lat="45.889794" lon="9.787415"><ele>1067.9</ele></trkpt><trkpt lat="45.890533" lon="9.786784"><ele>1062.5</ele></trkpt><trkpt lat="45.890735" lon="9.786562"><ele>1055</ele></trkpt><trkpt lat="45.89079" lon="9.786539"><ele>1056.8</ele></trkpt><trkpt lat="45.891254" lon="9.786587"><ele>1062.2</ele></trkpt><trkpt lat="45.891614" lon="9.786571"><ele>1063.3</ele></trkpt><trkpt lat="45.891701" lon="9.7866"><ele>1064.4</ele></trkpt><trkpt lat="45.891763" lon="9.786644"><ele>1065.6</ele></trkpt><trkpt lat="45.891996" lon="9.787091"><ele>1066.3</ele></trkpt><trkpt lat="45.892096" lon="9.787143"><ele>1067.3</ele></trkpt><trkpt lat="45.892456" lon="9.786983"><ele>1066.6</ele></trkpt><trkpt lat="45.892588" lon="9.786947"><ele>1067</ele></trkpt><trkpt lat="45.892651" lon="9.786978"><ele>1080.4</ele></trkpt><trkpt lat="45.89271" lon="9.787043"><ele>1081.3</ele></trkpt><trkpt lat="45.892738" lon="9.787139"><ele>1082.2</ele></trkpt><trkpt lat="45.892751" lon="9.787267"><ele>1083.3</ele></trkpt><trkpt lat="45.892732" lon="9.78743"><ele>1084.3</ele></trkpt><trkpt lat="45.892553" lon="9.787995"><ele>1085.4</ele></trkpt><trkpt lat="45.892547" lon="9.788353"><ele>1085.3</ele></trkpt><trkpt lat="45.892472" lon="9.788548"><ele>1110</ele></trkpt><trkpt lat="45.892129" lon="9.789177"><ele>1120.4</ele></trkpt><trkpt lat="45.891935" lon="9.789397"><ele>1121.3</ele></trkpt><trkpt lat="45.89171" lon="9.789612"><ele>1122.3</ele></trkpt><trkpt lat="45.891635" lon="9.789719"><ele>1144</ele></trkpt><trkpt lat="45.891601" lon="9.789893"><ele>1125.6</ele></trkpt><trkpt lat="45.891618" lon="9.789946"><ele>1124.2</ele></trkpt><trkpt lat="45.891659" lon="9.789997"><ele>1122.8</ele></trkpt><trkpt lat="45.891738" lon="9.790029"><ele>1121.3</ele></trkpt><trkpt lat="45.892104" lon="9.790103"><ele>1122.4</ele></trkpt><trkpt lat="45.892146" lon="9.790149"><ele>1121.5</ele></trkpt><trkpt lat="45.892167" lon="9.790205"><ele>1123.5</ele></trkpt><trkpt lat="45.892178" lon="9.790269"><ele>1124.2</ele></trkpt><trkpt lat="45.892166" lon="9.79035"><ele>1124.9</ele></trkpt><trkpt lat="45.892088" lon="9.790463"><ele>1125.7</ele></trkpt><trkpt lat="45.891168" lon="9.791494"><ele>1134.9</ele></trkpt><trkpt lat="45.889878" lon="9.792665"><ele>1166.9</ele></trkpt><trkpt lat="45.889765" lon="9.792829"><ele>1166.2</ele></trkpt><trkpt lat="45.889637" lon="9.793129"><ele>1166.3</ele></trkpt><trkpt lat="45.889582" lon="9.793193"><ele>1165.9</ele></trkpt><trkpt lat="45.88939" lon="9.793341"><ele>1164.6</ele></trkpt><trkpt lat="45.889344" lon="9.793425"><ele>1164.8</ele></trkpt><trkpt lat="45.88933" lon="9.793505"><ele>1164.6</ele></trkpt><trkpt lat="45.889337" lon="9.793611"><ele>1164.5</ele></trkpt><trkpt lat="45.889389" lon="9.793768"><ele>1165</ele></trkpt><trkpt lat="45.889457" lon="9.79385"><ele>1164.9</ele></trkpt><trkpt lat="45.889524" lon="9.793873"><ele>1164.8</ele></trkpt><trkpt lat="45.889629" lon="9.793851"><ele>1165.3</ele></trkpt><trkpt lat="45.889934" lon="9.793646"><ele>1165.2</ele></trkpt><trkpt lat="45.890096" lon="9.7936"><ele>1165.1</ele></trkpt><trkpt lat="45.890199" lon="9.793598"><ele>1165.4</ele></trkpt><trkpt lat="45.890293" lon="9.793626"><ele>1165.8</ele></trkpt><trkpt lat="45.890358" lon="9.793701"><ele>1166.2</ele></trkpt><trkpt lat="45.890419" lon="9.793796"><ele>1167.3</ele></trkpt><trkpt lat="45.890456" lon="9.793983"><ele>1169.2</ele></trkpt><trkpt lat="45.89045" lon="9.794141"><ele>1172.5</ele></trkpt><trkpt lat="45.890274" lon="9.794683"><ele>1174.2</ele></trkpt><trkpt lat="45.890262" lon="9.794831"><ele>1175.3</ele></trkpt><trkpt lat="45.890318" lon="9.795455"><ele>1177.6</ele></trkpt><trkpt lat="45.890352" lon="9.795673"><ele>1181</ele></trkpt><trkpt lat="45.890396" lon="9.795843"><ele>1181.6</ele></trkpt><trkpt lat="45.890433" lon="9.795901"><ele>1181.1</ele></trkpt><trkpt lat="45.890475" lon="9.795921"><ele>1181.2</ele></trkpt><trkpt lat="45.890753" lon="9.79584"><ele>1178.7</ele></trkpt><trkpt lat="45.890813" lon="9.79584"><ele>1178</ele></trkpt><trkpt lat="45.891007" lon="9.795913"><ele>1178.1</ele></trkpt><trkpt lat="45.891077" lon="9.795906"><ele>1179</ele></trkpt><trkpt lat="45.891163" lon="9.795845"><ele>1171.5</ele></trkpt><trkpt lat="45.891288" lon="9.7956"><ele>1164</ele></trkpt><trkpt lat="45.891394" lon="9.795219"><ele>1159.5</ele></trkpt><trkpt lat="45.891444" lon="9.795101"><ele>1159.2</ele></trkpt><trkpt lat="45.891563" lon="9.79493"><ele>1158.4</ele></trkpt><trkpt lat="45.891638" lon="9.794856"><ele>1159.5</ele></trkpt><trkpt lat="45.891813" lon="9.794732"><ele>1160.7</ele></trkpt><trkpt lat="45.89214" lon="9.794573"><ele>1161</ele></trkpt><trkpt lat="45.892354" lon="9.794562"><ele>1161.5</ele></trkpt><trkpt lat="45.892515" lon="9.794582"><ele>1176</ele></trkpt><trkpt lat="45.892904" lon="9.79462"><ele>1187</ele></trkpt><trkpt lat="45.893123" lon="9.79469"><ele>1187.6</ele></trkpt><trkpt lat="45.893491" lon="9.794857"><ele>1189.8</ele></trkpt><trkpt lat="45.893533" lon="9.79493"><ele>1190.7</ele></trkpt><trkpt lat="45.893538" lon="9.795011"><ele>1191.7</ele></trkpt><trkpt lat="45.893519" lon="9.795087"><ele>1191.5</ele></trkpt><trkpt lat="45.893483" lon="9.795135"><ele>1191.3</ele></trkpt><trkpt lat="45.893426" lon="9.795166"><ele>1191.1</ele></trkpt><trkpt lat="45.893124" lon="9.795137"><ele>1190.3</ele></trkpt><trkpt lat="45.892996" lon="9.79517"><ele>1196</ele></trkpt><trkpt lat="45.892805" lon="9.795261"><ele>1196</ele></trkpt><trkpt lat="45.89273" lon="9.79529"><ele>1196</ele></trkpt><trkpt lat="45.892318" lon="9.795556"><ele>1196.6</ele></trkpt><trkpt lat="45.892092" lon="9.79573"><ele>1198.1</ele></trkpt><trkpt lat="45.891955" lon="9.795998"><ele>1199.7</ele></trkpt><trkpt lat="45.891891" lon="9.796284"><ele>1199.8</ele></trkpt><trkpt lat="45.891851" lon="9.796618"><ele>1199.9</ele></trkpt><trkpt lat="45.891763" lon="9.796888"><ele>1200.6</ele></trkpt><trkpt lat="45.891591" lon="9.79706"><ele>1201.5</ele></trkpt><trkpt lat="45.890571" lon="9.79791"><ele>1220.7</ele></trkpt><trkpt lat="45.89026" lon="9.798117"><ele>1225.3</ele></trkpt><trkpt lat="45.890137" lon="9.798105"><ele>1228</ele></trkpt><trkpt lat="45.88967" lon="9.79786"><ele>1229.7</ele></trkpt><trkpt lat="45.889565" lon="9.797742"><ele>1231.2</ele></trkpt><trkpt lat="45.889134" lon="9.796843"><ele>1235.5</ele></trkpt><trkpt lat="45.889024" lon="9.796716"><ele>1237.6</ele></trkpt><trkpt lat="45.888913" lon="9.796671"><ele>1239.9</ele></trkpt><trkpt lat="45.888811" lon="9.796662"><ele>1242.1</ele></trkpt><trkpt lat="45.88866" lon="9.796763"><ele>1245</ele></trkpt><trkpt lat="45.888415" lon="9.797133"><ele>1248.6</ele></trkpt><trkpt lat="45.888313" lon="9.797236"><ele>1249.3</ele></trkpt><trkpt lat="45.888221" lon="9.797234"><ele>1250.1</ele></trkpt><trkpt lat="45.888034" lon="9.797127"><ele>1250.1</ele></trkpt><trkpt lat="45.887673" lon="9.79705"><ele>1251.6</ele></trkpt><trkpt lat="45.887616" lon="9.797019"><ele>1251.6</ele></trkpt><trkpt lat="45.887541" lon="9.796773"><ele>1252.3</ele></trkpt><trkpt lat="45.887494" lon="9.796466"><ele>1252.4</ele></trkpt><trkpt lat="45.887443" lon="9.796283"><ele>1252.7</ele></trkpt><trkpt lat="45.887401" lon="9.796195"><ele>1252.5</ele></trkpt><trkpt lat="45.887359" lon="9.796173"><ele>1252.7</ele></trkpt><trkpt lat="45.887305" lon="9.79621"><ele>1252.4</ele></trkpt><trkpt lat="45.887282" lon="9.796306"><ele>1252.1</ele></trkpt><trkpt lat="45.88726" lon="9.796641"><ele>1257</ele></trkpt><trkpt lat="45.887217" lon="9.797343"><ele>1263.8</ele></trkpt><trkpt lat="45.887154" lon="9.797625"><ele>1263.8</ele></trkpt><trkpt lat="45.887097" lon="9.797743"><ele>1264</ele></trkpt></trkseg></trk></gpx>